gene,output-XETG00045__0059976__cre_24h__20250725__091031_0,output-XETG00045__0059976__cre_24h__20250725__091031_1,output-XETG00045__0059976__cre_24h__20250725__091031_2,output-XETG00045__0059976__cre_72h__20250725__091031_0,output-XETG00045__0059976__cre_72h__20250725__091031_1,output-XETG00045__0059976__cre_72h__20250725__091031_2,output-XETG00045__0059976__litt_24h__20250725__091031_0,output-XETG00045__0059976__litt_24h__20250725__091031_1,output-XETG00045__0059976__litt_24h__20250725__091031_2,output-XETG00045__0059976__litt_72h__20250725__091031_0,output-XETG00045__0059976__litt_72h__20250725__091031_1,output-XETG00045__0059976__litt_72h__20250725__091031_2,output-XETG00045__0059976__wt_24h__20250725__091031_0,output-XETG00045__0059976__wt_24h__20250725__091031_1,output-XETG00045__0059976__wt_72h__20250725__091031_0,output-XETG00045__0059976__wt_72h__20250725__091031_1,output-XETG00045__0059976__wt_72h__20250725__091031_2
A1cf,6.0,2.0,10.0,1.0,1.0,5.0,1.0,1.0,2.0,0.0,2.0,4.0,4.0,2.0,3.0,1.0,0.0
A2m,10.0,4.0,18.0,6.0,5.0,5.0,18.0,2.0,1.0,1.0,12.0,17.0,8.0,5.0,8.0,7.0,4.0
Aatf,139.0,148.0,127.0,525.0,314.0,255.0,231.0,278.0,274.0,17.0,204.0,542.0,365.0,290.0,360.0,454.0,375.0
Abca1,226.0,220.0,456.0,1421.0,1303.0,1003.0,647.0,591.0,612.0,191.0,1237.0,2113.0,541.0,527.0,2331.0,1674.0,1138.0
Abca13,3.0,1.0,4.0,0.0,0.0,1.0,6.0,2.0,1.0,2.0,1.0,1.0,2.0,0.0,0.0,0.0,0.0
Abca3,18.0,21.0,22.0,84.0,50.0,46.0,22.0,28.0,53.0,6.0,40.0,115.0,18.0,39.0,64.0,70.0,71.0
Abca4,2.0,1.0,6.0,13.0,1.0,12.0,4.0,5.0,6.0,1.0,9.0,14.0,7.0,3.0,9.0,12.0,11.0
Abca7,23.0,14.0,37.0,143.0,43.0,37.0,38.0,85.0,73.0,10.0,38.0,124.0,40.0,42.0,67.0,87.0,92.0
Abca8a,6.0,4.0,8.0,14.0,57.0,18.0,7.0,3.0,41.0,0.0,24.0,171.0,5.0,26.0,46.0,14.0,25.0
Abca8b,7.0,4.0,4.0,7.0,8.0,8.0,2.0,5.0,6.0,0.0,9.0,44.0,2.0,7.0,10.0,4.0,10.0
Abcb1a,10.0,3.0,12.0,16.0,16.0,6.0,12.0,7.0,8.0,0.0,6.0,35.0,4.0,5.0,12.0,14.0,22.0
Abcb1b,6.0,12.0,19.0,43.0,17.0,9.0,18.0,30.0,23.0,3.0,9.0,38.0,13.0,20.0,29.0,39.0,39.0
Abcb4,10.0,0.0,8.0,7.0,5.0,0.0,5.0,11.0,3.0,0.0,2.0,26.0,5.0,17.0,3.0,10.0,21.0
Abcb8,8.0,12.0,7.0,62.0,26.0,41.0,16.0,26.0,17.0,0.0,15.0,66.0,35.0,32.0,40.0,25.0,40.0
Abcc1,118.0,110.0,106.0,243.0,213.0,159.0,190.0,154.0,170.0,29.0,110.0,343.0,244.0,177.0,216.0,256.0,244.0
Abcc6,1.0,0.0,4.0,3.0,2.0,4.0,4.0,4.0,1.0,0.0,4.0,5.0,6.0,1.0,4.0,0.0,2.0
Abcc8,2.0,3.0,4.0,0.0,1.0,3.0,2.0,1.0,11.0,0.0,0.0,17.0,1.0,2.0,8.0,13.0,2.0
Abcc9,20.0,5.0,13.0,35.0,65.0,19.0,19.0,42.0,26.0,3.0,30.0,182.0,15.0,75.0,80.0,69.0,77.0
Abcd2,14.0,4.0,33.0,48.0,186.0,107.0,49.0,27.0,74.0,1.0,101.0,123.0,64.0,17.0,140.0,62.0,53.0
Abcd3,247.0,209.0,124.0,898.0,552.0,693.0,309.0,432.0,529.0,9.0,279.0,989.0,541.0,533.0,816.0,860.0,798.0
Abcf1,99.0,152.0,106.0,497.0,277.0,299.0,239.0,247.0,287.0,17.0,210.0,525.0,318.0,240.0,326.0,366.0,349.0
Abcg2,11.0,12.0,15.0,49.0,65.0,18.0,27.0,35.0,40.0,0.0,18.0,104.0,34.0,37.0,51.0,56.0,63.0
Abcg8,1.0,0.0,3.0,0.0,0.0,0.0,2.0,0.0,2.0,0.0,0.0,2.0,0.0,0.0,0.0,0.0,0.0
Abhd17c,21.0,9.0,17.0,71.0,49.0,62.0,49.0,47.0,39.0,2.0,35.0,106.0,64.0,28.0,76.0,49.0,50.0
Abhd4,58.0,74.0,30.0,215.0,170.0,218.0,82.0,91.0,148.0,8.0,161.0,371.0,131.0,100.0,324.0,269.0,215.0
Abhd5,32.0,29.0,37.0,115.0,83.0,63.0,75.0,64.0,62.0,6.0,26.0,160.0,86.0,62.0,91.0,90.0,79.0
Abi1,397.0,402.0,477.0,1109.0,883.0,642.0,828.0,575.0,736.0,66.0,587.0,1473.0,939.0,679.0,1170.0,1054.0,884.0
Abi3bp,20.0,20.0,41.0,88.0,56.0,17.0,82.0,136.0,54.0,0.0,28.0,87.0,93.0,123.0,51.0,123.0,68.0
Abitram,4.0,7.0,11.0,36.0,15.0,21.0,19.0,17.0,17.0,2.0,25.0,34.0,23.0,6.0,23.0,31.0,22.0
Abl1,14.0,16.0,27.0,121.0,55.0,65.0,27.0,64.0,35.0,2.0,52.0,106.0,44.0,57.0,76.0,105.0,103.0
Abracl,8.0,7.0,5.0,29.0,13.0,12.0,5.0,9.0,6.0,1.0,2.0,14.0,10.0,20.0,14.0,24.0,14.0
Abraxas1,26.0,20.0,19.0,84.0,52.0,45.0,32.0,40.0,43.0,1.0,28.0,73.0,52.0,42.0,42.0,63.0,63.0
Abraxas2,32.0,22.0,34.0,107.0,60.0,70.0,58.0,58.0,64.0,4.0,66.0,146.0,60.0,62.0,102.0,102.0,81.0
Acaa2,33.0,42.0,29.0,171.0,113.0,110.0,56.0,87.0,75.0,2.0,66.0,183.0,77.0,64.0,111.0,118.0,90.0
Acaca,7.0,14.0,22.0,149.0,52.0,82.0,37.0,74.0,60.0,2.0,30.0,118.0,67.0,63.0,73.0,86.0,79.0
Acacb,10.0,53.0,9.0,54.0,34.0,110.0,22.0,35.0,65.0,0.0,11.0,155.0,80.0,92.0,67.0,108.0,88.0
Acan,1.0,0.0,1.0,23.0,2.0,29.0,7.0,19.0,2.0,0.0,27.0,8.0,0.0,1.0,4.0,3.0,5.0
Ace,7.0,15.0,15.0,85.0,146.0,98.0,29.0,89.0,98.0,1.0,138.0,365.0,32.0,67.0,176.0,113.0,110.0
Ace2,12.0,20.0,6.0,85.0,66.0,77.0,15.0,14.0,41.0,0.0,23.0,79.0,26.0,19.0,93.0,65.0,87.0
Acer1,37.0,86.0,21.0,205.0,146.0,218.0,82.0,41.0,207.0,1.0,50.0,241.0,179.0,89.0,239.0,188.0,201.0
Ache,21.0,5.0,4.0,26.0,13.0,21.0,7.0,15.0,25.0,0.0,10.0,62.0,1.0,42.0,33.0,15.0,24.0
Ackr1,8.0,16.0,8.0,11.0,23.0,16.0,21.0,12.0,18.0,3.0,25.0,38.0,24.0,12.0,25.0,18.0,18.0
Ackr2,3.0,1.0,5.0,0.0,1.0,0.0,11.0,2.0,1.0,0.0,1.0,2.0,1.0,1.0,3.0,5.0,0.0
Ackr3,79.0,53.0,77.0,156.0,99.0,59.0,117.0,123.0,97.0,6.0,76.0,270.0,154.0,190.0,84.0,431.0,169.0
Ackr4,10.0,60.0,22.0,49.0,60.0,135.0,44.0,27.0,134.0,1.0,29.0,105.0,76.0,66.0,58.0,63.0,50.0
Acly,508.0,738.0,407.0,1547.0,1100.0,1455.0,841.0,731.0,1257.0,32.0,638.0,2001.0,1227.0,1056.0,1909.0,1540.0,1519.0
Acod1,62.0,43.0,614.0,64.0,27.0,3.0,395.0,677.0,91.0,64.0,13.0,28.0,156.0,6.0,72.0,161.0,64.0
Acot6,7.0,7.0,14.0,12.0,7.0,22.0,27.0,16.0,18.0,2.0,6.0,44.0,18.0,18.0,6.0,29.0,25.0
Acox1,231.0,236.0,158.0,574.0,621.0,520.0,256.0,268.0,429.0,16.0,292.0,1009.0,449.0,455.0,728.0,655.0,639.0
Acp2,49.0,64.0,63.0,193.0,168.0,123.0,128.0,125.0,151.0,11.0,153.0,259.0,149.0,113.0,284.0,185.0,184.0
Acp5,5.0,2.0,5.0,77.0,30.0,27.0,11.0,13.0,21.0,1.0,5.0,48.0,16.0,8.0,39.0,26.0,43.0
Acr,1.0,4.0,5.0,2.0,6.0,2.0,6.0,3.0,4.0,0.0,4.0,8.0,5.0,1.0,14.0,2.0,2.0
Acsl1,198.0,139.0,91.0,444.0,780.0,502.0,149.0,180.0,456.0,5.0,252.0,756.0,290.0,270.0,742.0,480.0,474.0
Acsl4,40.0,44.0,60.0,130.0,41.0,53.0,83.0,123.0,71.0,6.0,42.0,139.0,106.0,92.0,94.0,141.0,111.0
Acsl6,7.0,0.0,4.0,9.0,5.0,0.0,4.0,11.0,1.0,0.0,7.0,57.0,3.0,13.0,12.0,27.0,31.0
Acss1,4.0,7.0,6.0,42.0,35.0,32.0,11.0,25.0,28.0,1.0,44.0,81.0,12.0,17.0,43.0,21.0,26.0
Acss2,50.0,80.0,23.0,102.0,99.0,167.0,48.0,32.0,133.0,6.0,53.0,134.0,70.0,89.0,155.0,101.0,119.0
Actc1,26.0,0.0,8.0,85.0,15.0,0.0,4.0,1.0,1.0,0.0,5.0,74.0,0.0,7.0,261.0,20.0,118.0
Actg2,1.0,8.0,6.0,22.0,9.0,8.0,9.0,11.0,4.0,0.0,15.0,23.0,12.0,6.0,24.0,9.0,14.0
Actl6a,43.0,43.0,32.0,198.0,91.0,80.0,61.0,94.0,85.0,5.0,66.0,158.0,99.0,121.0,96.0,138.0,116.0
Actl6b,2.0,1.0,4.0,1.0,1.0,2.0,2.0,2.0,1.0,0.0,0.0,1.0,0.0,1.0,1.0,1.0,1.0
Actn1,208.0,323.0,380.0,1000.0,994.0,262.0,590.0,569.0,220.0,40.0,303.0,1358.0,1094.0,538.0,804.0,746.0,750.0
Actn2,1080.0,12.0,196.0,113.0,505.0,6.0,43.0,815.0,208.0,3.0,511.0,2299.0,284.0,1300.0,667.0,362.0,725.0
Actr1a,46.0,39.0,42.0,213.0,91.0,100.0,72.0,70.0,79.0,10.0,65.0,188.0,93.0,90.0,120.0,160.0,159.0
Actr1b,39.0,32.0,29.0,123.0,77.0,52.0,44.0,79.0,52.0,9.0,65.0,168.0,83.0,91.0,94.0,127.0,94.0
Actr2,238.0,243.0,391.0,749.0,690.0,377.0,746.0,626.0,627.0,56.0,244.0,1086.0,698.0,560.0,780.0,947.0,646.0
Acvr1,28.0,33.0,40.0,148.0,74.0,77.0,87.0,74.0,60.0,8.0,61.0,161.0,93.0,84.0,129.0,122.0,119.0
Acvr1b,79.0,76.0,81.0,251.0,153.0,164.0,134.0,153.0,168.0,10.0,140.0,290.0,226.0,196.0,191.0,233.0,190.0
Acvr1c,0.0,0.0,1.0,1.0,7.0,5.0,3.0,0.0,6.0,1.0,1.0,2.0,1.0,0.0,2.0,5.0,0.0
Acvr2a,48.0,49.0,33.0,204.0,105.0,103.0,59.0,95.0,114.0,8.0,71.0,189.0,91.0,92.0,136.0,148.0,136.0
Acvr2b,5.0,3.0,11.0,43.0,20.0,29.0,13.0,32.0,15.0,2.0,28.0,49.0,10.0,35.0,17.0,33.0,29.0
Acvrl1,23.0,41.0,76.0,92.0,77.0,41.0,117.0,81.0,72.0,17.0,77.0,195.0,108.0,83.0,137.0,132.0,152.0
Ada,1.0,2.0,5.0,18.0,15.0,2.0,4.0,8.0,4.0,0.0,4.0,20.0,5.0,4.0,16.0,15.0,11.0
Adad1,3.0,2.0,3.0,1.0,3.0,4.0,7.0,2.0,2.0,0.0,1.0,5.0,7.0,0.0,3.0,2.0,3.0
Adad2,0.0,0.0,5.0,0.0,0.0,3.0,6.0,1.0,3.0,0.0,2.0,1.0,1.0,0.0,1.0,3.0,1.0
Adam10,109.0,130.0,142.0,723.0,467.0,388.0,281.0,419.0,291.0,28.0,213.0,773.0,295.0,271.0,524.0,579.0,486.0
Adam17,9.0,7.0,26.0,64.0,29.0,21.0,30.0,27.0,26.0,8.0,15.0,51.0,21.0,36.0,50.0,53.0,48.0
Adam18,3.0,1.0,11.0,2.0,0.0,3.0,9.0,4.0,4.0,0.0,3.0,1.0,1.0,0.0,1.0,5.0,3.0
Adam28,0.0,1.0,8.0,0.0,2.0,0.0,7.0,2.0,1.0,1.0,3.0,2.0,4.0,0.0,2.0,2.0,1.0
Adamdec1,1.0,0.0,3.0,1.0,0.0,0.0,6.0,1.0,1.0,0.0,1.0,2.0,0.0,1.0,2.0,0.0,0.0
Adamts1,134.0,168.0,180.0,344.0,225.0,283.0,340.0,383.0,197.0,35.0,194.0,572.0,341.0,345.0,248.0,512.0,277.0
Adamts13,1.0,0.0,6.0,1.0,1.0,1.0,5.0,3.0,0.0,0.0,0.0,2.0,4.0,1.0,1.0,1.0,1.0
Adamts14,6.0,6.0,6.0,69.0,16.0,37.0,3.0,14.0,23.0,1.0,10.0,44.0,5.0,16.0,42.0,128.0,45.0
Adamts18,0.0,1.0,3.0,17.0,5.0,22.0,7.0,5.0,1.0,0.0,25.0,9.0,1.0,0.0,4.0,3.0,2.0
Adamts20,5.0,1.0,3.0,23.0,9.0,43.0,5.0,33.0,10.0,0.0,38.0,22.0,11.0,15.0,7.0,10.0,10.0
Adamts3,14.0,8.0,16.0,23.0,28.0,24.0,20.0,8.0,15.0,1.0,29.0,31.0,29.0,14.0,40.0,20.0,22.0
Adamts5,33.0,39.0,59.0,114.0,118.0,65.0,81.0,152.0,81.0,3.0,91.0,277.0,97.0,227.0,116.0,282.0,138.0
Adamts6,10.0,1.0,20.0,27.0,6.0,11.0,14.0,24.0,12.0,2.0,28.0,35.0,4.0,12.0,20.0,33.0,36.0
Adar,28.0,30.0,67.0,137.0,67.0,70.0,110.0,132.0,113.0,16.0,61.0,158.0,91.0,59.0,104.0,136.0,85.0
Adarb1,23.0,38.0,42.0,161.0,107.0,48.0,68.0,61.0,38.0,3.0,51.0,200.0,94.0,67.0,78.0,108.0,142.0
Adcy1,5.0,1.0,8.0,24.0,2.0,8.0,5.0,5.0,12.0,0.0,5.0,8.0,9.0,29.0,6.0,17.0,17.0
Adcy2,11.0,12.0,18.0,48.0,43.0,29.0,30.0,23.0,29.0,0.0,32.0,93.0,23.0,48.0,35.0,49.0,58.0
Adcy3,33.0,37.0,21.0,110.0,71.0,81.0,33.0,55.0,46.0,2.0,39.0,156.0,77.0,63.0,114.0,106.0,111.0
Adcy8,1.0,0.0,5.0,0.0,0.0,0.0,6.0,0.0,1.0,0.0,0.0,3.0,0.0,0.0,0.0,0.0,0.0
Adcyap1,1.0,1.0,4.0,0.0,1.0,0.0,6.0,1.0,0.0,0.0,0.0,0.0,0.0,0.0,1.0,0.0,1.0
Adcyap1r1,8.0,1.0,5.0,4.0,13.0,7.0,8.0,4.0,15.0,0.0,11.0,45.0,3.0,14.0,20.0,7.0,11.0
Add2,1.0,0.0,7.0,5.0,7.0,4.0,4.0,6.0,1.0,0.0,1.0,8.0,0.0,0.0,5.0,2.0,8.0
Adgra2,33.0,30.0,35.0,195.0,38.0,42.0,64.0,95.0,61.0,2.0,56.0,157.0,94.0,150.0,82.0,239.0,134.0
Adgra3,18.0,32.0,17.0,111.0,25.0,74.0,21.0,50.0,49.0,5.0,64.0,80.0,39.0,50.0,49.0,55.0,56.0
Adgrb1,0.0,1.0,3.0,4.0,1.0,1.0,0.0,2.0,3.0,0.0,1.0,3.0,0.0,2.0,0.0,2.0,0.0
Adgre1,16.0,7.0,29.0,143.0,106.0,36.0,57.0,63.0,83.0,13.0,113.0,176.0,23.0,44.0,354.0,164.0,140.0
Adgre5,13.0,11.0,61.0,69.0,54.0,35.0,107.0,110.0,34.0,5.0,36.0,109.0,51.0,50.0,88.0,115.0,68.0
Adgrf1,2.0,6.0,12.0,2.0,6.0,10.0,7.0,3.0,4.0,0.0,9.0,10.0,7.0,2.0,13.0,1.0,3.0
Adgrf5,62.0,41.0,43.0,103.0,135.0,72.0,63.0,40.0,49.0,4.0,117.0,389.0,67.0,50.0,212.0,152.0,197.0
Adgrg1,114.0,163.0,169.0,789.0,408.0,398.0,284.0,490.0,227.0,11.0,332.0,956.0,594.0,373.0,351.0,404.0,338.0
Adgrg2,6.0,4.0,7.0,8.0,4.0,13.0,6.0,5.0,8.0,0.0,11.0,9.0,3.0,5.0,9.0,26.0,6.0
Adgrg5,5.0,2.0,3.0,3.0,2.0,0.0,6.0,5.0,2.0,0.0,6.0,3.0,4.0,2.0,3.0,12.0,2.0
Adgrg6,2.0,2.0,6.0,13.0,9.0,10.0,8.0,6.0,12.0,0.0,5.0,19.0,8.0,17.0,13.0,18.0,6.0
Adgrg7,1.0,0.0,1.0,0.0,0.0,4.0,3.0,0.0,0.0,0.0,0.0,1.0,2.0,0.0,0.0,0.0,1.0
Adgrl1,6.0,17.0,11.0,91.0,36.0,61.0,26.0,43.0,37.0,0.0,46.0,60.0,22.0,30.0,46.0,59.0,40.0
Adgrl2,76.0,49.0,38.0,206.0,165.0,140.0,66.0,67.0,94.0,4.0,67.0,193.0,162.0,85.0,187.0,152.0,123.0
Adgrl3,10.0,9.0,3.0,51.0,21.0,26.0,11.0,19.0,13.0,4.0,17.0,35.0,5.0,14.0,20.0,16.0,25.0
Adgrv1,3.0,2.0,15.0,2.0,2.0,3.0,11.0,4.0,1.0,0.0,2.0,3.0,2.0,1.0,1.0,5.0,1.0
Adh5,72.0,102.0,81.0,261.0,168.0,149.0,138.0,125.0,102.0,16.0,165.0,392.0,189.0,151.0,196.0,238.0,242.0
Adipoq,10.0,5.0,21.0,65.0,437.0,200.0,33.0,18.0,75.0,0.0,138.0,99.0,20.0,15.0,293.0,81.0,39.0
Adipor1,140.0,116.0,159.0,349.0,267.0,255.0,217.0,249.0,227.0,22.0,181.0,563.0,295.0,337.0,359.0,431.0,345.0
Adm,411.0,35.0,110.0,192.0,540.0,34.0,161.0,126.0,162.0,23.0,186.0,263.0,231.0,271.0,344.0,284.0,235.0
Adora1,0.0,0.0,3.0,1.0,3.0,2.0,1.0,3.0,2.0,0.0,1.0,3.0,2.0,3.0,1.0,0.0,0.0
Adora2a,1.0,3.0,5.0,5.0,1.0,1.0,3.0,4.0,4.0,1.0,2.0,2.0,4.0,1.0,4.0,5.0,4.0
Adora2b,3.0,4.0,5.0,8.0,4.0,9.0,8.0,14.0,13.0,2.0,2.0,10.0,9.0,9.0,9.0,18.0,10.0
Adprhl1,26.0,0.0,6.0,2.0,6.0,1.0,3.0,12.0,3.0,0.0,7.0,24.0,5.0,7.0,15.0,8.0,18.0
Adra1a,1.0,6.0,9.0,7.0,2.0,2.0,10.0,0.0,3.0,0.0,5.0,8.0,1.0,2.0,4.0,6.0,10.0
Adra1b,0.0,0.0,4.0,2.0,0.0,0.0,5.0,0.0,0.0,0.0,0.0,2.0,0.0,1.0,1.0,3.0,2.0
Adra2a,0.0,0.0,2.0,2.0,0.0,0.0,2.0,3.0,1.0,0.0,0.0,3.0,1.0,3.0,0.0,5.0,4.0
Adrb1,3.0,2.0,7.0,8.0,9.0,12.0,8.0,7.0,2.0,0.0,3.0,8.0,6.0,9.0,7.0,4.0,10.0
Adrb2,34.0,58.0,38.0,88.0,82.0,38.0,69.0,70.0,45.0,5.0,28.0,193.0,103.0,79.0,111.0,92.0,71.0
Adrb3,3.0,9.0,17.0,8.0,28.0,16.0,16.0,2.0,13.0,1.0,9.0,41.0,11.0,9.0,16.0,9.0,20.0
Adtrp,52.0,166.0,32.0,187.0,200.0,214.0,98.0,43.0,201.0,3.0,66.0,237.0,205.0,104.0,274.0,149.0,232.0
Aebp2,130.0,61.0,94.0,264.0,218.0,145.0,143.0,164.0,128.0,18.0,80.0,364.0,303.0,136.0,152.0,249.0,222.0
Afap1l2,31.0,39.0,31.0,230.0,125.0,158.0,59.0,107.0,110.0,10.0,97.0,263.0,73.0,78.0,130.0,123.0,102.0
Afdn,53.0,35.0,46.0,213.0,128.0,158.0,79.0,113.0,124.0,11.0,115.0,281.0,119.0,97.0,171.0,171.0,133.0
Afg3l2,73.0,32.0,82.0,321.0,92.0,96.0,92.0,297.0,117.0,15.0,72.0,356.0,162.0,198.0,135.0,251.0,220.0
Afp,1.0,0.0,5.0,1.0,1.0,1.0,5.0,0.0,1.0,1.0,1.0,0.0,1.0,1.0,2.0,2.0,1.0
Ager,2.0,2.0,8.0,13.0,10.0,12.0,10.0,9.0,11.0,1.0,9.0,14.0,4.0,6.0,14.0,12.0,11.0
Agl,108.0,29.0,57.0,202.0,148.0,86.0,68.0,162.0,69.0,7.0,101.0,515.0,99.0,223.0,156.0,230.0,224.0
Ago1,12.0,11.0,15.0,87.0,32.0,57.0,24.0,35.0,45.0,4.0,32.0,59.0,35.0,19.0,44.0,54.0,42.0
Ago2,64.0,40.0,70.0,179.0,78.0,108.0,81.0,110.0,83.0,9.0,74.0,192.0,92.0,120.0,115.0,150.0,134.0
Ago3,11.0,11.0,31.0,71.0,35.0,41.0,38.0,31.0,21.0,3.0,21.0,69.0,37.0,37.0,45.0,60.0,50.0
Agpat3,103.0,86.0,64.0,406.0,336.0,195.0,116.0,154.0,179.0,12.0,123.0,564.0,235.0,220.0,454.0,293.0,344.0
Agpat4,56.0,24.0,84.0,223.0,63.0,148.0,129.0,148.0,181.0,11.0,73.0,211.0,84.0,105.0,307.0,302.0,226.0
Agps,35.0,18.0,40.0,151.0,65.0,52.0,72.0,100.0,45.0,8.0,48.0,160.0,75.0,87.0,91.0,152.0,104.0
Agr3,20.0,29.0,16.0,9.0,27.0,19.0,29.0,5.0,21.0,2.0,34.0,59.0,51.0,15.0,43.0,14.0,18.0
Agrn,44.0,61.0,39.0,406.0,122.0,173.0,71.0,159.0,116.0,11.0,106.0,328.0,125.0,167.0,130.0,237.0,177.0
Agrp,2.0,3.0,5.0,5.0,5.0,5.0,7.0,1.0,2.0,0.0,0.0,9.0,4.0,7.0,13.0,7.0,7.0
Agt,4.0,2.0,7.0,12.0,34.0,30.0,8.0,12.0,10.0,1.0,35.0,45.0,10.0,8.0,46.0,17.0,20.0
Agtr1a,1.0,1.0,10.0,7.0,3.0,6.0,9.0,2.0,2.0,0.0,9.0,22.0,2.0,8.0,10.0,12.0,5.0
Agtr1b,0.0,0.0,9.0,3.0,1.0,0.0,8.0,2.0,1.0,0.0,1.0,1.0,3.0,0.0,2.0,1.0,1.0
Agtr2,4.0,2.0,6.0,2.0,6.0,5.0,8.0,1.0,6.0,0.0,7.0,7.0,5.0,1.0,10.0,6.0,5.0
Agtrap,1.0,2.0,10.0,21.0,13.0,8.0,9.0,15.0,7.0,0.0,19.0,39.0,6.0,12.0,16.0,25.0,20.0
Agxt2,0.0,5.0,4.0,0.0,0.0,0.0,7.0,1.0,1.0,1.0,0.0,2.0,3.0,0.0,1.0,0.0,0.0
Ahi1,2.0,10.0,15.0,27.0,12.0,29.0,14.0,19.0,20.0,1.0,23.0,30.0,13.0,21.0,13.0,20.0,11.0
Ahr,16.0,24.0,16.0,101.0,51.0,70.0,39.0,45.0,74.0,3.0,26.0,115.0,49.0,43.0,75.0,73.0,48.0
Aicda,0.0,0.0,6.0,1.0,1.0,1.0,6.0,2.0,2.0,2.0,1.0,1.0,1.0,0.0,5.0,1.0,0.0
Aida,5.0,4.0,14.0,11.0,13.0,9.0,14.0,12.0,5.0,1.0,7.0,31.0,10.0,12.0,13.0,18.0,12.0
Aif1,102.0,41.0,121.0,214.0,254.0,78.0,212.0,155.0,310.0,23.0,273.0,351.0,114.0,155.0,515.0,274.0,283.0
Aif1l,59.0,23.0,18.0,122.0,84.0,54.0,36.0,41.0,162.0,0.0,41.0,147.0,45.0,31.0,351.0,122.0,189.0
Aifm1,29.0,30.0,19.0,68.0,59.0,43.0,30.0,37.0,35.0,3.0,52.0,96.0,56.0,50.0,67.0,80.0,56.0
Aim2,8.0,7.0,22.0,41.0,38.0,19.0,31.0,28.0,23.0,9.0,25.0,38.0,22.0,18.0,59.0,42.0,33.0
Aip,22.0,17.0,32.0,64.0,48.0,45.0,38.0,45.0,41.0,1.0,42.0,101.0,51.0,38.0,81.0,76.0,55.0
Aire,0.0,0.0,5.0,2.0,0.0,0.0,4.0,2.0,0.0,0.0,0.0,1.0,0.0,0.0,1.0,1.0,2.0
Ajuba,186.0,170.0,173.0,807.0,378.0,525.0,296.0,469.0,407.0,4.0,165.0,774.0,604.0,607.0,361.0,498.0,389.0
Ak4,17.0,9.0,19.0,26.0,15.0,4.0,17.0,14.0,2.0,1.0,2.0,24.0,22.0,12.0,5.0,22.0,24.0
Akap5,0.0,1.0,11.0,8.0,5.0,4.0,7.0,8.0,5.0,1.0,3.0,10.0,5.0,4.0,2.0,5.0,6.0
Akap9,47.0,45.0,42.0,208.0,136.0,129.0,52.0,87.0,102.0,9.0,92.0,198.0,107.0,128.0,133.0,165.0,140.0
Akip1,8.0,8.0,16.0,32.0,16.0,22.0,13.0,16.0,11.0,0.0,5.0,37.0,16.0,9.0,20.0,36.0,33.0
Akr1b3,161.0,67.0,173.0,343.0,253.0,151.0,153.0,217.0,165.0,3.0,199.0,510.0,146.0,200.0,296.0,379.0,469.0
Akt1,23.0,16.0,28.0,120.0,52.0,43.0,43.0,67.0,50.0,7.0,49.0,142.0,61.0,52.0,66.0,92.0,93.0
Akt1s1,18.0,9.0,23.0,50.0,27.0,17.0,18.0,22.0,13.0,2.0,13.0,48.0,40.0,27.0,35.0,41.0,33.0
Akt2,6.0,12.0,10.0,48.0,23.0,20.0,19.0,13.0,16.0,1.0,16.0,54.0,21.0,25.0,29.0,39.0,32.0
Akt3,3.0,2.0,4.0,10.0,6.0,7.0,9.0,6.0,13.0,1.0,4.0,12.0,1.0,7.0,10.0,15.0,8.0
Aldh1a2,6.0,1.0,11.0,11.0,7.0,1.0,6.0,8.0,1.0,0.0,7.0,9.0,11.0,3.0,17.0,18.0,2.0
Aldh1a3,3.0,2.0,4.0,3.0,91.0,2.0,10.0,4.0,3.0,3.0,9.0,53.0,19.0,10.0,35.0,19.0,18.0
Aldh1l1,2.0,6.0,2.0,12.0,6.0,12.0,5.0,5.0,5.0,0.0,9.0,13.0,15.0,7.0,5.0,5.0,6.0
Aldh1l2,36.0,9.0,7.0,103.0,33.0,24.0,17.0,21.0,19.0,6.0,51.0,73.0,32.0,20.0,119.0,171.0,85.0
Aldh2,4.0,11.0,11.0,33.0,36.0,23.0,28.0,18.0,23.0,0.0,36.0,45.0,16.0,20.0,63.0,28.0,23.0
Aldh3a1,9.0,33.0,6.0,29.0,7.0,43.0,21.0,10.0,42.0,0.0,19.0,44.0,25.0,28.0,37.0,28.0,16.0
Aldh4a1,9.0,14.0,18.0,113.0,27.0,67.0,21.0,55.0,49.0,0.0,33.0,102.0,21.0,59.0,44.0,68.0,51.0
Aldh9a1,15.0,13.0,21.0,72.0,37.0,36.0,25.0,38.0,38.0,1.0,21.0,62.0,36.0,31.0,41.0,66.0,49.0
Aldoa,1261.0,388.0,806.0,1283.0,1627.0,514.0,1002.0,1710.0,625.0,95.0,452.0,4233.0,1272.0,2094.0,1363.0,2121.0,2039.0
Aldoc,16.0,6.0,7.0,42.0,13.0,20.0,15.0,16.0,6.0,0.0,9.0,27.0,16.0,15.0,12.0,16.0,19.0
Alg13,11.0,17.0,18.0,43.0,33.0,24.0,16.0,21.0,24.0,1.0,25.0,47.0,23.0,20.0,26.0,39.0,45.0
Alk,1.0,1.0,5.0,2.0,2.0,1.0,5.0,3.0,2.0,1.0,0.0,1.0,0.0,0.0,1.0,0.0,1.0
Alkbh5,96.0,70.0,72.0,180.0,114.0,77.0,104.0,107.0,84.0,6.0,72.0,188.0,110.0,110.0,112.0,194.0,139.0
Alox12,3.0,1.0,8.0,10.0,16.0,14.0,5.0,8.0,22.0,0.0,7.0,14.0,8.0,5.0,11.0,9.0,15.0
Alox12b,31.0,17.0,23.0,43.0,41.0,30.0,65.0,15.0,81.0,1.0,10.0,108.0,81.0,35.0,83.0,45.0,39.0
Alox12e,6.0,86.0,1.0,145.0,57.0,229.0,6.0,53.0,290.0,1.0,98.0,111.0,16.0,49.0,137.0,40.0,42.0
Alox15,2.0,0.0,2.0,4.0,3.0,4.0,7.0,4.0,4.0,0.0,7.0,11.0,5.0,3.0,5.0,4.0,5.0
Alox5,7.0,3.0,9.0,17.0,16.0,11.0,21.0,11.0,17.0,1.0,16.0,39.0,12.0,14.0,24.0,30.0,13.0
Alpl,4.0,4.0,9.0,15.0,6.0,24.0,10.0,31.0,9.0,0.0,19.0,42.0,13.0,18.0,3.0,7.0,8.0
Als2,37.0,22.0,38.0,111.0,56.0,40.0,36.0,46.0,45.0,5.0,32.0,116.0,51.0,62.0,64.0,89.0,75.0
Alx1,1.0,1.0,9.0,1.0,1.0,2.0,7.0,2.0,2.0,0.0,0.0,2.0,1.0,2.0,0.0,1.0,2.0
Alx4,0.0,2.0,3.0,38.0,4.0,45.0,12.0,16.0,14.0,0.0,16.0,11.0,1.0,7.0,1.0,2.0,4.0
Ambra1,54.0,47.0,63.0,231.0,136.0,131.0,108.0,101.0,106.0,10.0,85.0,193.0,106.0,114.0,156.0,170.0,140.0
Amd1,30.0,46.0,60.0,130.0,67.0,66.0,68.0,74.0,71.0,3.0,24.0,152.0,94.0,101.0,48.0,120.0,93.0
Amelx,5.0,3.0,4.0,0.0,9.0,6.0,5.0,4.0,3.0,0.0,3.0,14.0,3.0,1.0,4.0,6.0,3.0
Amer1,13.0,6.0,3.0,57.0,25.0,28.0,16.0,25.0,19.0,0.0,18.0,40.0,21.0,20.0,31.0,33.0,31.0
Amfr,171.0,122.0,152.0,720.0,344.0,264.0,224.0,469.0,308.0,30.0,248.0,980.0,349.0,497.0,454.0,749.0,596.0
Amh,4.0,2.0,0.0,4.0,3.0,3.0,6.0,1.0,5.0,0.0,5.0,12.0,7.0,6.0,6.0,4.0,10.0
Amhr2,2.0,0.0,1.0,2.0,1.0,1.0,3.0,0.0,1.0,0.0,0.0,2.0,0.0,2.0,0.0,1.0,0.0
Amigo3,2.0,1.0,10.0,9.0,5.0,3.0,11.0,9.0,7.0,1.0,4.0,14.0,12.0,7.0,7.0,9.0,6.0
Amy1,3.0,5.0,7.0,4.0,23.0,10.0,4.0,4.0,5.0,0.0,11.0,25.0,5.0,5.0,23.0,2.0,11.0
Amy2a5,71.0,42.0,333.0,74.0,31.0,40.0,290.0,167.0,75.0,14.0,33.0,71.0,60.0,45.0,66.0,121.0,64.0
Anapc11,4.0,6.0,5.0,23.0,14.0,13.0,8.0,9.0,14.0,0.0,9.0,32.0,7.0,16.0,9.0,19.0,11.0
Anapc15,0.0,3.0,3.0,4.0,1.0,2.0,4.0,4.0,3.0,0.0,2.0,3.0,2.0,2.0,4.0,3.0,3.0
Anapc16,18.0,26.0,27.0,104.0,52.0,70.0,53.0,70.0,57.0,1.0,56.0,116.0,53.0,57.0,72.0,77.0,77.0
Anapc2,55.0,50.0,63.0,318.0,162.0,143.0,98.0,201.0,162.0,12.0,114.0,364.0,164.0,143.0,209.0,257.0,218.0
Anapc4,40.0,33.0,47.0,172.0,110.0,82.0,60.0,125.0,69.0,9.0,83.0,228.0,91.0,75.0,140.0,187.0,168.0
Anapc5,111.0,100.0,69.0,433.0,271.0,277.0,136.0,228.0,210.0,20.0,297.0,521.0,210.0,243.0,281.0,392.0,288.0
Ang,6.0,8.0,10.0,30.0,17.0,25.0,20.0,18.0,21.0,0.0,9.0,40.0,15.0,20.0,17.0,38.0,19.0
Angpt1,2.0,1.0,5.0,7.0,15.0,10.0,7.0,12.0,9.0,0.0,16.0,38.0,11.0,19.0,17.0,23.0,27.0
Angpt2,5.0,4.0,15.0,26.0,10.0,5.0,27.0,14.0,5.0,1.0,17.0,42.0,6.0,9.0,32.0,41.0,66.0
Angpt4,2.0,5.0,3.0,24.0,32.0,5.0,9.0,9.0,7.0,0.0,23.0,45.0,4.0,3.0,23.0,11.0,12.0
Angptl3,0.0,1.0,1.0,0.0,0.0,1.0,5.0,0.0,1.0,0.0,4.0,1.0,1.0,0.0,2.0,1.0,0.0
Angptl4,164.0,88.0,253.0,496.0,291.0,101.0,231.0,399.0,118.0,43.0,238.0,407.0,336.0,331.0,375.0,716.0,529.0
Angptl8,0.0,1.0,3.0,1.0,1.0,0.0,1.0,0.0,1.0,0.0,0.0,0.0,1.0,0.0,0.0,1.0,0.0
Ank,38.0,69.0,56.0,379.0,127.0,171.0,92.0,144.0,187.0,5.0,56.0,435.0,128.0,180.0,220.0,210.0,198.0
Ank1,3.0,3.0,4.0,1.0,4.0,0.0,10.0,4.0,2.0,0.0,5.0,13.0,1.0,5.0,8.0,8.0,7.0
Ank2,9.0,6.0,4.0,14.0,19.0,21.0,21.0,8.0,18.0,0.0,14.0,41.0,6.0,18.0,18.0,23.0,18.0
Ankle2,107.0,75.0,107.0,269.0,191.0,168.0,201.0,181.0,187.0,12.0,178.0,391.0,187.0,177.0,245.0,243.0,200.0
Ankrd11,38.0,48.0,65.0,271.0,133.0,192.0,86.0,154.0,152.0,7.0,116.0,243.0,129.0,142.0,160.0,171.0,176.0
Ankrd13a,87.0,68.0,68.0,237.0,239.0,131.0,135.0,120.0,117.0,12.0,91.0,272.0,193.0,113.0,189.0,194.0,164.0
Ankrd13b,10.0,15.0,4.0,62.0,17.0,37.0,14.0,24.0,9.0,1.0,18.0,59.0,13.0,24.0,22.0,31.0,48.0
Ankrd13d,2.0,5.0,8.0,28.0,19.0,22.0,9.0,14.0,16.0,2.0,16.0,23.0,16.0,14.0,23.0,14.0,16.0
Anks6,15.0,19.0,6.0,16.0,43.0,27.0,21.0,16.0,25.0,0.0,40.0,65.0,45.0,24.0,40.0,17.0,39.0
Anln,101.0,227.0,97.0,632.0,350.0,279.0,298.0,228.0,193.0,3.0,296.0,747.0,420.0,300.0,363.0,500.0,476.0
Ano1,26.0,21.0,15.0,163.0,73.0,75.0,48.0,43.0,52.0,1.0,27.0,131.0,63.0,47.0,84.0,80.0,84.0
Ano5,27.0,9.0,6.0,12.0,17.0,8.0,14.0,53.0,13.0,0.0,19.0,131.0,15.0,61.0,49.0,29.0,51.0
Anp32e,56.0,50.0,54.0,288.0,119.0,156.0,91.0,112.0,92.0,2.0,130.0,262.0,162.0,158.0,127.0,221.0,164.0
Anxa2,294.0,381.0,570.0,1782.0,997.0,664.0,1224.0,988.0,1070.0,103.0,336.0,2170.0,1143.0,862.0,1090.0,1560.0,1016.0
Anxa6,124.0,38.0,127.0,396.0,277.0,171.0,111.0,279.0,207.0,20.0,261.0,610.0,140.0,248.0,514.0,564.0,463.0
Aox3,1.0,1.0,13.0,24.0,62.0,41.0,11.0,3.0,22.0,1.0,53.0,43.0,6.0,5.0,42.0,28.0,28.0
Ap1b1,192.0,186.0,161.0,570.0,504.0,384.0,306.0,303.0,417.0,20.0,357.0,767.0,504.0,419.0,689.0,594.0,483.0
Ap1g1,118.0,85.0,78.0,271.0,210.0,144.0,172.0,181.0,173.0,4.0,100.0,371.0,239.0,206.0,240.0,254.0,270.0
Ap1s1,32.0,41.0,34.0,154.0,106.0,76.0,102.0,86.0,60.0,5.0,66.0,164.0,89.0,54.0,153.0,120.0,109.0
Ap2a1,38.0,52.0,69.0,243.0,139.0,107.0,63.0,88.0,67.0,2.0,109.0,243.0,116.0,106.0,172.0,213.0,180.0
Ap2a2,59.0,58.0,80.0,334.0,250.0,143.0,112.0,150.0,190.0,15.0,195.0,394.0,136.0,184.0,262.0,356.0,247.0
Ap2b1,81.0,77.0,116.0,333.0,155.0,160.0,169.0,206.0,167.0,18.0,132.0,421.0,205.0,232.0,246.0,380.0,314.0
Ap3b1,31.0,42.0,67.0,242.0,121.0,139.0,109.0,124.0,138.0,12.0,92.0,258.0,95.0,94.0,174.0,162.0,149.0
Ap3b2,0.0,0.0,3.0,5.0,1.0,4.0,5.0,1.0,0.0,1.0,3.0,4.0,2.0,3.0,2.0,4.0,1.0
Ap3m2,11.0,9.0,25.0,51.0,30.0,22.0,29.0,14.0,20.0,4.0,26.0,55.0,20.0,18.0,33.0,45.0,26.0
Ap3s2,7.0,6.0,12.0,52.0,21.0,25.0,16.0,20.0,12.0,0.0,23.0,41.0,9.0,24.0,20.0,32.0,30.0
Ap4s1,19.0,17.0,19.0,50.0,40.0,42.0,31.0,41.0,32.0,2.0,26.0,95.0,42.0,49.0,48.0,37.0,57.0
Ap5z1,2.0,1.0,5.0,26.0,12.0,6.0,5.0,10.0,9.0,2.0,3.0,25.0,17.0,11.0,22.0,24.0,13.0
Apaf1,13.0,13.0,21.0,71.0,22.0,15.0,28.0,58.0,35.0,4.0,20.0,64.0,34.0,36.0,48.0,83.0,55.0
Apba1,4.0,4.0,13.0,16.0,8.0,6.0,6.0,10.0,6.0,1.0,5.0,9.0,5.0,9.0,22.0,7.0,11.0
Apba3,9.0,6.0,14.0,50.0,21.0,17.0,29.0,27.0,17.0,3.0,13.0,73.0,28.0,24.0,25.0,44.0,29.0
Apc,42.0,48.0,53.0,163.0,114.0,114.0,70.0,116.0,81.0,13.0,81.0,213.0,117.0,120.0,121.0,165.0,145.0
Apc2,1.0,1.0,0.0,6.0,1.0,6.0,5.0,1.0,2.0,0.0,2.0,4.0,0.0,4.0,3.0,3.0,3.0
Apcs,1.0,2.0,4.0,2.0,0.0,1.0,1.0,1.0,1.0,0.0,1.0,1.0,1.0,0.0,1.0,1.0,0.0
Apex1,1.0,7.0,1.0,21.0,12.0,14.0,10.0,12.0,6.0,0.0,8.0,17.0,9.0,6.0,10.0,18.0,10.0
Aph1c,1.0,2.0,4.0,4.0,2.0,3.0,6.0,0.0,3.0,2.0,1.0,5.0,0.0,0.0,5.0,6.0,7.0
Apip,8.0,10.0,8.0,47.0,14.0,17.0,23.0,21.0,16.0,2.0,14.0,48.0,10.0,26.0,30.0,33.0,36.0
Apln,15.0,14.0,42.0,107.0,9.0,3.0,95.0,39.0,9.0,8.0,65.0,77.0,60.0,22.0,100.0,149.0,299.0
Aplnr,4.0,1.0,10.0,53.0,37.0,13.0,8.0,32.0,15.0,0.0,40.0,193.0,5.0,41.0,52.0,122.0,75.0
Aplp2,126.0,191.0,143.0,756.0,828.0,427.0,292.0,322.0,272.0,43.0,400.0,1162.0,401.0,260.0,835.0,735.0,560.0
Apmap,76.0,135.0,67.0,267.0,220.0,260.0,104.0,124.0,265.0,8.0,155.0,388.0,203.0,225.0,249.0,321.0,305.0
Apoa1,0.0,0.0,1.0,0.0,0.0,1.0,3.0,2.0,0.0,0.0,1.0,2.0,0.0,0.0,1.0,0.0,1.0
Apoa4,161.0,188.0,96.0,323.0,549.0,445.0,249.0,185.0,319.0,8.0,539.0,586.0,359.0,191.0,682.0,372.0,466.0
Apob,1.0,0.0,7.0,0.0,1.0,2.0,3.0,1.0,2.0,1.0,5.0,4.0,1.0,0.0,2.0,0.0,2.0
Apobec1,6.0,4.0,32.0,99.0,34.0,11.0,46.0,86.0,40.0,11.0,18.0,57.0,10.0,14.0,54.0,38.0,42.0
Apobec3,27.0,18.0,67.0,186.0,120.0,64.0,63.0,104.0,140.0,8.0,142.0,285.0,91.0,75.0,247.0,186.0,180.0
App,1469.0,1433.0,2046.0,4949.0,4607.0,3026.0,3676.0,2333.0,2789.0,421.0,3779.0,7014.0,2907.0,2175.0,5941.0,4795.0,3801.0
Appbp2,23.0,27.0,37.0,122.0,64.0,61.0,82.0,76.0,63.0,4.0,43.0,128.0,77.0,73.0,102.0,103.0,87.0
Appl1,135.0,175.0,124.0,468.0,362.0,309.0,247.0,214.0,307.0,23.0,260.0,495.0,332.0,236.0,409.0,384.0,332.0
Appl2,27.0,19.0,39.0,116.0,54.0,64.0,60.0,63.0,72.0,15.0,51.0,97.0,46.0,45.0,113.0,97.0,85.0
Aqp2,12.0,7.0,4.0,6.0,21.0,10.0,16.0,3.0,11.0,0.0,14.0,31.0,21.0,5.0,13.0,8.0,16.0
Aqp3,568.0,728.0,605.0,1444.0,774.0,330.0,959.0,582.0,410.0,6.0,28.0,2167.0,1976.0,1446.0,620.0,948.0,1133.0
Aqp4,6.0,0.0,5.0,0.0,10.0,1.0,5.0,3.0,5.0,1.0,1.0,26.0,3.0,4.0,5.0,2.0,1.0
Aqp5,2.0,1.0,3.0,10.0,4.0,4.0,2.0,4.0,4.0,1.0,3.0,9.0,5.0,5.0,5.0,2.0,6.0
Aqp6,4.0,1.0,5.0,0.0,1.0,1.0,6.0,1.0,3.0,0.0,5.0,6.0,5.0,0.0,0.0,1.0,3.0
Ar,6.0,32.0,4.0,65.0,50.0,85.0,20.0,17.0,57.0,0.0,43.0,112.0,37.0,32.0,71.0,73.0,66.0
Araf,13.0,16.0,17.0,134.0,78.0,72.0,36.0,71.0,62.0,4.0,64.0,162.0,45.0,65.0,94.0,118.0,92.0
Arap1,60.0,43.0,95.0,324.0,145.0,197.0,128.0,215.0,162.0,33.0,181.0,389.0,92.0,153.0,341.0,310.0,276.0
Arc,10.0,24.0,29.0,28.0,39.0,7.0,24.0,17.0,25.0,1.0,7.0,61.0,31.0,49.0,28.0,30.0,12.0
Arf2,15.0,10.0,50.0,54.0,22.0,36.0,57.0,39.0,34.0,6.0,35.0,64.0,41.0,32.0,47.0,52.0,55.0
Arf6,24.0,18.0,33.0,123.0,52.0,48.0,46.0,56.0,47.0,5.0,47.0,95.0,59.0,69.0,70.0,86.0,68.0
Arfip2,5.0,3.0,8.0,32.0,17.0,14.0,8.0,23.0,23.0,2.0,8.0,39.0,12.0,19.0,22.0,42.0,33.0
Arg1,192.0,37.0,1250.0,1013.0,507.0,71.0,2455.0,1744.0,215.0,897.0,143.0,785.0,234.0,71.0,1068.0,1123.0,464.0
Arg2,7.0,7.0,39.0,43.0,9.0,42.0,18.0,28.0,15.0,7.0,18.0,10.0,17.0,9.0,23.0,18.0,18.0
Arhgap17,1.0,3.0,12.0,24.0,12.0,11.0,10.0,16.0,8.0,0.0,13.0,30.0,6.0,10.0,14.0,25.0,13.0
Arhgap31,27.0,18.0,30.0,121.0,58.0,45.0,44.0,48.0,54.0,15.0,74.0,178.0,49.0,53.0,132.0,119.0,109.0
Arhgap35,28.0,21.0,32.0,108.0,58.0,48.0,53.0,67.0,54.0,3.0,61.0,108.0,64.0,61.0,50.0,71.0,68.0
Arhgap44,18.0,18.0,37.0,71.0,32.0,54.0,38.0,35.0,32.0,2.0,27.0,56.0,43.0,34.0,34.0,40.0,38.0
Arhgef1,286.0,278.0,322.0,961.0,732.0,535.0,550.0,479.0,474.0,53.0,598.0,1337.0,807.0,520.0,799.0,835.0,699.0
Arhgef11,17.0,14.0,24.0,78.0,45.0,49.0,38.0,39.0,53.0,3.0,21.0,90.0,31.0,45.0,43.0,49.0,48.0
Arhgef12,40.0,61.0,40.0,324.0,157.0,209.0,84.0,155.0,186.0,5.0,150.0,371.0,156.0,177.0,177.0,218.0,202.0
Arhgef15,4.0,8.0,13.0,37.0,18.0,9.0,11.0,20.0,5.0,1.0,16.0,81.0,13.0,17.0,33.0,54.0,34.0
Arhgef28,69.0,53.0,43.0,204.0,116.0,159.0,65.0,65.0,124.0,9.0,91.0,200.0,57.0,97.0,115.0,153.0,139.0
Arhgef3,22.0,23.0,37.0,83.0,82.0,62.0,58.0,58.0,52.0,5.0,92.0,164.0,49.0,47.0,84.0,92.0,64.0
Arhgef6,29.0,14.0,19.0,117.0,147.0,84.0,41.0,42.0,85.0,5.0,113.0,211.0,34.0,50.0,175.0,103.0,88.0
Arhgef7,44.0,57.0,73.0,261.0,154.0,114.0,89.0,119.0,91.0,11.0,116.0,317.0,117.0,120.0,243.0,243.0,261.0
Arid1a,3.0,14.0,14.0,61.0,31.0,39.0,23.0,43.0,43.0,3.0,18.0,58.0,35.0,19.0,28.0,42.0,39.0
Arid1b,2.0,9.0,11.0,52.0,28.0,27.0,23.0,33.0,26.0,1.0,11.0,39.0,10.0,14.0,25.0,23.0,30.0
Arid2,39.0,47.0,50.0,232.0,113.0,167.0,78.0,147.0,113.0,11.0,115.0,206.0,117.0,96.0,132.0,142.0,130.0
Arid3a,5.0,1.0,17.0,21.0,6.0,8.0,13.0,20.0,11.0,2.0,9.0,22.0,10.0,17.0,13.0,20.0,17.0
Arid3b,6.0,1.0,15.0,10.0,7.0,8.0,9.0,15.0,12.0,2.0,8.0,19.0,3.0,7.0,16.0,18.0,14.0
Arid5b,36.0,32.0,56.0,141.0,59.0,70.0,76.0,124.0,97.0,8.0,56.0,141.0,73.0,65.0,109.0,127.0,100.0
Arl13b,22.0,36.0,35.0,165.0,89.0,137.0,88.0,80.0,91.0,9.0,119.0,153.0,83.0,72.0,85.0,163.0,124.0
Armc12,0.0,1.0,4.0,1.0,4.0,3.0,2.0,0.0,1.0,0.0,1.0,5.0,2.0,4.0,4.0,4.0,4.0
Arnt,48.0,53.0,58.0,288.0,136.0,136.0,107.0,163.0,138.0,10.0,97.0,329.0,129.0,181.0,175.0,264.0,204.0
Arnt2,90.0,64.0,61.0,175.0,260.0,193.0,116.0,89.0,134.0,7.0,219.0,268.0,148.0,100.0,336.0,178.0,185.0
Arntl,42.0,33.0,25.0,110.0,28.0,44.0,39.0,59.0,44.0,2.0,25.0,139.0,62.0,89.0,55.0,70.0,47.0
Arr3,0.0,0.0,4.0,0.0,1.0,1.0,1.0,1.0,2.0,0.0,1.0,0.0,1.0,0.0,0.0,0.0,0.0
Arrb1,44.0,10.0,59.0,128.0,87.0,68.0,90.0,99.0,89.0,19.0,43.0,213.0,55.0,77.0,131.0,143.0,112.0
Arrb2,141.0,66.0,224.0,488.0,284.0,187.0,243.0,337.0,318.0,59.0,322.0,505.0,231.0,206.0,605.0,529.0,410.0
Arrdc3,79.0,55.0,68.0,214.0,147.0,238.0,128.0,170.0,232.0,10.0,110.0,350.0,161.0,189.0,261.0,223.0,216.0
Arx,1.0,0.0,2.0,0.0,2.0,1.0,3.0,1.0,0.0,1.0,3.0,0.0,0.0,0.0,1.0,0.0,0.0
Asap1,25.0,22.0,40.0,190.0,107.0,118.0,67.0,82.0,119.0,6.0,88.0,213.0,78.0,105.0,157.0,175.0,154.0
Asap2,31.0,52.0,38.0,123.0,94.0,68.0,83.0,77.0,69.0,7.0,78.0,188.0,135.0,91.0,93.0,119.0,101.0
Ascc2,62.0,38.0,72.0,214.0,128.0,119.0,95.0,132.0,92.0,10.0,91.0,211.0,165.0,120.0,169.0,186.0,151.0
Ascl1,0.0,0.0,9.0,0.0,0.0,1.0,3.0,2.0,0.0,0.0,0.0,2.0,0.0,0.0,0.0,2.0,0.0
Ascl2,1.0,3.0,2.0,22.0,4.0,21.0,3.0,1.0,26.0,0.0,4.0,22.0,12.0,6.0,11.0,16.0,12.0
Asf1a,4.0,6.0,8.0,24.0,7.0,21.0,17.0,16.0,11.0,1.0,12.0,32.0,6.0,20.0,14.0,12.0,13.0
Ash1l,11.0,35.0,41.0,139.0,61.0,72.0,48.0,97.0,74.0,7.0,53.0,165.0,70.0,71.0,74.0,93.0,97.0
Ash2l,33.0,32.0,34.0,178.0,94.0,91.0,67.0,93.0,71.0,5.0,69.0,188.0,82.0,77.0,96.0,131.0,113.0
Asic1,0.0,1.0,4.0,1.0,0.0,2.0,5.0,1.0,3.0,0.0,0.0,1.0,0.0,1.0,2.0,1.0,1.0
Asic3,0.0,0.0,1.0,0.0,0.0,0.0,2.0,2.0,1.0,0.0,0.0,3.0,2.0,0.0,3.0,2.0,0.0
Asna1,23.0,49.0,32.0,130.0,81.0,81.0,67.0,69.0,62.0,2.0,64.0,147.0,82.0,83.0,106.0,106.0,95.0
Aspa,0.0,0.0,5.0,9.0,6.0,4.0,3.0,5.0,2.0,0.0,1.0,10.0,2.0,7.0,2.0,5.0,3.0
Asxl3,0.0,1.0,3.0,0.0,2.0,1.0,5.0,1.0,1.0,0.0,2.0,1.0,1.0,1.0,1.0,1.0,1.0
Atad3a,28.0,27.0,27.0,77.0,43.0,34.0,35.0,50.0,40.0,0.0,23.0,81.0,73.0,70.0,36.0,66.0,84.0
Atf1,32.0,31.0,32.0,98.0,50.0,68.0,50.0,71.0,52.0,0.0,41.0,123.0,65.0,49.0,51.0,75.0,73.0
Atf2,13.0,12.0,24.0,100.0,37.0,56.0,30.0,48.0,46.0,6.0,39.0,96.0,30.0,46.0,76.0,110.0,65.0
Atf4,1061.0,709.0,841.0,1637.0,1141.0,938.0,1134.0,1105.0,866.0,112.0,815.0,1979.0,1711.0,1176.0,1421.0,1638.0,1448.0
Atf5,175.0,99.0,123.0,689.0,183.0,244.0,144.0,383.0,253.0,21.0,113.0,633.0,278.0,405.0,327.0,546.0,396.0
Atf6,23.0,11.0,21.0,65.0,41.0,41.0,41.0,33.0,42.0,2.0,36.0,57.0,33.0,47.0,88.0,53.0,57.0
Atf6b,20.0,25.0,32.0,175.0,66.0,66.0,47.0,77.0,61.0,7.0,59.0,105.0,58.0,72.0,65.0,98.0,64.0
Atg101,31.0,18.0,28.0,143.0,70.0,75.0,44.0,84.0,55.0,8.0,46.0,147.0,50.0,51.0,92.0,117.0,103.0
Atg13,114.0,77.0,87.0,218.0,173.0,156.0,141.0,130.0,171.0,8.0,93.0,287.0,139.0,121.0,203.0,209.0,171.0
Atg14,16.0,13.0,12.0,69.0,50.0,54.0,19.0,32.0,25.0,4.0,27.0,72.0,46.0,34.0,70.0,58.0,71.0
Atg16l1,4.0,9.0,7.0,45.0,21.0,20.0,13.0,23.0,19.0,0.0,10.0,45.0,22.0,25.0,14.0,38.0,39.0
Atg3,16.0,21.0,26.0,109.0,56.0,57.0,39.0,66.0,81.0,3.0,35.0,87.0,48.0,46.0,71.0,95.0,71.0
Atg5,10.0,8.0,16.0,52.0,33.0,32.0,25.0,30.0,26.0,1.0,23.0,69.0,33.0,23.0,35.0,56.0,37.0
Atg7,10.0,16.0,47.0,119.0,67.0,55.0,74.0,73.0,41.0,7.0,39.0,101.0,40.0,47.0,86.0,73.0,84.0
Atg9a,13.0,3.0,16.0,67.0,20.0,32.0,14.0,45.0,21.0,1.0,15.0,83.0,21.0,50.0,30.0,56.0,48.0
Atl1,5.0,1.0,4.0,17.0,5.0,6.0,9.0,5.0,5.0,0.0,3.0,11.0,4.0,5.0,7.0,17.0,18.0
Atm,7.0,6.0,8.0,46.0,19.0,30.0,5.0,20.0,13.0,2.0,12.0,41.0,14.0,15.0,23.0,30.0,23.0
Atn1,20.0,14.0,14.0,64.0,19.0,26.0,12.0,39.0,21.0,2.0,18.0,66.0,23.0,37.0,10.0,34.0,42.0
Atoh7,7.0,9.0,5.0,12.0,12.0,11.0,8.0,7.0,5.0,0.0,1.0,13.0,6.0,1.0,13.0,19.0,12.0
Atp1b2,25.0,6.0,9.0,20.0,58.0,17.0,10.0,42.0,16.0,5.0,14.0,284.0,16.0,201.0,22.0,76.0,71.0
Atp2a2,376.0,380.0,416.0,1311.0,1029.0,607.0,767.0,797.0,604.0,57.0,496.0,1942.0,1042.0,870.0,1004.0,1135.0,1055.0
Atp2a3,12.0,13.0,21.0,37.0,37.0,37.0,28.0,27.0,44.0,0.0,57.0,133.0,21.0,28.0,53.0,35.0,40.0
Atp2b2,0.0,2.0,3.0,2.0,1.0,2.0,8.0,0.0,1.0,0.0,3.0,7.0,1.0,0.0,0.0,2.0,1.0
Atp2b3,2.0,0.0,4.0,1.0,1.0,0.0,2.0,5.0,0.0,0.0,1.0,4.0,1.0,1.0,0.0,2.0,1.0
Atp2b4,17.0,28.0,24.0,123.0,65.0,102.0,46.0,47.0,130.0,8.0,63.0,110.0,58.0,49.0,95.0,115.0,82.0
Atp4a,1.0,0.0,4.0,3.0,2.0,5.0,3.0,0.0,13.0,0.0,2.0,3.0,2.0,2.0,2.0,2.0,2.0
Atp4b,1.0,0.0,4.0,2.0,0.0,0.0,1.0,1.0,0.0,1.0,0.0,0.0,1.0,0.0,0.0,2.0,1.0
Atp5f1,78.0,82.0,86.0,342.0,193.0,195.0,166.0,220.0,179.0,13.0,146.0,470.0,207.0,240.0,249.0,266.0,276.0
Atp5o,93.0,89.0,108.0,334.0,216.0,219.0,209.0,253.0,152.0,10.0,155.0,481.0,233.0,194.0,266.0,288.0,287.0
Atp6ap2,74.0,50.0,79.0,270.0,142.0,120.0,130.0,195.0,113.0,18.0,86.0,414.0,156.0,187.0,231.0,292.0,276.0
Atp6v0a1,59.0,60.0,74.0,293.0,208.0,144.0,124.0,159.0,182.0,10.0,129.0,404.0,158.0,135.0,310.0,220.0,199.0
Atp6v0d2,0.0,0.0,3.0,18.0,10.0,4.0,10.0,2.0,2.0,0.0,14.0,15.0,1.0,3.0,18.0,4.0,26.0
Atp6v1a,179.0,171.0,221.0,820.0,530.0,333.0,381.0,414.0,339.0,42.0,148.0,934.0,462.0,345.0,759.0,601.0,581.0
Atp6v1b2,235.0,156.0,254.0,711.0,622.0,316.0,385.0,334.0,377.0,59.0,257.0,974.0,497.0,299.0,722.0,588.0,566.0
Atp7a,69.0,66.0,62.0,205.0,143.0,127.0,101.0,143.0,114.0,18.0,89.0,265.0,122.0,109.0,213.0,164.0,172.0
Atp7b,5.0,1.0,10.0,3.0,6.0,0.0,5.0,0.0,0.0,1.0,2.0,1.0,0.0,1.0,3.0,5.0,0.0
Atr,13.0,10.0,18.0,73.0,19.0,38.0,21.0,42.0,29.0,0.0,24.0,48.0,36.0,23.0,35.0,49.0,28.0
Atraid,6.0,7.0,13.0,40.0,16.0,23.0,6.0,15.0,17.0,3.0,14.0,51.0,10.0,18.0,39.0,43.0,39.0
Atrx,50.0,42.0,44.0,268.0,119.0,162.0,87.0,134.0,138.0,13.0,125.0,258.0,109.0,122.0,184.0,199.0,190.0
Atxn1,9.0,18.0,17.0,78.0,39.0,20.0,24.0,35.0,32.0,2.0,14.0,97.0,52.0,28.0,42.0,56.0,45.0
Atxn10,88.0,95.0,117.0,558.0,298.0,339.0,182.0,297.0,302.0,32.0,206.0,546.0,204.0,266.0,416.0,498.0,502.0
Atxn3,7.0,13.0,12.0,48.0,42.0,33.0,31.0,33.0,51.0,3.0,13.0,67.0,45.0,44.0,32.0,55.0,42.0
Aurka,7.0,19.0,12.0,78.0,29.0,19.0,30.0,29.0,23.0,0.0,20.0,65.0,38.0,31.0,26.0,54.0,56.0
Aurkb,20.0,21.0,8.0,146.0,52.0,73.0,40.0,49.0,44.0,2.0,56.0,111.0,61.0,42.0,50.0,89.0,77.0
Avil,5.0,2.0,6.0,12.0,1.0,6.0,5.0,4.0,7.0,1.0,2.0,24.0,0.0,7.0,3.0,16.0,7.0
Avpr1b,5.0,2.0,6.0,4.0,7.0,8.0,7.0,3.0,2.0,0.0,8.0,12.0,8.0,3.0,8.0,3.0,4.0
Avpr2,1.0,0.0,2.0,1.0,0.0,0.0,6.0,0.0,1.0,0.0,0.0,0.0,0.0,0.0,1.0,1.0,1.0
Axin1,9.0,21.0,27.0,119.0,57.0,69.0,38.0,62.0,51.0,6.0,41.0,96.0,43.0,41.0,66.0,86.0,67.0
Axin2,66.0,82.0,37.0,151.0,148.0,158.0,86.0,94.0,120.0,4.0,161.0,221.0,149.0,89.0,167.0,101.0,133.0
Axl,167.0,136.0,132.0,452.0,305.0,194.0,204.0,186.0,241.0,30.0,221.0,536.0,273.0,250.0,474.0,494.0,374.0
Azi2,81.0,76.0,97.0,253.0,152.0,151.0,162.0,182.0,168.0,8.0,110.0,278.0,169.0,148.0,193.0,233.0,191.0
Azin2,0.0,2.0,4.0,4.0,2.0,2.0,8.0,4.0,2.0,0.0,4.0,4.0,2.0,0.0,2.0,7.0,8.0
B3glct,4.0,7.0,5.0,16.0,7.0,11.0,13.0,20.0,11.0,1.0,10.0,26.0,16.0,5.0,12.0,10.0,6.0
B3gnt2,24.0,24.0,30.0,99.0,48.0,40.0,62.0,84.0,51.0,5.0,21.0,133.0,46.0,78.0,56.0,94.0,79.0
B3gnt6,0.0,5.0,6.0,0.0,2.0,2.0,5.0,0.0,3.0,0.0,6.0,3.0,5.0,2.0,4.0,2.0,6.0
B4galnt1,16.0,28.0,40.0,162.0,85.0,66.0,68.0,61.0,46.0,4.0,33.0,138.0,100.0,71.0,98.0,111.0,88.0
B4galnt2,1.0,2.0,4.0,2.0,3.0,5.0,8.0,2.0,11.0,0.0,1.0,3.0,3.0,2.0,1.0,5.0,3.0
B9d2,3.0,2.0,5.0,16.0,4.0,6.0,16.0,19.0,5.0,1.0,6.0,30.0,6.0,17.0,6.0,21.0,12.0
Babam2,3.0,2.0,13.0,15.0,6.0,4.0,8.0,5.0,6.0,0.0,7.0,18.0,7.0,7.0,8.0,10.0,5.0
Bace1,10.0,11.0,11.0,68.0,23.0,32.0,18.0,50.0,16.0,0.0,42.0,97.0,26.0,30.0,42.0,44.0,68.0
Bace2,17.0,17.0,14.0,59.0,59.0,29.0,32.0,19.0,46.0,0.0,9.0,93.0,44.0,37.0,73.0,65.0,57.0
Bach1,116.0,164.0,183.0,386.0,249.0,193.0,369.0,340.0,281.0,14.0,225.0,507.0,333.0,264.0,454.0,531.0,380.0
Bach2,15.0,11.0,20.0,261.0,46.0,302.0,36.0,121.0,30.0,3.0,155.0,65.0,19.0,40.0,52.0,47.0,51.0
Bad,83.0,97.0,108.0,345.0,196.0,178.0,195.0,182.0,171.0,9.0,145.0,403.0,245.0,234.0,323.0,322.0,288.0
Bag2,4.0,1.0,3.0,14.0,10.0,5.0,8.0,12.0,5.0,0.0,1.0,25.0,6.0,6.0,6.0,7.0,11.0
Baiap2,85.0,91.0,101.0,594.0,307.0,333.0,227.0,238.0,299.0,25.0,149.0,537.0,239.0,279.0,449.0,454.0,397.0
Bak1,12.0,12.0,24.0,57.0,29.0,18.0,43.0,46.0,29.0,4.0,26.0,57.0,37.0,39.0,46.0,74.0,46.0
Banp,12.0,25.0,41.0,94.0,40.0,42.0,63.0,42.0,67.0,9.0,25.0,122.0,34.0,34.0,54.0,61.0,70.0
Bap1,6.0,4.0,7.0,35.0,6.0,12.0,10.0,25.0,11.0,6.0,6.0,40.0,14.0,16.0,18.0,26.0,23.0
Bard1,2.0,9.0,10.0,43.0,5.0,13.0,16.0,18.0,7.0,0.0,17.0,34.0,10.0,7.0,11.0,22.0,27.0
Barhl1,0.0,0.0,2.0,0.0,0.0,0.0,4.0,2.0,0.0,0.0,0.0,2.0,0.0,0.0,0.0,1.0,0.0
Barhl2,1.0,2.0,5.0,0.0,4.0,1.0,3.0,2.0,2.0,0.0,1.0,0.0,2.0,0.0,1.0,1.0,1.0
Barx1,1.0,0.0,6.0,1.0,5.0,2.0,7.0,3.0,0.0,1.0,0.0,2.0,0.0,0.0,0.0,1.0,1.0
Batf,5.0,3.0,9.0,25.0,19.0,9.0,11.0,12.0,35.0,2.0,13.0,27.0,13.0,9.0,37.0,25.0,14.0
Batf3,15.0,12.0,25.0,49.0,63.0,26.0,34.0,42.0,52.0,3.0,52.0,77.0,45.0,26.0,121.0,51.0,48.0
Bax,108.0,63.0,156.0,637.0,253.0,221.0,243.0,408.0,296.0,46.0,209.0,549.0,233.0,297.0,433.0,560.0,439.0
Baz1a,32.0,33.0,68.0,190.0,92.0,72.0,93.0,104.0,58.0,13.0,64.0,188.0,101.0,90.0,115.0,182.0,137.0
Baz1b,130.0,133.0,121.0,507.0,278.0,330.0,226.0,268.0,247.0,26.0,251.0,540.0,225.0,213.0,330.0,400.0,387.0
Bbc3,3.0,3.0,3.0,7.0,1.0,7.0,7.0,9.0,6.0,2.0,1.0,9.0,1.0,3.0,7.0,10.0,9.0
Bbox1,3.0,10.0,7.0,47.0,20.0,88.0,11.0,31.0,103.0,0.0,12.0,22.0,8.0,35.0,48.0,40.0,34.0
Bbs1,8.0,6.0,7.0,13.0,17.0,9.0,5.0,14.0,8.0,1.0,6.0,27.0,6.0,9.0,17.0,15.0,14.0
Bbs2,4.0,3.0,9.0,33.0,15.0,32.0,10.0,16.0,14.0,0.0,16.0,27.0,8.0,13.0,14.0,24.0,10.0
Bbs4,11.0,7.0,9.0,35.0,25.0,21.0,17.0,22.0,20.0,0.0,17.0,41.0,24.0,14.0,36.0,20.0,24.0
Bbs5,11.0,8.0,13.0,33.0,13.0,20.0,15.0,14.0,11.0,1.0,25.0,29.0,17.0,9.0,26.0,28.0,26.0
Bbs7,12.0,15.0,15.0,35.0,21.0,45.0,26.0,12.0,20.0,1.0,27.0,56.0,21.0,20.0,35.0,40.0,28.0
Bbs9,5.0,5.0,9.0,22.0,10.0,22.0,8.0,15.0,8.0,0.0,17.0,27.0,12.0,14.0,11.0,22.0,22.0
Bcam,157.0,263.0,132.0,653.0,350.0,647.0,242.0,476.0,409.0,4.0,405.0,795.0,464.0,576.0,347.0,323.0,270.0
Bcar1,84.0,57.0,56.0,282.0,124.0,121.0,99.0,101.0,115.0,7.0,83.0,317.0,148.0,198.0,181.0,284.0,245.0
Bcl10,8.0,2.0,14.0,31.0,12.0,19.0,11.0,36.0,21.0,2.0,6.0,55.0,25.0,33.0,14.0,42.0,32.0
Bcl11a,0.0,9.0,8.0,47.0,13.0,33.0,7.0,32.0,14.0,0.0,15.0,25.0,18.0,13.0,6.0,22.0,10.0
Bcl11b,26.0,52.0,28.0,167.0,94.0,117.0,64.0,71.0,109.0,0.0,38.0,153.0,97.0,81.0,72.0,89.0,74.0
Bcl2,3.0,8.0,12.0,37.0,15.0,31.0,29.0,24.0,15.0,1.0,16.0,32.0,18.0,24.0,19.0,33.0,27.0
Bcl2a1a,3.0,3.0,27.0,36.0,13.0,8.0,28.0,29.0,21.0,12.0,12.0,10.0,10.0,8.0,41.0,40.0,15.0
Bcl2l1,88.0,56.0,147.0,261.0,127.0,149.0,152.0,228.0,175.0,33.0,90.0,298.0,167.0,146.0,193.0,193.0,189.0
Bcl2l11,7.0,9.0,35.0,48.0,18.0,14.0,36.0,72.0,33.0,8.0,13.0,46.0,16.0,20.0,35.0,41.0,37.0
Bcl2l12,16.0,18.0,14.0,70.0,32.0,46.0,22.0,42.0,23.0,3.0,12.0,57.0,30.0,35.0,26.0,48.0,52.0
Bcl2l2,23.0,15.0,31.0,131.0,57.0,59.0,31.0,77.0,68.0,7.0,49.0,96.0,45.0,71.0,61.0,111.0,88.0
Bcl3,20.0,25.0,30.0,54.0,29.0,20.0,38.0,49.0,29.0,5.0,33.0,100.0,63.0,45.0,62.0,76.0,67.0
Bcl6,102.0,83.0,126.0,415.0,109.0,218.0,193.0,374.0,334.0,28.0,103.0,469.0,238.0,315.0,306.0,293.0,298.0
Bcl7a,7.0,8.0,13.0,70.0,21.0,41.0,12.0,42.0,14.0,2.0,24.0,44.0,16.0,26.0,29.0,29.0,32.0
Bcl7b,72.0,37.0,62.0,176.0,99.0,95.0,87.0,126.0,88.0,2.0,89.0,230.0,120.0,131.0,117.0,163.0,132.0
Bcl7c,24.0,20.0,20.0,155.0,71.0,97.0,42.0,66.0,75.0,2.0,49.0,126.0,59.0,51.0,102.0,131.0,67.0
Bclaf1,151.0,170.0,197.0,646.0,318.0,343.0,255.0,288.0,298.0,26.0,293.0,631.0,369.0,375.0,388.0,547.0,445.0
Bco1,0.0,0.0,6.0,0.0,1.0,2.0,2.0,0.0,1.0,0.0,1.0,2.0,2.0,0.0,1.0,1.0,1.0
Bcor,36.0,35.0,23.0,144.0,100.0,119.0,65.0,87.0,96.0,7.0,121.0,155.0,87.0,73.0,133.0,112.0,116.0
Bcr,42.0,62.0,58.0,232.0,126.0,114.0,84.0,128.0,93.0,8.0,104.0,262.0,184.0,136.0,127.0,150.0,139.0
Bdh1,17.0,39.0,24.0,132.0,71.0,83.0,46.0,84.0,40.0,1.0,37.0,130.0,83.0,38.0,70.0,79.0,72.0
Bdkrb1,4.0,2.0,10.0,4.0,2.0,0.0,4.0,1.0,4.0,0.0,3.0,2.0,6.0,8.0,3.0,9.0,5.0
Bdkrb2,31.0,32.0,25.0,46.0,47.0,8.0,34.0,34.0,23.0,3.0,8.0,85.0,49.0,43.0,49.0,71.0,54.0
Bdnf,0.0,4.0,8.0,10.0,4.0,3.0,6.0,9.0,0.0,1.0,1.0,11.0,9.0,6.0,2.0,11.0,5.0
Becn1,65.0,75.0,76.0,234.0,129.0,142.0,121.0,154.0,145.0,26.0,105.0,288.0,162.0,118.0,164.0,167.0,165.0
Bex3,99.0,148.0,76.0,567.0,316.0,307.0,168.0,200.0,181.0,11.0,298.0,501.0,297.0,181.0,359.0,375.0,353.0
Bfsp1,6.0,8.0,6.0,39.0,41.0,4.0,16.0,7.0,6.0,0.0,9.0,46.0,27.0,15.0,21.0,39.0,23.0
Bglap,16.0,3.0,14.0,20.0,24.0,9.0,22.0,22.0,20.0,3.0,14.0,34.0,25.0,5.0,24.0,24.0,17.0
Bglap2,1.0,4.0,12.0,8.0,6.0,7.0,6.0,8.0,7.0,0.0,6.0,16.0,18.0,6.0,11.0,18.0,6.0
Bhlha15,1.0,2.0,3.0,0.0,3.0,1.0,7.0,3.0,1.0,0.0,2.0,1.0,1.0,1.0,1.0,1.0,0.0
Bhlhe22,1.0,4.0,5.0,4.0,6.0,6.0,9.0,4.0,6.0,1.0,1.0,9.0,10.0,6.0,2.0,4.0,4.0
Bhlhe40,115.0,73.0,122.0,267.0,182.0,88.0,129.0,269.0,59.0,24.0,75.0,420.0,170.0,212.0,224.0,370.0,334.0
Bhmt,1.0,2.0,9.0,0.0,1.0,1.0,9.0,5.0,0.0,2.0,1.0,0.0,0.0,0.0,0.0,1.0,0.0
Bicd2,271.0,248.0,207.0,786.0,667.0,367.0,359.0,378.0,377.0,26.0,203.0,1045.0,696.0,474.0,758.0,660.0,611.0
Bid,22.0,25.0,27.0,45.0,28.0,36.0,42.0,41.0,53.0,9.0,46.0,77.0,38.0,26.0,53.0,58.0,65.0
Bin1,191.0,21.0,70.0,180.0,126.0,46.0,68.0,205.0,89.0,6.0,150.0,515.0,91.0,291.0,273.0,300.0,366.0
Birc2,4.0,6.0,4.0,36.0,3.0,14.0,6.0,12.0,10.0,2.0,10.0,26.0,13.0,9.0,12.0,19.0,22.0
Birc3,16.0,21.0,28.0,72.0,29.0,29.0,47.0,59.0,37.0,8.0,21.0,60.0,30.0,33.0,48.0,71.0,66.0
Birc5,8.0,16.0,13.0,72.0,24.0,35.0,31.0,37.0,19.0,0.0,30.0,71.0,43.0,45.0,21.0,76.0,41.0
Blk,0.0,1.0,1.0,3.0,1.0,0.0,3.0,3.0,5.0,0.0,2.0,2.0,1.0,1.0,0.0,3.0,0.0
Blmh,460.0,466.0,213.0,1335.0,1281.0,917.0,604.0,431.0,684.0,17.0,347.0,2469.0,1253.0,672.0,1952.0,1180.0,1367.0
Blnk,50.0,20.0,52.0,147.0,118.0,86.0,65.0,54.0,113.0,3.0,73.0,163.0,105.0,96.0,260.0,118.0,117.0
Bloc1s5,1.0,1.0,7.0,9.0,3.0,7.0,4.0,12.0,4.0,0.0,5.0,14.0,3.0,5.0,10.0,12.0,11.0
Bloc1s6,12.0,7.0,13.0,36.0,21.0,20.0,16.0,25.0,18.0,3.0,20.0,44.0,25.0,22.0,21.0,34.0,28.0
Bmf,3.0,3.0,8.0,43.0,23.0,14.0,8.0,34.0,22.0,1.0,32.0,49.0,11.0,19.0,45.0,23.0,29.0
Bmi1,57.0,53.0,70.0,224.0,121.0,132.0,105.0,98.0,93.0,6.0,121.0,258.0,131.0,126.0,161.0,167.0,155.0
Bmp1,114.0,121.0,187.0,1246.0,437.0,296.0,233.0,480.0,255.0,43.0,546.0,1226.0,395.0,416.0,717.0,1655.0,1529.0
Bmp10,1.0,1.0,2.0,0.0,0.0,1.0,5.0,0.0,0.0,0.0,1.0,0.0,1.0,1.0,1.0,0.0,1.0
Bmp15,0.0,4.0,5.0,3.0,2.0,2.0,3.0,4.0,1.0,0.0,3.0,4.0,3.0,3.0,0.0,1.0,4.0
Bmp2,29.0,38.0,26.0,56.0,73.0,76.0,49.0,28.0,57.0,4.0,78.0,144.0,90.0,50.0,116.0,60.0,97.0
Bmp3,9.0,2.0,10.0,35.0,10.0,10.0,11.0,5.0,10.0,1.0,10.0,33.0,12.0,11.0,8.0,22.0,8.0
Bmp4,2.0,15.0,7.0,42.0,14.0,35.0,16.0,18.0,33.0,0.0,25.0,33.0,13.0,17.0,22.0,25.0,13.0
Bmp5,2.0,2.0,5.0,1.0,0.0,1.0,5.0,2.0,2.0,1.0,0.0,5.0,0.0,3.0,1.0,0.0,2.0
Bmp6,0.0,1.0,9.0,18.0,6.0,13.0,14.0,4.0,8.0,0.0,10.0,19.0,5.0,10.0,9.0,19.0,11.0
Bmp7,10.0,7.0,6.0,38.0,12.0,28.0,13.0,22.0,19.0,0.0,7.0,50.0,27.0,28.0,13.0,19.0,16.0
Bmp8b,6.0,5.0,9.0,1.0,16.0,10.0,14.0,5.0,9.0,0.0,11.0,24.0,5.0,4.0,22.0,5.0,6.0
Bmpr1a,36.0,41.0,25.0,166.0,84.0,120.0,50.0,92.0,84.0,1.0,78.0,180.0,78.0,94.0,79.0,113.0,95.0
Bmpr1b,1.0,1.0,3.0,3.0,4.0,5.0,3.0,2.0,4.0,0.0,4.0,4.0,2.0,3.0,2.0,2.0,5.0
Bmpr2,174.0,168.0,181.0,743.0,412.0,476.0,253.0,369.0,359.0,22.0,301.0,792.0,376.0,397.0,544.0,579.0,556.0
Bnc1,27.0,47.0,43.0,121.0,59.0,54.0,54.0,73.0,37.0,3.0,40.0,96.0,123.0,71.0,43.0,72.0,47.0
Bnc2,3.0,5.0,13.0,93.0,24.0,77.0,14.0,63.0,18.0,0.0,68.0,62.0,19.0,26.0,28.0,63.0,33.0
Bnip3,56.0,5.0,33.0,26.0,37.0,7.0,45.0,36.0,16.0,4.0,6.0,71.0,24.0,15.0,33.0,54.0,39.0
Boc,6.0,13.0,5.0,60.0,20.0,35.0,17.0,28.0,32.0,0.0,25.0,67.0,40.0,62.0,45.0,40.0,35.0
Borcs8,8.0,9.0,11.0,59.0,20.0,30.0,23.0,37.0,31.0,0.0,17.0,62.0,23.0,18.0,25.0,33.0,34.0
Bpifb1,1.0,1.0,8.0,0.0,0.0,0.0,4.0,3.0,0.0,0.0,0.0,0.0,4.0,0.0,3.0,3.0,1.0
Braf,3.0,2.0,5.0,24.0,15.0,11.0,7.0,18.0,5.0,1.0,10.0,17.0,11.0,8.0,12.0,15.0,5.0
Brca1,8.0,12.0,9.0,87.0,31.0,49.0,19.0,28.0,13.0,2.0,38.0,61.0,28.0,24.0,34.0,41.0,50.0
Brca2,17.0,15.0,10.0,48.0,30.0,25.0,23.0,14.0,18.0,0.0,20.0,43.0,40.0,32.0,29.0,39.0,39.0
Brcc3,3.0,8.0,11.0,26.0,9.0,20.0,15.0,13.0,9.0,0.0,9.0,29.0,12.0,10.0,13.0,15.0,12.0
Brd2,134.0,113.0,168.0,692.0,303.0,331.0,235.0,404.0,302.0,39.0,176.0,626.0,282.0,327.0,392.0,542.0,490.0
Brd4,31.0,31.0,45.0,213.0,64.0,106.0,61.0,95.0,85.0,7.0,63.0,179.0,65.0,71.0,104.0,140.0,137.0
Brd7,21.0,38.0,42.0,194.0,76.0,127.0,79.0,120.0,84.0,7.0,89.0,225.0,62.0,86.0,103.0,154.0,139.0
Brd8,28.0,31.0,38.0,257.0,77.0,128.0,60.0,137.0,93.0,6.0,75.0,187.0,83.0,119.0,107.0,152.0,165.0
Brip1,9.0,5.0,6.0,38.0,14.0,26.0,21.0,17.0,18.0,2.0,14.0,36.0,10.0,7.0,24.0,29.0,26.0
Brpf1,46.0,41.0,54.0,210.0,94.0,104.0,73.0,125.0,88.0,10.0,70.0,178.0,80.0,98.0,125.0,135.0,132.0
Brpf3,3.0,7.0,12.0,30.0,12.0,20.0,14.0,9.0,10.0,0.0,7.0,21.0,5.0,13.0,11.0,24.0,14.0
Brsk2,0.0,0.0,5.0,3.0,2.0,1.0,6.0,2.0,1.0,0.0,0.0,4.0,2.0,2.0,1.0,2.0,1.0
Brwd3,6.0,7.0,13.0,43.0,19.0,23.0,27.0,29.0,14.0,0.0,15.0,45.0,22.0,17.0,25.0,31.0,26.0
Bsn,0.0,1.0,0.0,6.0,3.0,1.0,1.0,1.0,2.0,0.0,3.0,1.0,3.0,4.0,5.0,2.0,4.0
Bsnd,1.0,2.0,6.0,2.0,4.0,2.0,2.0,1.0,2.0,0.0,4.0,5.0,3.0,1.0,3.0,3.0,5.0
Btbd2,1.0,1.0,2.0,2.0,1.0,1.0,4.0,1.0,0.0,0.0,2.0,3.0,0.0,1.0,0.0,3.0,0.0
Btbd9,22.0,28.0,35.0,110.0,46.0,43.0,50.0,67.0,70.0,8.0,46.0,98.0,77.0,75.0,83.0,96.0,80.0
Btc,2.0,2.0,9.0,2.0,3.0,0.0,7.0,1.0,17.0,1.0,3.0,6.0,1.0,0.0,13.0,5.0,4.0
Btk,2.0,0.0,11.0,20.0,7.0,4.0,10.0,13.0,16.0,1.0,10.0,15.0,5.0,11.0,23.0,26.0,10.0
Btla,2.0,0.0,8.0,13.0,7.0,6.0,13.0,4.0,11.0,0.0,11.0,6.0,4.0,7.0,11.0,15.0,10.0
Btrc,15.0,7.0,20.0,57.0,41.0,50.0,30.0,42.0,37.0,4.0,42.0,67.0,32.0,34.0,46.0,84.0,69.0
Bub1,7.0,5.0,7.0,60.0,24.0,27.0,21.0,20.0,8.0,2.0,22.0,37.0,13.0,9.0,24.0,32.0,31.0
Bub1b,61.0,113.0,63.0,437.0,182.0,235.0,123.0,132.0,125.0,3.0,169.0,330.0,227.0,147.0,169.0,231.0,243.0
C1ql1,2.0,0.0,4.0,3.0,3.0,3.0,4.0,1.0,2.0,0.0,2.0,4.0,3.0,0.0,5.0,4.0,0.0
C1qtnf12,18.0,23.0,25.0,222.0,44.0,91.0,35.0,92.0,48.0,1.0,48.0,188.0,91.0,98.0,68.0,92.0,63.0
C1qtnf5,9.0,6.0,8.0,55.0,25.0,18.0,7.0,28.0,17.0,2.0,26.0,107.0,11.0,26.0,35.0,53.0,38.0
C2,52.0,40.0,39.0,143.0,228.0,145.0,48.0,68.0,116.0,1.0,229.0,332.0,70.0,106.0,465.0,181.0,109.0
C2cd6,2.0,3.0,3.0,0.0,1.0,2.0,2.0,1.0,3.0,0.0,0.0,3.0,2.0,1.0,1.0,2.0,2.0
C3,56.0,41.0,136.0,345.0,748.0,213.0,184.0,422.0,411.0,30.0,657.0,2330.0,107.0,751.0,970.0,776.0,539.0
C3ar1,12.0,8.0,52.0,271.0,59.0,24.0,75.0,171.0,54.0,33.0,41.0,128.0,18.0,50.0,201.0,245.0,95.0
C4b,84.0,149.0,128.0,287.0,1196.0,693.0,244.0,197.0,579.0,16.0,786.0,1208.0,265.0,307.0,884.0,303.0,194.0
C4bp,1.0,1.0,6.0,0.0,1.0,0.0,8.0,3.0,1.0,0.0,2.0,5.0,1.0,0.0,0.0,1.0,0.0
C5ar1,17.0,3.0,59.0,72.0,42.0,11.0,83.0,77.0,30.0,18.0,40.0,67.0,23.0,31.0,100.0,126.0,70.0
C5ar2,4.0,5.0,5.0,12.0,10.0,7.0,15.0,8.0,4.0,1.0,5.0,23.0,9.0,4.0,13.0,16.0,13.0
C6,4.0,4.0,4.0,7.0,81.0,81.0,4.0,12.0,17.0,0.0,82.0,55.0,5.0,15.0,53.0,19.0,12.0
C7,10.0,45.0,31.0,12.0,96.0,97.0,63.0,56.0,134.0,0.0,90.0,90.0,41.0,64.0,186.0,22.0,41.0
Cab39l,13.0,10.0,12.0,35.0,25.0,20.0,24.0,28.0,26.0,0.0,11.0,46.0,25.0,32.0,27.0,38.0,37.0
Cabp1,0.0,2.0,8.0,12.0,8.0,9.0,5.0,5.0,1.0,3.0,13.0,43.0,7.0,9.0,12.0,17.0,20.0
Cacna1a,1.0,1.0,2.0,0.0,2.0,1.0,1.0,3.0,1.0,0.0,1.0,2.0,0.0,1.0,2.0,2.0,0.0
Cacna1b,3.0,2.0,3.0,1.0,2.0,5.0,3.0,1.0,2.0,0.0,6.0,4.0,7.0,5.0,8.0,2.0,11.0
Cacna1c,5.0,9.0,11.0,43.0,13.0,8.0,15.0,15.0,19.0,3.0,19.0,51.0,18.0,28.0,31.0,29.0,58.0
Cacna1d,8.0,5.0,35.0,36.0,37.0,14.0,49.0,28.0,33.0,12.0,25.0,36.0,20.0,16.0,51.0,29.0,19.0
Cacna1g,2.0,2.0,3.0,36.0,3.0,16.0,6.0,11.0,12.0,0.0,7.0,20.0,0.0,13.0,6.0,13.0,17.0
Cacna1h,2.0,0.0,4.0,4.0,5.0,5.0,2.0,1.0,2.0,1.0,6.0,15.0,2.0,2.0,9.0,5.0,13.0
Cacna1s,57.0,1.0,31.0,23.0,55.0,4.0,7.0,71.0,14.0,0.0,27.0,285.0,21.0,120.0,55.0,58.0,102.0
Cacna2d1,41.0,10.0,22.0,48.0,29.0,18.0,13.0,50.0,18.0,3.0,25.0,129.0,25.0,109.0,59.0,94.0,99.0
Cacna2d2,4.0,1.0,3.0,7.0,8.0,18.0,2.0,4.0,4.0,0.0,1.0,9.0,4.0,6.0,4.0,3.0,3.0
Cacnb1,171.0,258.0,126.0,212.0,456.0,324.0,247.0,176.0,257.0,8.0,442.0,663.0,447.0,253.0,527.0,269.0,397.0
Cacng1,26.0,0.0,19.0,11.0,5.0,0.0,6.0,54.0,12.0,0.0,6.0,275.0,25.0,109.0,38.0,80.0,101.0
Cacng2,0.0,2.0,7.0,2.0,1.0,1.0,13.0,3.0,3.0,0.0,3.0,8.0,4.0,1.0,6.0,1.0,2.0
Cacng3,1.0,3.0,4.0,4.0,1.0,0.0,1.0,0.0,1.0,1.0,0.0,1.0,1.0,0.0,1.0,1.0,1.0
Cadm1,24.0,41.0,39.0,150.0,70.0,89.0,76.0,94.0,60.0,6.0,46.0,129.0,105.0,57.0,62.0,75.0,63.0
Cadm3,4.0,12.0,4.0,18.0,15.0,15.0,16.0,21.0,39.0,1.0,22.0,28.0,8.0,34.0,24.0,31.0,22.0
Cadps2,2.0,4.0,4.0,5.0,12.0,5.0,9.0,5.0,7.0,0.0,10.0,9.0,3.0,5.0,14.0,6.0,4.0
Calb2,1.0,1.0,1.0,7.0,0.0,0.0,1.0,0.0,0.0,1.0,2.0,1.0,0.0,0.0,0.0,2.0,1.0
Calcr,1.0,1.0,5.0,0.0,0.0,0.0,4.0,0.0,0.0,0.0,0.0,0.0,1.0,0.0,1.0,1.0,0.0
Calcrl,17.0,10.0,23.0,60.0,37.0,20.0,28.0,26.0,31.0,12.0,37.0,128.0,15.0,23.0,83.0,63.0,49.0
Calu,363.0,279.0,372.0,1404.0,1031.0,484.0,668.0,661.0,527.0,76.0,814.0,1797.0,811.0,711.0,1524.0,1909.0,1532.0
Camk1d,8.0,12.0,7.0,32.0,33.0,22.0,23.0,25.0,28.0,5.0,17.0,29.0,28.0,14.0,45.0,29.0,35.0
Camk2a,3.0,1.0,12.0,3.0,15.0,2.0,3.0,29.0,3.0,0.0,2.0,49.0,5.0,21.0,5.0,13.0,10.0
Camk2b,8.0,1.0,9.0,5.0,6.0,5.0,1.0,16.0,7.0,0.0,6.0,45.0,1.0,23.0,6.0,12.0,18.0
Camk2d,224.0,133.0,162.0,368.0,417.0,216.0,341.0,217.0,308.0,12.0,195.0,574.0,415.0,282.0,542.0,425.0,359.0
Camk2g,6.0,4.0,11.0,28.0,7.0,10.0,6.0,14.0,14.0,1.0,9.0,33.0,14.0,12.0,8.0,22.0,21.0
Camk4,1.0,1.0,6.0,6.0,2.0,2.0,8.0,1.0,3.0,0.0,3.0,3.0,2.0,1.0,3.0,2.0,3.0
Camkv,1.0,3.0,6.0,7.0,4.0,5.0,6.0,3.0,6.0,0.0,0.0,2.0,0.0,4.0,0.0,5.0,1.0
Camsap1,53.0,56.0,31.0,281.0,129.0,141.0,73.0,114.0,98.0,1.0,68.0,263.0,114.0,95.0,137.0,186.0,173.0
Camsap2,29.0,52.0,57.0,233.0,126.0,90.0,98.0,120.0,106.0,10.0,68.0,275.0,122.0,109.0,112.0,137.0,136.0
Camsap3,36.0,61.0,29.0,406.0,156.0,304.0,84.0,159.0,197.0,1.0,157.0,240.0,135.0,162.0,237.0,157.0,148.0
Camta2,10.0,8.0,25.0,97.0,29.0,28.0,24.0,58.0,35.0,9.0,39.0,91.0,27.0,60.0,53.0,87.0,82.0
Canx,556.0,568.0,442.0,1481.0,1075.0,770.0,966.0,928.0,989.0,60.0,606.0,1771.0,1500.0,986.0,1398.0,1480.0,1338.0
Cap2,76.0,7.0,17.0,86.0,48.0,19.0,10.0,98.0,25.0,1.0,61.0,324.0,29.0,189.0,192.0,139.0,196.0
Capn1,55.0,54.0,60.0,434.0,196.0,191.0,124.0,198.0,209.0,12.0,79.0,384.0,208.0,179.0,271.0,250.0,212.0
Capn10,24.0,42.0,22.0,146.0,80.0,120.0,54.0,61.0,97.0,4.0,47.0,161.0,81.0,100.0,83.0,109.0,115.0
Capn2,184.0,225.0,404.0,912.0,743.0,252.0,788.0,571.0,379.0,51.0,310.0,1441.0,805.0,597.0,823.0,838.0,723.0
Caprin1,284.0,321.0,283.0,1153.0,775.0,596.0,583.0,487.0,566.0,61.0,680.0,1225.0,720.0,585.0,871.0,922.0,815.0
Car4,17.0,11.0,88.0,46.0,40.0,9.0,114.0,42.0,18.0,7.0,23.0,49.0,88.0,9.0,55.0,190.0,132.0
Car7,0.0,1.0,4.0,3.0,3.0,8.0,3.0,1.0,4.0,1.0,1.0,18.0,3.0,2.0,5.0,2.0,3.0
Card9,6.0,5.0,16.0,52.0,36.0,16.0,25.0,35.0,37.0,8.0,20.0,45.0,19.0,32.0,70.0,69.0,52.0
Carm1,25.0,29.0,21.0,116.0,47.0,52.0,27.0,70.0,41.0,6.0,46.0,106.0,53.0,50.0,69.0,106.0,72.0
Carmil1,15.0,11.0,15.0,47.0,35.0,51.0,23.0,40.0,21.0,5.0,29.0,52.0,28.0,20.0,26.0,26.0,34.0
Carns1,6.0,2.0,3.0,16.0,10.0,6.0,4.0,13.0,13.0,2.0,17.0,82.0,7.0,13.0,25.0,23.0,26.0
Cartpt,6.0,2.0,8.0,14.0,8.0,14.0,14.0,8.0,6.0,0.0,6.0,13.0,4.0,5.0,15.0,21.0,9.0
Casc4,10.0,2.0,3.0,32.0,9.0,17.0,7.0,19.0,8.0,1.0,20.0,37.0,3.0,12.0,15.0,17.0,28.0
Caskin1,2.0,0.0,2.0,1.0,3.0,0.0,1.0,0.0,3.0,0.0,0.0,3.0,1.0,0.0,4.0,0.0,2.0
Casp1,37.0,24.0,71.0,139.0,114.0,78.0,114.0,60.0,80.0,10.0,74.0,139.0,76.0,50.0,97.0,90.0,88.0
Casp12,4.0,1.0,0.0,8.0,13.0,2.0,5.0,9.0,3.0,0.0,12.0,13.0,5.0,12.0,13.0,9.0,14.0
Casp2,5.0,2.0,14.0,22.0,10.0,26.0,9.0,20.0,12.0,2.0,10.0,25.0,8.0,9.0,21.0,17.0,18.0
Casp3,114.0,132.0,108.0,370.0,203.0,153.0,197.0,231.0,114.0,12.0,167.0,439.0,374.0,147.0,340.0,305.0,270.0
Casp4,45.0,29.0,68.0,55.0,41.0,27.0,95.0,77.0,58.0,13.0,46.0,81.0,62.0,55.0,88.0,106.0,78.0
Casp7,9.0,12.0,18.0,52.0,38.0,25.0,29.0,19.0,33.0,3.0,32.0,45.0,25.0,18.0,33.0,47.0,37.0
Casp8,71.0,62.0,98.0,272.0,170.0,96.0,176.0,182.0,165.0,12.0,117.0,304.0,165.0,162.0,231.0,267.0,176.0
Casp9,7.0,6.0,7.0,30.0,18.0,12.0,24.0,21.0,15.0,0.0,17.0,29.0,15.0,14.0,22.0,17.0,21.0
Casq1,274.0,0.0,60.0,26.0,226.0,1.0,12.0,184.0,94.0,0.0,126.0,722.0,62.0,499.0,333.0,136.0,267.0
Casq2,49.0,2.0,7.0,46.0,22.0,6.0,7.0,11.0,0.0,1.0,19.0,83.0,2.0,7.0,195.0,12.0,89.0
Casr,0.0,1.0,4.0,1.0,3.0,3.0,5.0,5.0,3.0,0.0,8.0,4.0,1.0,3.0,1.0,2.0,6.0
Casz1,29.0,27.0,27.0,180.0,64.0,139.0,41.0,93.0,53.0,1.0,73.0,145.0,70.0,86.0,90.0,81.0,78.0
Cat,28.0,33.0,25.0,129.0,106.0,107.0,56.0,66.0,89.0,1.0,51.0,190.0,67.0,75.0,134.0,127.0,122.0
Cav1,159.0,114.0,159.0,543.0,618.0,367.0,342.0,202.0,355.0,34.0,412.0,1344.0,285.0,317.0,558.0,656.0,579.0
Cav2,47.0,73.0,90.0,247.0,244.0,141.0,113.0,134.0,193.0,17.0,82.0,395.0,189.0,148.0,159.0,231.0,186.0
Cav3,40.0,1.0,22.0,25.0,12.0,0.0,2.0,51.0,14.0,0.0,14.0,87.0,23.0,81.0,66.0,16.0,51.0
Cavin1,165.0,96.0,137.0,1077.0,682.0,311.0,249.0,324.0,337.0,17.0,514.0,1582.0,370.0,460.0,900.0,1219.0,772.0
Cbfb,10.0,12.0,15.0,86.0,22.0,30.0,18.0,33.0,21.0,2.0,20.0,87.0,28.0,51.0,41.0,65.0,70.0
Cbl,157.0,175.0,198.0,456.0,369.0,343.0,306.0,290.0,334.0,29.0,269.0,562.0,395.0,335.0,450.0,420.0,356.0
Cblb,2.0,4.0,7.0,49.0,15.0,25.0,14.0,36.0,28.0,0.0,4.0,55.0,22.0,18.0,19.0,47.0,26.0
Cblc,18.0,17.0,18.0,53.0,47.0,45.0,35.0,41.0,24.0,0.0,10.0,75.0,61.0,37.0,56.0,40.0,35.0
Cblif,1.0,0.0,2.0,1.0,0.0,0.0,4.0,1.0,0.0,0.0,1.0,0.0,0.0,0.0,0.0,0.0,0.0
Cbln1,0.0,2.0,8.0,8.0,1.0,1.0,7.0,0.0,0.0,0.0,4.0,11.0,3.0,2.0,1.0,6.0,1.0
Cbln2,4.0,4.0,6.0,15.0,10.0,14.0,9.0,4.0,9.0,0.0,9.0,21.0,6.0,5.0,10.0,7.0,10.0
Cbln3,1.0,3.0,3.0,1.0,5.0,2.0,4.0,3.0,1.0,0.0,2.0,6.0,1.0,2.0,6.0,1.0,3.0
Cbln4,1.0,0.0,8.0,1.0,0.0,0.0,6.0,2.0,0.0,0.0,1.0,1.0,1.0,0.0,0.0,0.0,1.0
Cbs,3.0,5.0,5.0,58.0,7.0,73.0,5.0,19.0,19.0,0.0,55.0,12.0,3.0,4.0,15.0,9.0,8.0
Cbx1,5.0,9.0,21.0,44.0,7.0,19.0,13.0,31.0,23.0,3.0,11.0,45.0,14.0,27.0,15.0,22.0,31.0
Cbx2,1.0,4.0,1.0,12.0,3.0,8.0,7.0,4.0,3.0,0.0,1.0,9.0,1.0,1.0,2.0,5.0,6.0
Cbx3,116.0,162.0,142.0,633.0,244.0,329.0,226.0,237.0,232.0,8.0,289.0,638.0,305.0,290.0,286.0,445.0,364.0
Cbx5,15.0,12.0,18.0,81.0,27.0,38.0,19.0,33.0,19.0,2.0,24.0,63.0,18.0,23.0,25.0,51.0,35.0
Cbx7,2.0,5.0,7.0,19.0,5.0,9.0,5.0,11.0,16.0,0.0,6.0,31.0,7.0,13.0,9.0,13.0,15.0
Ccar2,50.0,37.0,43.0,228.0,110.0,128.0,76.0,132.0,86.0,4.0,94.0,253.0,108.0,111.0,147.0,169.0,155.0
Ccdc130,4.0,1.0,9.0,20.0,12.0,4.0,6.0,9.0,7.0,0.0,7.0,15.0,7.0,8.0,12.0,14.0,15.0
Ccdc184,9.0,8.0,4.0,11.0,23.0,18.0,8.0,7.0,8.0,0.0,34.0,33.0,18.0,7.0,13.0,12.0,16.0
Cckbr,1.0,0.0,3.0,1.0,2.0,0.0,2.0,1.0,1.0,1.0,0.0,2.0,0.0,0.0,0.0,1.0,0.0
Ccl1,1.0,1.0,4.0,0.0,0.0,2.0,4.0,0.0,2.0,0.0,0.0,1.0,1.0,0.0,1.0,2.0,2.0
Ccl11,15.0,10.0,17.0,25.0,31.0,27.0,22.0,24.0,26.0,2.0,37.0,96.0,17.0,30.0,48.0,53.0,56.0
Ccl12,12.0,18.0,57.0,27.0,7.0,9.0,36.0,77.0,38.0,11.0,13.0,26.0,23.0,33.0,22.0,52.0,26.0
Ccl17,0.0,1.0,6.0,1.0,14.0,20.0,5.0,4.0,24.0,1.0,5.0,3.0,4.0,0.0,6.0,6.0,4.0
Ccl19,43.0,48.0,28.0,27.0,74.0,47.0,55.0,18.0,45.0,1.0,54.0,99.0,72.0,34.0,68.0,52.0,51.0
Ccl2,309.0,281.0,1068.0,435.0,101.0,25.0,911.0,533.0,335.0,71.0,130.0,297.0,321.0,393.0,300.0,510.0,361.0
Ccl20,3.0,8.0,13.0,4.0,1.0,2.0,6.0,3.0,1.0,0.0,4.0,2.0,2.0,6.0,2.0,9.0,1.0
Ccl21a,3.0,22.0,8.0,35.0,19.0,5.0,27.0,11.0,7.0,0.0,5.0,226.0,22.0,17.0,49.0,35.0,24.0
Ccl21b,3.0,7.0,11.0,7.0,6.0,8.0,14.0,3.0,3.0,0.0,1.0,39.0,5.0,1.0,11.0,9.0,5.0
Ccl24,4.0,2.0,11.0,4.0,9.0,2.0,15.0,3.0,3.0,1.0,8.0,9.0,3.0,1.0,4.0,10.0,4.0
Ccl25,6.0,3.0,10.0,14.0,5.0,12.0,12.0,8.0,6.0,0.0,5.0,19.0,9.0,6.0,12.0,7.0,14.0
Ccl3,18.0,9.0,71.0,51.0,20.0,21.0,69.0,149.0,26.0,20.0,23.0,31.0,29.0,8.0,41.0,102.0,48.0
Ccl7,254.0,204.0,650.0,296.0,82.0,27.0,534.0,366.0,372.0,53.0,130.0,263.0,300.0,531.0,182.0,469.0,281.0
Ccl8,61.0,73.0,74.0,231.0,789.0,531.0,126.0,274.0,434.0,6.0,501.0,914.0,73.0,180.0,540.0,427.0,335.0
Ccn1,133.0,132.0,354.0,286.0,102.0,44.0,338.0,247.0,206.0,25.0,123.0,350.0,269.0,347.0,161.0,440.0,432.0
Ccn2,9.0,16.0,64.0,99.0,28.0,20.0,26.0,44.0,64.0,2.0,38.0,218.0,27.0,63.0,69.0,85.0,102.0
Ccna1,1.0,1.0,2.0,0.0,0.0,0.0,3.0,0.0,0.0,0.0,0.0,0.0,0.0,0.0,1.0,1.0,1.0
Ccna2,35.0,56.0,24.0,215.0,78.0,127.0,77.0,96.0,47.0,1.0,86.0,237.0,119.0,99.0,117.0,191.0,135.0
Ccnb1,6.0,3.0,20.0,28.0,3.0,8.0,26.0,18.0,12.0,0.0,8.0,25.0,16.0,9.0,7.0,19.0,32.0
Ccnb3,0.0,3.0,1.0,2.0,2.0,1.0,2.0,1.0,3.0,0.0,3.0,6.0,4.0,2.0,5.0,5.0,2.0
Ccnd1,87.0,112.0,110.0,694.0,356.0,338.0,183.0,252.0,218.0,39.0,437.0,592.0,272.0,175.0,279.0,325.0,390.0
Ccnd2,54.0,57.0,54.0,373.0,147.0,432.0,106.0,237.0,194.0,7.0,230.0,249.0,136.0,111.0,119.0,191.0,154.0
Ccnd3,9.0,4.0,18.0,38.0,7.0,16.0,17.0,49.0,20.0,0.0,8.0,72.0,12.0,18.0,22.0,38.0,43.0
Ccne1,2.0,3.0,5.0,24.0,9.0,5.0,5.0,10.0,9.0,0.0,2.0,15.0,13.0,7.0,10.0,21.0,12.0
Ccnt1,10.0,14.0,22.0,81.0,29.0,43.0,28.0,64.0,34.0,1.0,23.0,86.0,28.0,42.0,43.0,62.0,56.0
Ccp110,1.0,1.0,1.0,10.0,2.0,10.0,8.0,5.0,7.0,0.0,5.0,11.0,7.0,2.0,9.0,7.0,13.0
Ccr1,75.0,25.0,298.0,145.0,60.0,8.0,312.0,285.0,101.0,83.0,63.0,115.0,144.0,91.0,114.0,221.0,112.0
Ccr10,0.0,0.0,4.0,2.0,0.0,2.0,6.0,4.0,4.0,0.0,1.0,2.0,1.0,1.0,1.0,1.0,0.0
Ccr2,44.0,18.0,81.0,96.0,90.0,26.0,135.0,132.0,122.0,5.0,55.0,115.0,63.0,74.0,169.0,126.0,66.0
Ccr3,1.0,0.0,8.0,2.0,0.0,1.0,4.0,3.0,1.0,0.0,0.0,8.0,0.0,1.0,6.0,5.0,3.0
Ccr4,1.0,0.0,4.0,4.0,0.0,6.0,1.0,7.0,8.0,0.0,2.0,6.0,1.0,3.0,6.0,6.0,2.0
Ccr5,63.0,31.0,121.0,87.0,61.0,21.0,199.0,131.0,138.0,34.0,58.0,108.0,75.0,68.0,152.0,144.0,87.0
Ccr6,1.0,0.0,6.0,3.0,1.0,0.0,5.0,4.0,1.0,0.0,6.0,3.0,0.0,0.0,3.0,4.0,3.0
Ccr7,12.0,4.0,22.0,40.0,26.0,1.0,41.0,40.0,37.0,0.0,28.0,39.0,27.0,13.0,21.0,52.0,35.0
Ccr9,1.0,1.0,7.0,3.0,4.0,5.0,5.0,4.0,2.0,0.0,4.0,7.0,2.0,1.0,3.0,4.0,3.0
Ccser2,8.0,10.0,11.0,11.0,14.0,13.0,14.0,7.0,11.0,1.0,11.0,27.0,12.0,8.0,14.0,24.0,19.0
Cct3,464.0,424.0,354.0,1596.0,812.0,672.0,765.0,855.0,672.0,39.0,674.0,1745.0,1239.0,834.0,1133.0,1042.0,1146.0
Cct5,361.0,345.0,291.0,1170.0,669.0,574.0,603.0,666.0,544.0,31.0,475.0,1281.0,989.0,695.0,883.0,848.0,869.0
Cct7,160.0,144.0,179.0,725.0,373.0,338.0,315.0,430.0,286.0,13.0,280.0,730.0,444.0,416.0,478.0,517.0,502.0
Cct8,502.0,486.0,390.0,1157.0,795.0,639.0,881.0,661.0,616.0,40.0,584.0,1419.0,1173.0,727.0,1043.0,1018.0,992.0
Cd109,45.0,65.0,57.0,339.0,144.0,246.0,95.0,92.0,237.0,2.0,72.0,332.0,137.0,107.0,252.0,245.0,225.0
Cd14,53.0,20.0,421.0,122.0,91.0,24.0,329.0,457.0,64.0,88.0,50.0,144.0,141.0,30.0,195.0,311.0,149.0
Cd151,42.0,35.0,44.0,159.0,71.0,70.0,53.0,124.0,95.0,7.0,43.0,262.0,128.0,164.0,69.0,164.0,171.0
Cd160,0.0,0.0,3.0,1.0,0.0,0.0,2.0,0.0,2.0,0.0,0.0,0.0,1.0,0.0,0.0,1.0,1.0
Cd163,29.0,74.0,35.0,166.0,713.0,503.0,80.0,213.0,400.0,0.0,404.0,815.0,112.0,194.0,305.0,350.0,171.0
Cd177,6.0,1.0,11.0,3.0,4.0,2.0,12.0,7.0,7.0,0.0,3.0,6.0,6.0,6.0,4.0,7.0,4.0
Cd180,66.0,17.0,114.0,88.0,82.0,23.0,174.0,123.0,165.0,14.0,78.0,97.0,66.0,43.0,211.0,110.0,84.0
Cd19,1.0,0.0,5.0,1.0,0.0,1.0,3.0,2.0,0.0,1.0,0.0,2.0,0.0,0.0,1.0,2.0,1.0
Cd1d1,1.0,3.0,6.0,21.0,33.0,20.0,7.0,10.0,8.0,0.0,7.0,31.0,3.0,2.0,15.0,17.0,11.0
Cd2,1.0,0.0,0.0,4.0,0.0,1.0,4.0,1.0,3.0,0.0,1.0,5.0,2.0,1.0,1.0,8.0,2.0
Cd200,18.0,31.0,24.0,79.0,36.0,64.0,35.0,54.0,32.0,5.0,42.0,104.0,69.0,43.0,87.0,50.0,39.0
Cd200r1,9.0,7.0,19.0,20.0,17.0,6.0,27.0,26.0,29.0,4.0,11.0,34.0,19.0,16.0,38.0,22.0,20.0
Cd207,5.0,5.0,7.0,15.0,14.0,43.0,6.0,6.0,82.0,0.0,7.0,9.0,15.0,6.0,16.0,13.0,18.0
Cd209a,3.0,3.0,5.0,21.0,15.0,18.0,5.0,13.0,25.0,0.0,18.0,29.0,8.0,16.0,15.0,31.0,19.0
Cd209b,4.0,4.0,7.0,7.0,41.0,33.0,3.0,5.0,19.0,0.0,23.0,47.0,6.0,5.0,31.0,5.0,10.0
Cd209d,4.0,8.0,5.0,12.0,73.0,60.0,10.0,23.0,32.0,1.0,37.0,46.0,12.0,10.0,25.0,25.0,14.0
Cd22,0.0,1.0,7.0,2.0,4.0,0.0,5.0,1.0,2.0,0.0,4.0,3.0,2.0,0.0,6.0,5.0,3.0
Cd226,0.0,1.0,2.0,0.0,5.0,4.0,4.0,1.0,3.0,0.0,1.0,4.0,1.0,4.0,2.0,3.0,2.0
Cd244a,36.0,16.0,40.0,73.0,23.0,28.0,58.0,53.0,71.0,7.0,23.0,62.0,62.0,52.0,48.0,78.0,70.0
Cd247,2.0,5.0,2.0,10.0,6.0,10.0,7.0,4.0,12.0,0.0,2.0,11.0,5.0,1.0,8.0,10.0,8.0
Cd248,14.0,9.0,6.0,154.0,75.0,50.0,10.0,53.0,34.0,2.0,82.0,248.0,19.0,44.0,136.0,279.0,118.0
Cd24a,275.0,265.0,261.0,740.0,941.0,615.0,342.0,354.0,329.0,23.0,159.0,889.0,784.0,414.0,632.0,530.0,579.0
Cd27,0.0,1.0,5.0,1.0,1.0,0.0,8.0,0.0,2.0,0.0,4.0,4.0,2.0,0.0,2.0,3.0,1.0
Cd274,197.0,88.0,534.0,177.0,148.0,85.0,483.0,523.0,335.0,89.0,131.0,218.0,219.0,86.0,225.0,252.0,141.0
Cd276,1.0,3.0,3.0,14.0,7.0,8.0,7.0,7.0,2.0,0.0,7.0,9.0,5.0,8.0,10.0,19.0,11.0
Cd28,0.0,0.0,2.0,2.0,1.0,1.0,3.0,2.0,3.0,0.0,0.0,4.0,0.0,1.0,2.0,2.0,1.0
Cd2ap,22.0,15.0,15.0,69.0,23.0,52.0,30.0,38.0,42.0,4.0,20.0,86.0,45.0,72.0,32.0,65.0,55.0
Cd2bp2,11.0,12.0,16.0,63.0,34.0,38.0,12.0,36.0,18.0,4.0,31.0,61.0,30.0,32.0,41.0,36.0,38.0
Cd300a,4.0,1.0,20.0,36.0,10.0,4.0,30.0,17.0,24.0,8.0,15.0,37.0,13.0,7.0,63.0,55.0,24.0
Cd300lb,6.0,1.0,14.0,24.0,13.0,5.0,21.0,22.0,6.0,9.0,6.0,16.0,9.0,13.0,31.0,28.0,30.0
Cd300ld,6.0,15.0,14.0,15.0,20.0,24.0,15.0,13.0,15.0,2.0,24.0,44.0,23.0,10.0,38.0,18.0,18.0
Cd300lf,16.0,6.0,59.0,55.0,10.0,2.0,46.0,134.0,26.0,16.0,7.0,17.0,22.0,17.0,24.0,57.0,28.0
Cd320,0.0,1.0,7.0,4.0,0.0,1.0,3.0,3.0,1.0,0.0,1.0,5.0,0.0,5.0,1.0,6.0,0.0
Cd33,10.0,1.0,21.0,50.0,12.0,13.0,20.0,26.0,6.0,3.0,10.0,23.0,26.0,10.0,27.0,21.0,29.0
Cd34,34.0,27.0,40.0,298.0,159.0,106.0,80.0,94.0,118.0,6.0,179.0,535.0,77.0,196.0,396.0,560.0,287.0
Cd36,91.0,87.0,90.0,310.0,955.0,450.0,219.0,168.0,341.0,44.0,309.0,1055.0,199.0,181.0,682.0,634.0,338.0
Cd37,26.0,4.0,56.0,141.0,92.0,38.0,63.0,72.0,72.0,19.0,58.0,153.0,37.0,46.0,129.0,151.0,122.0
Cd38,7.0,4.0,23.0,54.0,90.0,33.0,16.0,32.0,25.0,5.0,76.0,130.0,16.0,22.0,104.0,100.0,52.0
Cd3d,1.0,5.0,3.0,9.0,5.0,16.0,7.0,2.0,10.0,1.0,6.0,12.0,2.0,3.0,9.0,10.0,7.0
Cd3e,4.0,8.0,11.0,15.0,8.0,7.0,4.0,5.0,19.0,0.0,7.0,8.0,6.0,8.0,2.0,12.0,3.0
Cd3eap,16.0,31.0,14.0,76.0,60.0,38.0,34.0,39.0,30.0,0.0,35.0,71.0,70.0,36.0,41.0,43.0,38.0
Cd3g,8.0,14.0,15.0,20.0,17.0,15.0,23.0,9.0,20.0,0.0,14.0,19.0,25.0,5.0,26.0,13.0,9.0
Cd4,1.0,3.0,5.0,13.0,11.0,13.0,4.0,2.0,9.0,0.0,32.0,24.0,6.0,2.0,22.0,15.0,15.0
Cd40,15.0,5.0,20.0,38.0,34.0,14.0,14.0,25.0,30.0,1.0,39.0,42.0,20.0,16.0,42.0,31.0,31.0
Cd40lg,1.0,0.0,1.0,1.0,1.0,3.0,4.0,0.0,1.0,2.0,1.0,1.0,0.0,0.0,0.0,1.0,0.0
Cd44,539.0,623.0,640.0,1031.0,1352.0,443.0,1106.0,703.0,422.0,71.0,205.0,1712.0,1796.0,954.0,909.0,1111.0,737.0
Cd47,105.0,82.0,193.0,326.0,218.0,177.0,304.0,303.0,314.0,34.0,233.0,442.0,197.0,236.0,335.0,406.0,272.0
Cd48,20.0,5.0,39.0,84.0,56.0,27.0,73.0,56.0,85.0,4.0,63.0,96.0,36.0,35.0,120.0,99.0,71.0
Cd5,2.0,2.0,5.0,13.0,2.0,5.0,3.0,1.0,1.0,0.0,0.0,4.0,5.0,2.0,7.0,6.0,1.0
Cd53,27.0,11.0,110.0,83.0,42.0,19.0,110.0,175.0,67.0,23.0,58.0,72.0,50.0,69.0,127.0,160.0,57.0
Cd55,20.0,21.0,22.0,89.0,77.0,82.0,37.0,41.0,79.0,3.0,72.0,189.0,39.0,50.0,94.0,183.0,80.0
Cd59a,3.0,6.0,17.0,17.0,13.0,14.0,15.0,14.0,16.0,1.0,8.0,49.0,10.0,13.0,11.0,15.0,10.0
Cd59b,2.0,4.0,3.0,2.0,5.0,3.0,8.0,5.0,5.0,1.0,3.0,13.0,7.0,3.0,4.0,10.0,10.0
Cd5l,10.0,0.0,2.0,25.0,36.0,3.0,6.0,10.0,8.0,1.0,26.0,49.0,2.0,2.0,48.0,35.0,8.0
Cd6,1.0,0.0,0.0,5.0,2.0,0.0,2.0,1.0,1.0,0.0,2.0,4.0,0.0,3.0,2.0,2.0,1.0
Cd68,52.0,11.0,99.0,173.0,137.0,36.0,108.0,148.0,130.0,29.0,105.0,149.0,45.0,50.0,249.0,224.0,137.0
Cd69,1.0,4.0,8.0,2.0,0.0,2.0,12.0,13.0,7.0,2.0,0.0,7.0,4.0,2.0,4.0,3.0,2.0
Cd70,1.0,1.0,3.0,1.0,6.0,0.0,8.0,0.0,2.0,0.0,5.0,1.0,1.0,3.0,5.0,2.0,4.0
Cd72,45.0,37.0,48.0,393.0,85.0,73.0,90.0,68.0,165.0,17.0,151.0,213.0,73.0,57.0,647.0,267.0,403.0
Cd79a,1.0,0.0,11.0,1.0,0.0,2.0,5.0,3.0,2.0,1.0,1.0,0.0,6.0,0.0,1.0,1.0,0.0
Cd79b,1.0,1.0,2.0,6.0,6.0,0.0,5.0,1.0,1.0,0.0,2.0,8.0,3.0,4.0,17.0,6.0,8.0
Cd80,5.0,3.0,44.0,29.0,17.0,5.0,33.0,39.0,19.0,6.0,10.0,35.0,14.0,11.0,27.0,45.0,39.0
Cd81,76.0,37.0,77.0,413.0,247.0,168.0,89.0,186.0,135.0,25.0,137.0,810.0,121.0,231.0,434.0,421.0,347.0
Cd82,19.0,13.0,24.0,78.0,34.0,55.0,30.0,81.0,68.0,8.0,40.0,126.0,23.0,103.0,83.0,66.0,102.0
Cd83,3.0,3.0,12.0,18.0,7.0,9.0,21.0,10.0,12.0,3.0,19.0,23.0,12.0,3.0,37.0,23.0,14.0
Cd84,80.0,42.0,573.0,208.0,95.0,62.0,564.0,263.0,187.0,45.0,82.0,130.0,75.0,54.0,228.0,306.0,128.0
Cd86,17.0,10.0,53.0,44.0,37.0,26.0,66.0,48.0,65.0,2.0,29.0,45.0,41.0,25.0,64.0,48.0,30.0
Cd8a,0.0,3.0,6.0,7.0,3.0,3.0,7.0,5.0,6.0,0.0,6.0,2.0,0.0,0.0,2.0,2.0,0.0
Cd8b1,1.0,0.0,10.0,5.0,10.0,4.0,5.0,0.0,3.0,1.0,4.0,7.0,0.0,2.0,2.0,6.0,2.0
Cd9,139.0,179.0,166.0,572.0,368.0,354.0,285.0,355.0,313.0,27.0,201.0,798.0,440.0,313.0,475.0,472.0,406.0
Cd93,65.0,23.0,72.0,196.0,117.0,32.0,103.0,102.0,71.0,19.0,144.0,393.0,77.0,82.0,287.0,304.0,267.0
Cd96,1.0,5.0,7.0,5.0,2.0,8.0,6.0,3.0,13.0,0.0,2.0,5.0,3.0,2.0,8.0,5.0,3.0
Cdc16,41.0,34.0,50.0,232.0,134.0,144.0,81.0,107.0,98.0,8.0,92.0,223.0,106.0,112.0,165.0,176.0,168.0
Cdc20,57.0,86.0,55.0,426.0,199.0,200.0,122.0,113.0,72.0,3.0,124.0,384.0,190.0,116.0,189.0,286.0,278.0
Cdc23,54.0,47.0,62.0,287.0,117.0,169.0,79.0,150.0,90.0,10.0,114.0,286.0,150.0,167.0,154.0,222.0,199.0
Cdc25a,32.0,42.0,25.0,127.0,104.0,73.0,48.0,54.0,55.0,2.0,71.0,134.0,91.0,59.0,94.0,111.0,86.0
Cdc27,30.0,18.0,32.0,151.0,95.0,70.0,69.0,63.0,45.0,7.0,56.0,165.0,77.0,73.0,98.0,162.0,127.0
Cdc37,131.0,135.0,122.0,397.0,270.0,204.0,185.0,218.0,223.0,15.0,182.0,513.0,341.0,259.0,319.0,360.0,293.0
Cdc42,5.0,5.0,7.0,23.0,8.0,5.0,9.0,23.0,10.0,1.0,9.0,43.0,11.0,26.0,10.0,28.0,25.0
Cdc42bpb,124.0,105.0,119.0,412.0,250.0,205.0,192.0,188.0,170.0,13.0,177.0,480.0,253.0,226.0,325.0,373.0,305.0
Cdc42ep4,18.0,34.0,37.0,107.0,30.0,49.0,54.0,68.0,43.0,10.0,23.0,112.0,90.0,54.0,47.0,63.0,75.0
Cdc5l,21.0,13.0,35.0,58.0,17.0,20.0,42.0,30.0,21.0,3.0,16.0,59.0,22.0,37.0,26.0,55.0,33.0
Cdc6,1.0,1.0,10.0,11.0,0.0,5.0,9.0,7.0,1.0,0.0,4.0,11.0,1.0,4.0,7.0,5.0,5.0
Cdc73,13.0,10.0,8.0,84.0,29.0,41.0,17.0,54.0,29.0,6.0,24.0,78.0,28.0,52.0,34.0,67.0,64.0
Cdca5,4.0,10.0,12.0,45.0,11.0,15.0,8.0,16.0,14.0,1.0,15.0,28.0,17.0,10.0,15.0,25.0,32.0
Cdca8,25.0,36.0,30.0,153.0,57.0,79.0,51.0,49.0,44.0,0.0,48.0,118.0,80.0,68.0,71.0,110.0,88.0
Cdcp1,28.0,37.0,44.0,117.0,110.0,29.0,58.0,43.0,38.0,6.0,12.0,143.0,76.0,48.0,44.0,83.0,60.0
Cdh1,467.0,466.0,393.0,1228.0,1263.0,878.0,718.0,744.0,669.0,12.0,243.0,1659.0,1490.0,834.0,961.0,877.0,759.0
Cdh10,2.0,2.0,5.0,1.0,0.0,5.0,16.0,0.0,2.0,0.0,0.0,5.0,3.0,3.0,1.0,2.0,4.0
Cdh11,3.0,10.0,9.0,96.0,36.0,28.0,27.0,14.0,15.0,2.0,47.0,67.0,12.0,22.0,33.0,59.0,76.0
Cdh12,0.0,1.0,10.0,1.0,1.0,6.0,18.0,0.0,3.0,0.0,2.0,1.0,0.0,2.0,1.0,2.0,1.0
Cdh13,53.0,33.0,36.0,132.0,102.0,111.0,46.0,65.0,79.0,4.0,88.0,286.0,78.0,135.0,154.0,157.0,145.0
Cdh2,4.0,2.0,3.0,46.0,6.0,3.0,4.0,3.0,7.0,1.0,13.0,30.0,2.0,1.0,44.0,28.0,36.0
Cdh20,0.0,0.0,6.0,1.0,1.0,1.0,9.0,2.0,1.0,1.0,1.0,3.0,1.0,1.0,1.0,0.0,0.0
Cdh23,6.0,3.0,6.0,3.0,4.0,4.0,3.0,1.0,3.0,0.0,5.0,9.0,4.0,3.0,6.0,6.0,9.0
Cdh26,3.0,0.0,10.0,2.0,0.0,0.0,10.0,2.0,2.0,1.0,0.0,3.0,1.0,0.0,2.0,2.0,0.0
Cdh3,18.0,33.0,28.0,163.0,88.0,113.0,60.0,105.0,69.0,2.0,76.0,225.0,126.0,78.0,68.0,67.0,63.0
Cdh4,8.0,12.0,12.0,31.0,34.0,46.0,30.0,15.0,29.0,2.0,17.0,51.0,33.0,15.0,39.0,28.0,23.0
Cdh5,87.0,27.0,100.0,403.0,321.0,69.0,133.0,156.0,120.0,12.0,247.0,863.0,105.0,165.0,598.0,489.0,557.0
Cdh6,2.0,5.0,4.0,22.0,2.0,17.0,7.0,9.0,1.0,1.0,22.0,12.0,6.0,0.0,1.0,6.0,3.0
Cdh7,12.0,6.0,10.0,2.0,8.0,9.0,15.0,3.0,5.0,2.0,12.0,21.0,12.0,5.0,22.0,6.0,8.0
Cdh8,0.0,0.0,4.0,0.0,1.0,0.0,5.0,3.0,1.0,0.0,1.0,1.0,1.0,0.0,0.0,3.0,1.0
Cdh9,12.0,5.0,10.0,15.0,33.0,26.0,34.0,19.0,23.0,2.0,37.0,36.0,26.0,14.0,34.0,17.0,17.0
Cdhr1,6.0,8.0,7.0,22.0,9.0,8.0,17.0,16.0,4.0,0.0,2.0,37.0,39.0,9.0,17.0,12.0,7.0
Cdipt,64.0,46.0,56.0,320.0,125.0,90.0,71.0,142.0,87.0,13.0,76.0,363.0,125.0,189.0,194.0,288.0,188.0
Cdk1,24.0,45.0,30.0,226.0,58.0,95.0,47.0,41.0,40.0,4.0,65.0,152.0,92.0,105.0,88.0,198.0,160.0
Cdk2,30.0,29.0,30.0,197.0,59.0,82.0,42.0,76.0,59.0,1.0,42.0,158.0,78.0,74.0,74.0,124.0,109.0
Cdk4,2.0,1.0,5.0,11.0,3.0,3.0,6.0,4.0,3.0,1.0,2.0,11.0,9.0,4.0,4.0,10.0,5.0
Cdk5,24.0,15.0,19.0,70.0,68.0,42.0,21.0,24.0,46.0,3.0,53.0,82.0,34.0,46.0,65.0,65.0,51.0
Cdk5r1,27.0,38.0,27.0,63.0,65.0,25.0,65.0,31.0,9.0,2.0,5.0,101.0,85.0,45.0,90.0,64.0,47.0
Cdk5r2,2.0,1.0,3.0,1.0,0.0,0.0,1.0,0.0,0.0,0.0,1.0,0.0,1.0,0.0,0.0,2.0,0.0
Cdk5rap2,45.0,61.0,74.0,215.0,110.0,151.0,75.0,89.0,99.0,11.0,156.0,186.0,83.0,91.0,147.0,160.0,171.0
Cdk6,28.0,61.0,53.0,153.0,77.0,61.0,85.0,89.0,68.0,5.0,21.0,172.0,115.0,88.0,116.0,97.0,117.0
Cdk7,1.0,0.0,6.0,12.0,2.0,1.0,3.0,3.0,4.0,1.0,2.0,3.0,1.0,4.0,3.0,8.0,2.0
Cdk8,17.0,8.0,13.0,54.0,17.0,29.0,31.0,29.0,27.0,1.0,21.0,52.0,18.0,39.0,25.0,47.0,40.0
Cdk9,92.0,98.0,107.0,342.0,230.0,179.0,183.0,205.0,177.0,21.0,154.0,421.0,265.0,207.0,301.0,337.0,266.0
Cdkn1a,63.0,34.0,58.0,146.0,86.0,68.0,87.0,112.0,76.0,11.0,37.0,151.0,78.0,85.0,69.0,138.0,127.0
Cdkn1b,48.0,49.0,51.0,246.0,123.0,168.0,89.0,167.0,162.0,8.0,123.0,289.0,85.0,156.0,130.0,190.0,176.0
Cdkn1c,26.0,3.0,7.0,281.0,52.0,32.0,9.0,29.0,35.0,0.0,58.0,147.0,11.0,25.0,356.0,55.0,281.0
Cdkn2a,8.0,8.0,16.0,47.0,19.0,14.0,14.0,6.0,21.0,0.0,14.0,32.0,11.0,12.0,26.0,17.0,26.0
Cdkn2b,1.0,2.0,1.0,5.0,2.0,4.0,4.0,4.0,1.0,0.0,3.0,4.0,3.0,5.0,4.0,3.0,4.0
Cdkn2c,4.0,4.0,11.0,50.0,34.0,36.0,20.0,18.0,22.0,0.0,18.0,58.0,20.0,29.0,39.0,39.0,26.0
Cdkn2d,27.0,38.0,50.0,101.0,40.0,51.0,63.0,68.0,35.0,5.0,30.0,104.0,51.0,69.0,74.0,99.0,71.0
Cdx1,4.0,3.0,8.0,0.0,2.0,1.0,15.0,3.0,1.0,1.0,2.0,1.0,3.0,3.0,8.0,2.0,2.0
Cdx2,2.0,3.0,4.0,1.0,2.0,2.0,2.0,2.0,1.0,0.0,3.0,3.0,1.0,0.0,2.0,1.0,4.0
Ceacam1,3.0,1.0,9.0,5.0,14.0,7.0,14.0,8.0,9.0,0.0,5.0,27.0,5.0,14.0,14.0,12.0,14.0
Cebpa,15.0,11.0,14.0,129.0,48.0,93.0,18.0,36.0,72.0,3.0,12.0,96.0,24.0,47.0,50.0,75.0,57.0
Cebpg,17.0,9.0,20.0,67.0,30.0,37.0,13.0,37.0,32.0,2.0,9.0,70.0,23.0,35.0,25.0,58.0,52.0
Celf6,1.0,1.0,7.0,1.0,1.0,1.0,3.0,2.0,2.0,3.0,0.0,1.0,1.0,0.0,0.0,2.0,0.0
Celsr1,50.0,82.0,39.0,248.0,130.0,224.0,86.0,101.0,179.0,0.0,106.0,244.0,147.0,139.0,120.0,146.0,118.0
Celsr2,54.0,88.0,40.0,385.0,203.0,275.0,80.0,195.0,131.0,0.0,172.0,348.0,217.0,131.0,209.0,182.0,196.0
Celsr3,2.0,0.0,7.0,4.0,1.0,1.0,4.0,1.0,2.0,1.0,0.0,4.0,2.0,3.0,4.0,5.0,1.0
Cemip,10.0,8.0,21.0,41.0,68.0,8.0,30.0,28.0,19.0,1.0,25.0,82.0,49.0,7.0,84.0,60.0,62.0
Cenpa,238.0,236.0,105.0,472.0,650.0,565.0,239.0,175.0,293.0,10.0,581.0,933.0,455.0,206.0,903.0,356.0,483.0
Cenpe,19.0,25.0,14.0,155.0,68.0,75.0,50.0,47.0,36.0,0.0,57.0,105.0,64.0,44.0,77.0,121.0,89.0
Cenpf,20.0,20.0,27.0,176.0,56.0,117.0,55.0,61.0,41.0,2.0,88.0,129.0,55.0,30.0,88.0,76.0,102.0
Cenps,5.0,9.0,8.0,14.0,9.0,14.0,17.0,10.0,7.0,0.0,14.0,27.0,16.0,10.0,13.0,9.0,13.0
Cenpu,5.0,9.0,12.0,37.0,16.0,21.0,18.0,23.0,15.0,2.0,12.0,36.0,20.0,16.0,23.0,35.0,31.0
Cep104,4.0,6.0,12.0,16.0,2.0,8.0,6.0,11.0,10.0,1.0,8.0,14.0,13.0,8.0,6.0,11.0,16.0
Cep152,23.0,13.0,13.0,75.0,37.0,48.0,34.0,33.0,33.0,2.0,43.0,74.0,45.0,37.0,40.0,51.0,59.0
Cep164,4.0,4.0,6.0,38.0,16.0,10.0,6.0,11.0,13.0,1.0,14.0,36.0,16.0,14.0,10.0,23.0,13.0
Cep250,24.0,31.0,19.0,211.0,85.0,103.0,47.0,93.0,64.0,2.0,80.0,187.0,73.0,81.0,110.0,152.0,153.0
Cep290,11.0,13.0,16.0,77.0,23.0,36.0,27.0,44.0,40.0,4.0,33.0,57.0,36.0,30.0,34.0,56.0,39.0
Cer1,1.0,0.0,5.0,0.0,0.0,3.0,3.0,1.0,1.0,1.0,2.0,2.0,2.0,2.0,2.0,1.0,0.0
Cercam,11.0,14.0,10.0,153.0,90.0,76.0,15.0,67.0,44.0,4.0,111.0,170.0,22.0,41.0,172.0,227.0,126.0
Cers1,2.0,3.0,4.0,11.0,11.0,8.0,4.0,8.0,8.0,3.0,10.0,47.0,6.0,12.0,13.0,8.0,13.0
Cers2,20.0,15.0,48.0,121.0,52.0,44.0,36.0,79.0,50.0,13.0,38.0,147.0,60.0,92.0,90.0,154.0,107.0
Cers4,100.0,541.0,98.0,599.0,306.0,848.0,239.0,175.0,726.0,1.0,226.0,567.0,567.0,414.0,743.0,661.0,962.0
Cers5,14.0,24.0,17.0,47.0,22.0,47.0,24.0,29.0,40.0,8.0,18.0,66.0,35.0,33.0,53.0,62.0,55.0
Cers6,4.0,0.0,9.0,22.0,2.0,4.0,7.0,9.0,14.0,3.0,5.0,19.0,4.0,6.0,11.0,29.0,15.0
Cetn2,1.0,2.0,8.0,12.0,5.0,4.0,10.0,11.0,10.0,1.0,5.0,18.0,4.0,14.0,11.0,17.0,12.0
Cetn3,51.0,75.0,54.0,349.0,167.0,184.0,107.0,162.0,135.0,6.0,107.0,320.0,173.0,125.0,203.0,212.0,198.0
Cfap299,1.0,1.0,7.0,9.0,1.0,6.0,6.0,2.0,0.0,9.0,8.0,10.0,4.0,2.0,2.0,5.0,8.0
Cfap36,24.0,19.0,20.0,77.0,50.0,55.0,41.0,48.0,49.0,1.0,49.0,101.0,33.0,52.0,71.0,71.0,53.0
Cfap44,1.0,2.0,3.0,0.0,0.0,2.0,5.0,5.0,1.0,0.0,2.0,7.0,5.0,1.0,2.0,1.0,3.0
Cfap45,7.0,14.0,3.0,20.0,21.0,18.0,23.0,20.0,14.0,0.0,23.0,20.0,17.0,14.0,25.0,30.0,30.0
Cfap52,3.0,1.0,1.0,1.0,3.0,6.0,3.0,1.0,1.0,0.0,6.0,7.0,3.0,4.0,2.0,3.0,3.0
Cfap53,0.0,0.0,3.0,2.0,3.0,1.0,9.0,2.0,3.0,1.0,0.0,0.0,0.0,1.0,0.0,2.0,1.0
Cfap57,6.0,5.0,7.0,3.0,9.0,6.0,9.0,4.0,1.0,0.0,7.0,14.0,9.0,3.0,5.0,7.0,6.0
Cfap61,1.0,3.0,10.0,2.0,3.0,3.0,10.0,2.0,2.0,0.0,3.0,6.0,8.0,4.0,8.0,4.0,4.0
Cfap65,1.0,3.0,8.0,0.0,5.0,2.0,6.0,2.0,2.0,0.0,8.0,6.0,3.0,1.0,1.0,1.0,1.0
Cfap69,0.0,0.0,2.0,1.0,1.0,1.0,5.0,0.0,1.0,0.0,0.0,2.0,0.0,1.0,0.0,1.0,0.0
Cfb,198.0,71.0,257.0,278.0,413.0,127.0,290.0,229.0,250.0,25.0,473.0,746.0,287.0,320.0,764.0,573.0,265.0
Cfc1,0.0,1.0,12.0,3.0,2.0,0.0,8.0,3.0,4.0,0.0,2.0,2.0,3.0,0.0,2.0,0.0,1.0
Cflar,22.0,13.0,56.0,91.0,45.0,39.0,56.0,66.0,54.0,19.0,31.0,105.0,55.0,38.0,79.0,83.0,66.0
Cftr,0.0,0.0,3.0,0.0,0.0,1.0,8.0,2.0,0.0,0.0,0.0,0.0,0.0,1.0,1.0,1.0,0.0
Cga,1.0,1.0,0.0,0.0,1.0,1.0,6.0,0.0,2.0,1.0,1.0,1.0,1.0,1.0,1.0,1.0,0.0
Cgas,4.0,10.0,6.0,10.0,1.0,6.0,10.0,10.0,12.0,1.0,6.0,8.0,6.0,9.0,10.0,12.0,12.0
Cgn,36.0,29.0,18.0,90.0,73.0,103.0,54.0,28.0,202.0,1.0,33.0,82.0,43.0,30.0,113.0,84.0,80.0
Ch25h,1.0,0.0,3.0,5.0,2.0,0.0,12.0,3.0,2.0,0.0,4.0,2.0,6.0,1.0,0.0,6.0,3.0
Champ1,26.0,16.0,13.0,70.0,28.0,30.0,29.0,34.0,28.0,4.0,26.0,78.0,46.0,40.0,45.0,48.0,43.0
Chat,1.0,6.0,7.0,6.0,1.0,3.0,1.0,1.0,8.0,0.0,1.0,2.0,3.0,7.0,0.0,6.0,2.0
Chchd3,45.0,45.0,55.0,272.0,107.0,121.0,82.0,139.0,108.0,8.0,99.0,279.0,135.0,158.0,172.0,193.0,166.0
Chd1,86.0,70.0,78.0,259.0,173.0,154.0,135.0,153.0,130.0,9.0,105.0,297.0,206.0,159.0,195.0,257.0,211.0
Chd4,266.0,291.0,319.0,1586.0,716.0,868.0,504.0,756.0,540.0,48.0,739.0,1352.0,681.0,589.0,1024.0,991.0,878.0
Chd6,14.0,14.0,14.0,130.0,77.0,85.0,28.0,61.0,45.0,3.0,50.0,124.0,39.0,52.0,88.0,94.0,85.0
Chd7,3.0,1.0,8.0,20.0,6.0,9.0,16.0,14.0,8.0,4.0,3.0,17.0,6.0,8.0,9.0,21.0,10.0
Chek1,2.0,6.0,18.0,29.0,12.0,18.0,15.0,19.0,10.0,1.0,4.0,29.0,15.0,15.0,15.0,29.0,33.0
Chek2,10.0,8.0,7.0,40.0,13.0,23.0,11.0,19.0,16.0,1.0,11.0,48.0,9.0,12.0,20.0,26.0,33.0
Chia1,0.0,1.0,5.0,1.0,2.0,1.0,7.0,1.0,0.0,0.0,0.0,2.0,0.0,0.0,0.0,0.0,0.0
Chic2,13.0,17.0,25.0,95.0,39.0,52.0,29.0,53.0,39.0,8.0,30.0,83.0,44.0,58.0,67.0,78.0,62.0
Chil1,23.0,17.0,34.0,86.0,78.0,96.0,67.0,96.0,9.0,6.0,8.0,143.0,117.0,98.0,304.0,110.0,80.0
Chil3,13.0,29.0,233.0,31.0,13.0,3.0,241.0,118.0,71.0,4.0,10.0,32.0,81.0,43.0,26.0,35.0,18.0
Chil4,1.0,0.0,11.0,0.0,0.0,0.0,5.0,3.0,2.0,1.0,0.0,3.0,0.0,0.0,0.0,2.0,2.0
Chka,8.0,10.0,16.0,50.0,13.0,12.0,16.0,30.0,13.0,3.0,6.0,34.0,25.0,40.0,15.0,32.0,25.0
Chmp3,10.0,8.0,23.0,59.0,34.0,24.0,30.0,26.0,38.0,3.0,19.0,55.0,31.0,39.0,50.0,60.0,43.0
Chmp4c,21.0,18.0,32.0,110.0,55.0,49.0,46.0,55.0,60.0,1.0,29.0,96.0,67.0,52.0,59.0,58.0,42.0
Chrd,1.0,2.0,9.0,8.0,3.0,4.0,4.0,2.0,1.0,0.0,6.0,16.0,4.0,4.0,7.0,18.0,23.0
Chrm1,0.0,0.0,2.0,1.0,0.0,1.0,3.0,1.0,1.0,0.0,3.0,2.0,2.0,0.0,1.0,2.0,1.0
Chrm2,6.0,7.0,5.0,4.0,5.0,10.0,9.0,5.0,7.0,0.0,10.0,9.0,5.0,5.0,11.0,3.0,6.0
Chrm3,0.0,3.0,8.0,2.0,4.0,6.0,3.0,1.0,5.0,0.0,3.0,9.0,3.0,3.0,6.0,2.0,6.0
Chrm4,0.0,0.0,9.0,1.0,0.0,1.0,5.0,2.0,1.0,1.0,0.0,4.0,2.0,0.0,0.0,1.0,0.0
Chrm5,3.0,0.0,5.0,0.0,0.0,1.0,1.0,0.0,0.0,0.0,1.0,0.0,0.0,0.0,1.0,3.0,1.0
Chrna1,20.0,3.0,9.0,75.0,16.0,11.0,7.0,11.0,3.0,0.0,19.0,108.0,8.0,115.0,106.0,35.0,104.0
Chrna2,4.0,1.0,1.0,4.0,6.0,0.0,5.0,0.0,1.0,0.0,3.0,8.0,3.0,1.0,1.0,0.0,1.0
Chrna4,0.0,0.0,2.0,3.0,2.0,3.0,0.0,3.0,1.0,0.0,3.0,2.0,0.0,2.0,1.0,0.0,1.0
Chrna6,1.0,0.0,4.0,1.0,3.0,0.0,5.0,0.0,0.0,0.0,2.0,1.0,2.0,1.0,1.0,1.0,0.0
Chrna7,5.0,3.0,7.0,3.0,6.0,2.0,6.0,2.0,2.0,0.0,2.0,2.0,4.0,7.0,6.0,3.0,4.0
Chrnb1,31.0,2.0,14.0,23.0,20.0,2.0,5.0,56.0,6.0,2.0,23.0,174.0,20.0,111.0,46.0,60.0,102.0
Chrnb2,4.0,0.0,4.0,8.0,2.0,5.0,4.0,4.0,7.0,0.0,12.0,2.0,2.0,0.0,2.0,2.0,2.0
Chrnb3,0.0,0.0,2.0,1.0,1.0,1.0,2.0,0.0,1.0,0.0,0.0,0.0,1.0,0.0,1.0,0.0,0.0
Chrnb4,0.0,1.0,3.0,1.0,0.0,1.0,1.0,2.0,4.0,0.0,0.0,1.0,0.0,1.0,1.0,4.0,2.0
Chrnd,7.0,0.0,1.0,6.0,5.0,0.0,0.0,3.0,0.0,0.0,14.0,12.0,0.0,9.0,32.0,14.0,25.0
Chrng,22.0,1.0,2.0,65.0,2.0,0.0,2.0,2.0,1.0,0.0,46.0,70.0,3.0,5.0,165.0,32.0,127.0
Chst10,0.0,0.0,4.0,2.0,0.0,0.0,5.0,0.0,1.0,0.0,0.0,2.0,0.0,2.0,1.0,0.0,2.0
Chst8,0.0,2.0,4.0,3.0,5.0,4.0,7.0,7.0,2.0,1.0,3.0,3.0,1.0,3.0,5.0,6.0,1.0
Chtop,17.0,11.0,27.0,76.0,37.0,47.0,32.0,56.0,38.0,4.0,25.0,97.0,37.0,59.0,48.0,55.0,66.0
Chuk,18.0,16.0,31.0,86.0,40.0,41.0,37.0,41.0,53.0,4.0,36.0,75.0,57.0,64.0,43.0,85.0,76.0
Ciart,3.0,2.0,10.0,8.0,4.0,7.0,9.0,1.0,3.0,1.0,2.0,7.0,6.0,2.0,3.0,4.0,7.0
Cib2,1.0,2.0,4.0,6.0,3.0,5.0,6.0,6.0,2.0,0.0,4.0,13.0,1.0,2.0,2.0,8.0,2.0
Cic,31.0,53.0,69.0,288.0,112.0,143.0,106.0,185.0,127.0,30.0,123.0,259.0,124.0,141.0,186.0,202.0,139.0
Cidea,24.0,184.0,23.0,164.0,124.0,286.0,84.0,48.0,233.0,0.0,35.0,186.0,239.0,101.0,318.0,188.0,231.0
Cideb,0.0,2.0,1.0,0.0,2.0,1.0,6.0,0.0,2.0,0.0,4.0,2.0,9.0,0.0,4.0,0.0,2.0
Ciita,18.0,18.0,28.0,111.0,103.0,68.0,28.0,33.0,124.0,2.0,93.0,113.0,68.0,60.0,186.0,81.0,88.0
Cisd2,27.0,26.0,36.0,141.0,70.0,87.0,65.0,97.0,69.0,5.0,60.0,188.0,79.0,74.0,109.0,109.0,101.0
Cish,9.0,3.0,15.0,36.0,15.0,26.0,13.0,25.0,27.0,2.0,5.0,31.0,15.0,13.0,14.0,27.0,20.0
Cit,25.0,30.0,40.0,86.0,64.0,54.0,69.0,33.0,25.0,2.0,48.0,127.0,47.0,34.0,64.0,82.0,81.0
Cited1,1.0,1.0,2.0,1.0,2.0,0.0,3.0,3.0,2.0,1.0,1.0,2.0,1.0,0.0,1.0,4.0,3.0
Cited2,49.0,14.0,26.0,123.0,74.0,71.0,37.0,80.0,64.0,6.0,34.0,171.0,48.0,98.0,114.0,159.0,170.0
Cited4,3.0,2.0,5.0,18.0,17.0,19.0,9.0,9.0,6.0,0.0,8.0,15.0,9.0,6.0,19.0,11.0,8.0
Ckb,31.0,6.0,17.0,140.0,59.0,71.0,19.0,78.0,58.0,3.0,88.0,192.0,21.0,27.0,179.0,94.0,82.0
Cklf,1.0,6.0,6.0,2.0,7.0,4.0,11.0,5.0,3.0,2.0,9.0,9.0,8.0,6.0,4.0,3.0,9.0
Cks1b,18.0,31.0,45.0,116.0,42.0,55.0,52.0,53.0,44.0,4.0,51.0,105.0,43.0,68.0,39.0,84.0,70.0
Clca3a2,2.0,25.0,8.0,58.0,23.0,129.0,24.0,9.0,172.0,0.0,10.0,40.0,29.0,25.0,55.0,62.0,32.0
Clcn4,2.0,3.0,7.0,11.0,4.0,1.0,7.0,9.0,6.0,1.0,4.0,18.0,5.0,10.0,4.0,18.0,18.0
Clcn7,36.0,28.0,58.0,162.0,92.0,122.0,85.0,127.0,108.0,10.0,91.0,186.0,91.0,105.0,162.0,168.0,103.0
Clcnka,0.0,1.0,5.0,0.0,2.0,0.0,6.0,0.0,0.0,0.0,0.0,1.0,0.0,0.0,0.0,2.0,1.0
Clcnkb,0.0,0.0,6.0,1.0,0.0,1.0,1.0,1.0,3.0,0.0,0.0,0.0,0.0,1.0,1.0,1.0,2.0
Cldn1,134.0,94.0,80.0,344.0,172.0,345.0,123.0,213.0,241.0,0.0,145.0,288.0,236.0,168.0,203.0,172.0,170.0
Cldn10,1.0,0.0,4.0,15.0,2.0,14.0,2.0,15.0,4.0,1.0,11.0,7.0,3.0,7.0,7.0,9.0,4.0
Cldn12,21.0,25.0,22.0,71.0,52.0,41.0,43.0,54.0,42.0,2.0,32.0,94.0,32.0,66.0,61.0,68.0,70.0
Cldn14,1.0,0.0,0.0,3.0,1.0,3.0,1.0,2.0,3.0,1.0,7.0,0.0,0.0,0.0,0.0,1.0,0.0
Cldn16,0.0,0.0,3.0,0.0,2.0,0.0,12.0,0.0,0.0,0.0,0.0,0.0,0.0,0.0,1.0,2.0,0.0
Cldn17,0.0,2.0,8.0,0.0,2.0,1.0,6.0,1.0,2.0,0.0,0.0,1.0,5.0,1.0,1.0,0.0,0.0
Cldn19,1.0,0.0,3.0,0.0,1.0,3.0,2.0,0.0,4.0,1.0,3.0,9.0,1.0,2.0,4.0,2.0,3.0
Cldn2,2.0,0.0,1.0,0.0,1.0,2.0,2.0,2.0,0.0,0.0,2.0,2.0,0.0,4.0,4.0,2.0,2.0
Cldn23,1.0,1.0,2.0,1.0,1.0,5.0,6.0,2.0,12.0,0.0,2.0,1.0,5.0,1.0,3.0,2.0,1.0
Cldn6,4.0,5.0,13.0,6.0,26.0,13.0,6.0,2.0,8.0,1.0,14.0,14.0,7.0,3.0,22.0,3.0,11.0
Cldn7,4.0,7.0,12.0,5.0,4.0,4.0,10.0,3.0,6.0,0.0,5.0,7.0,10.0,5.0,7.0,3.0,5.0
Cldn8,1.0,1.0,3.0,1.0,0.0,5.0,2.0,5.0,3.0,0.0,1.0,4.0,0.0,3.0,2.0,0.0,0.0
Cldn9,0.0,0.0,1.0,0.0,0.0,1.0,5.0,0.0,1.0,0.0,0.0,2.0,1.0,1.0,0.0,3.0,0.0
Clec10a,37.0,24.0,29.0,333.0,992.0,512.0,47.0,92.0,245.0,18.0,524.0,955.0,62.0,108.0,705.0,507.0,272.0
Clec14a,7.0,5.0,7.0,38.0,35.0,13.0,2.0,5.0,7.0,0.0,26.0,92.0,5.0,10.0,43.0,40.0,30.0
Clec1b,0.0,0.0,5.0,2.0,2.0,4.0,5.0,5.0,1.0,0.0,4.0,6.0,6.0,3.0,2.0,5.0,1.0
Clec4e,15.0,12.0,133.0,38.0,10.0,2.0,126.0,154.0,16.0,31.0,5.0,14.0,31.0,13.0,26.0,44.0,36.0
Clec4n,57.0,23.0,175.0,146.0,84.0,61.0,224.0,128.0,85.0,47.0,94.0,145.0,112.0,51.0,182.0,182.0,158.0
Clec9a,0.0,2.0,1.0,2.0,2.0,2.0,3.0,1.0,10.0,1.0,1.0,2.0,3.0,3.0,5.0,1.0,1.0
Clgn,0.0,1.0,6.0,1.0,0.0,0.0,5.0,1.0,0.0,0.0,1.0,0.0,0.0,0.0,0.0,2.0,0.0
Clic3,28.0,19.0,19.0,157.0,95.0,104.0,44.0,71.0,134.0,3.0,23.0,150.0,78.0,45.0,167.0,99.0,81.0
Clic4,33.0,12.0,35.0,100.0,42.0,46.0,57.0,69.0,24.0,3.0,44.0,156.0,80.0,90.0,75.0,125.0,81.0
Clic5,7.0,1.0,10.0,5.0,7.0,3.0,3.0,19.0,6.0,0.0,4.0,46.0,6.0,28.0,2.0,13.0,8.0
Clic6,2.0,2.0,5.0,3.0,3.0,9.0,6.0,11.0,2.0,0.0,3.0,9.0,4.0,3.0,8.0,3.0,1.0
Clk1,61.0,47.0,78.0,439.0,152.0,238.0,112.0,250.0,200.0,15.0,104.0,441.0,123.0,182.0,213.0,356.0,282.0
Clmp,10.0,15.0,26.0,82.0,23.0,30.0,46.0,30.0,39.0,3.0,29.0,72.0,47.0,42.0,56.0,70.0,61.0
Cln3,5.0,1.0,4.0,18.0,10.0,4.0,8.0,8.0,10.0,0.0,7.0,14.0,12.0,9.0,11.0,23.0,13.0
Cln6,14.0,12.0,19.0,148.0,53.0,59.0,35.0,91.0,57.0,3.0,46.0,129.0,35.0,61.0,74.0,105.0,85.0
Cln8,11.0,5.0,10.0,19.0,6.0,12.0,8.0,10.0,13.0,0.0,9.0,21.0,11.0,13.0,15.0,25.0,17.0
Clock,40.0,53.0,45.0,210.0,124.0,99.0,95.0,96.0,105.0,6.0,76.0,245.0,123.0,103.0,139.0,159.0,135.0
Clspn,10.0,11.0,13.0,70.0,23.0,44.0,23.0,27.0,25.0,1.0,35.0,88.0,41.0,25.0,39.0,51.0,42.0
Cltb,40.0,54.0,45.0,103.0,81.0,61.0,67.0,69.0,76.0,1.0,27.0,173.0,120.0,127.0,117.0,83.0,82.0
Cltc,249.0,284.0,385.0,997.0,803.0,520.0,592.0,540.0,515.0,66.0,510.0,1453.0,712.0,625.0,1119.0,1026.0,831.0
Cltrn,3.0,1.0,4.0,5.0,2.0,3.0,3.0,4.0,2.0,0.0,2.0,0.0,1.0,1.0,5.0,2.0,5.0
Cmah,1.0,0.0,5.0,16.0,9.0,3.0,5.0,5.0,3.0,0.0,6.0,14.0,2.0,5.0,17.0,29.0,9.0
Cmip,14.0,17.0,36.0,108.0,50.0,34.0,52.0,52.0,25.0,6.0,39.0,116.0,40.0,49.0,58.0,93.0,60.0
Cmklr1,11.0,3.0,16.0,27.0,33.0,20.0,19.0,24.0,22.0,6.0,22.0,55.0,15.0,14.0,44.0,32.0,20.0
Cmtm6,157.0,137.0,136.0,417.0,238.0,231.0,222.0,310.0,256.0,5.0,126.0,506.0,318.0,276.0,341.0,366.0,301.0
Cnga2,1.0,1.0,0.0,3.0,1.0,1.0,1.0,2.0,2.0,0.0,0.0,0.0,0.0,0.0,0.0,1.0,0.0
Cngb3,1.0,2.0,7.0,2.0,1.0,2.0,12.0,2.0,2.0,0.0,1.0,4.0,1.0,0.0,2.0,2.0,3.0
Cnmd,3.0,0.0,5.0,1.0,0.0,1.0,3.0,1.0,0.0,0.0,1.0,1.0,0.0,1.0,2.0,1.0,1.0
Cnn1,3.0,5.0,6.0,9.0,10.0,9.0,7.0,3.0,6.0,1.0,11.0,34.0,7.0,1.0,11.0,8.0,4.0
Cnot11,10.0,6.0,4.0,30.0,9.0,16.0,15.0,23.0,12.0,1.0,16.0,25.0,9.0,12.0,17.0,26.0,18.0
Cnot2,35.0,43.0,31.0,128.0,83.0,79.0,67.0,87.0,73.0,4.0,58.0,159.0,81.0,77.0,63.0,104.0,109.0
Cnot4,11.0,4.0,16.0,22.0,17.0,17.0,18.0,15.0,15.0,3.0,6.0,27.0,21.0,7.0,16.0,18.0,24.0
Cnot8,10.0,9.0,15.0,71.0,19.0,26.0,14.0,42.0,23.0,1.0,17.0,73.0,19.0,40.0,35.0,50.0,32.0
Cnot9,16.0,18.0,34.0,139.0,73.0,94.0,47.0,68.0,52.0,9.0,58.0,141.0,62.0,73.0,92.0,103.0,89.0
Cnp,12.0,11.0,27.0,65.0,19.0,24.0,33.0,47.0,57.0,11.0,41.0,166.0,26.0,33.0,79.0,72.0,44.0
Cnppd1,67.0,64.0,92.0,273.0,181.0,139.0,130.0,142.0,159.0,16.0,123.0,337.0,151.0,128.0,254.0,272.0,211.0
Cnpy1,1.0,0.0,4.0,0.0,0.0,0.0,4.0,0.0,0.0,0.0,1.0,2.0,2.0,0.0,1.0,0.0,0.0
Cnr2,1.0,0.0,5.0,10.0,9.0,3.0,8.0,7.0,5.0,3.0,4.0,10.0,3.0,3.0,8.0,21.0,11.0
Cntf,15.0,17.0,12.0,42.0,37.0,40.0,29.0,21.0,27.0,3.0,41.0,70.0,45.0,12.0,43.0,33.0,40.0
Cntn1,4.0,3.0,3.0,2.0,1.0,0.0,10.0,1.0,5.0,0.0,1.0,4.0,7.0,6.0,3.0,2.0,1.0
Cntn2,22.0,19.0,24.0,19.0,48.0,38.0,40.0,31.0,33.0,0.0,49.0,64.0,64.0,20.0,56.0,25.0,26.0
Cntn3,3.0,1.0,7.0,1.0,3.0,0.0,6.0,2.0,3.0,1.0,2.0,3.0,4.0,3.0,3.0,4.0,2.0
Cntn4,2.0,0.0,8.0,1.0,1.0,0.0,6.0,1.0,2.0,0.0,1.0,4.0,2.0,1.0,3.0,6.0,4.0
Cntn6,5.0,2.0,6.0,0.0,1.0,0.0,12.0,1.0,6.0,1.0,1.0,3.0,0.0,0.0,1.0,4.0,1.0
Cntnap1,3.0,3.0,5.0,15.0,8.0,13.0,7.0,11.0,13.0,0.0,8.0,18.0,3.0,2.0,7.0,11.0,13.0
Cntnap3,4.0,0.0,9.0,0.0,1.0,0.0,10.0,3.0,1.0,1.0,1.0,2.0,0.0,1.0,2.0,5.0,2.0
Cntnap4,0.0,0.0,7.0,2.0,9.0,2.0,16.0,2.0,0.0,0.0,1.0,0.0,2.0,0.0,2.0,4.0,0.0
Cntnap5b,6.0,7.0,11.0,7.0,14.0,9.0,9.0,3.0,5.0,0.0,15.0,30.0,13.0,0.0,29.0,5.0,3.0
Cntrob,6.0,10.0,7.0,52.0,6.0,28.0,5.0,14.0,6.0,0.0,16.0,23.0,5.0,16.0,11.0,20.0,17.0
Coa7,8.0,4.0,7.0,22.0,5.0,11.0,9.0,15.0,3.0,0.0,7.0,14.0,10.0,3.0,15.0,27.0,22.0
Col10a1,2.0,1.0,4.0,1.0,0.0,1.0,5.0,0.0,1.0,1.0,0.0,2.0,0.0,0.0,5.0,2.0,1.0
Col12a1,36.0,67.0,55.0,770.0,251.0,97.0,114.0,118.0,72.0,4.0,248.0,368.0,152.0,93.0,357.0,635.0,709.0
Col13a1,12.0,4.0,14.0,21.0,5.0,8.0,9.0,10.0,5.0,0.0,5.0,44.0,18.0,27.0,11.0,20.0,31.0
Col14a1,12.0,5.0,3.0,197.0,178.0,158.0,11.0,91.0,59.0,0.0,234.0,316.0,25.0,38.0,266.0,176.0,129.0
Col15a1,18.0,5.0,23.0,215.0,160.0,143.0,32.0,45.0,47.0,4.0,143.0,282.0,29.0,47.0,229.0,256.0,219.0
Col18a1,154.0,195.0,271.0,1571.0,891.0,322.0,384.0,530.0,314.0,137.0,345.0,2204.0,546.0,541.0,1049.0,1238.0,1290.0
Col1a1,40.0,200.0,66.0,1696.0,696.0,762.0,330.0,382.0,511.0,8.0,813.0,1221.0,97.0,443.0,1402.0,2454.0,1680.0
Col1a2,1280.0,1950.0,818.0,22798.0,10065.0,8797.0,3056.0,5542.0,5816.0,115.0,13483.0,19174.0,2427.0,8951.0,21110.0,26384.0,18830.0
Col23a1,27.0,68.0,38.0,146.0,52.0,75.0,99.0,60.0,90.0,1.0,51.0,174.0,123.0,87.0,79.0,107.0,128.0
Col24a1,6.0,2.0,3.0,62.0,7.0,16.0,8.0,17.0,8.0,2.0,32.0,34.0,2.0,9.0,32.0,102.0,67.0
Col26a1,3.0,0.0,1.0,5.0,6.0,5.0,5.0,0.0,2.0,1.0,3.0,11.0,2.0,3.0,3.0,12.0,8.0
Col4a1,502.0,277.0,535.0,4354.0,2516.0,1590.0,1081.0,2045.0,932.0,157.0,3005.0,6123.0,1075.0,1706.0,3815.0,3946.0,3872.0
Col4a2,190.0,140.0,191.0,1180.0,876.0,506.0,377.0,557.0,374.0,34.0,965.0,2009.0,337.0,630.0,1310.0,1328.0,1194.0
Col4a3,16.0,19.0,9.0,12.0,35.0,29.0,23.0,7.0,21.0,0.0,35.0,51.0,37.0,18.0,42.0,14.0,13.0
Col4a3bp,47.0,35.0,45.0,220.0,131.0,112.0,82.0,104.0,89.0,9.0,69.0,257.0,124.0,105.0,162.0,200.0,189.0
Col4a5,2.0,10.0,5.0,63.0,26.0,48.0,6.0,22.0,27.0,3.0,38.0,59.0,13.0,25.0,47.0,31.0,28.0
Col5a1,25.0,21.0,21.0,922.0,410.0,217.0,59.0,161.0,120.0,9.0,541.0,707.0,43.0,112.0,1030.0,1114.0,948.0
Col6a1,32.0,29.0,38.0,496.0,246.0,245.0,70.0,101.0,113.0,14.0,245.0,566.0,67.0,154.0,481.0,500.0,448.0
Col6a2,115.0,123.0,118.0,3363.0,990.0,1180.0,307.0,778.0,440.0,39.0,870.0,3164.0,320.0,695.0,2347.0,3036.0,2287.0
Col6a3,71.0,114.0,131.0,969.0,370.0,397.0,242.0,271.0,179.0,23.0,402.0,1264.0,284.0,289.0,733.0,1242.0,1049.0
Col7a1,96.0,146.0,83.0,1755.0,1045.0,452.0,163.0,294.0,386.0,30.0,172.0,1306.0,323.0,307.0,459.0,1209.0,1051.0
Col9a3,4.0,5.0,2.0,11.0,7.0,9.0,10.0,5.0,5.0,0.0,19.0,20.0,11.0,2.0,10.0,6.0,3.0
Colgalt2,0.0,1.0,2.0,4.0,2.0,3.0,2.0,2.0,5.0,1.0,7.0,15.0,1.0,3.0,5.0,4.0,8.0
Colq,2.0,1.0,1.0,1.0,0.0,0.0,4.0,4.0,1.0,0.0,2.0,21.0,1.0,11.0,4.0,5.0,8.0
Commd1,53.0,41.0,36.0,178.0,115.0,126.0,93.0,105.0,79.0,3.0,78.0,215.0,102.0,120.0,155.0,156.0,141.0
Commd10,8.0,7.0,3.0,18.0,5.0,22.0,11.0,24.0,14.0,1.0,4.0,21.0,7.0,9.0,13.0,8.0,17.0
Comt,11.0,29.0,25.0,96.0,65.0,46.0,40.0,56.0,57.0,6.0,33.0,122.0,41.0,65.0,71.0,83.0,77.0
Cop1,19.0,19.0,24.0,55.0,46.0,42.0,24.0,27.0,57.0,0.0,26.0,61.0,48.0,48.0,29.0,52.0,44.0
Copg1,58.0,49.0,67.0,249.0,133.0,97.0,99.0,146.0,100.0,10.0,103.0,287.0,139.0,125.0,222.0,258.0,236.0
Coprs,2.0,1.0,8.0,14.0,6.0,4.0,6.0,8.0,6.0,1.0,6.0,22.0,6.0,11.0,6.0,11.0,11.0
Cops2,135.0,104.0,113.0,332.0,194.0,230.0,220.0,183.0,218.0,19.0,179.0,394.0,291.0,218.0,283.0,331.0,301.0
Cops5,49.0,54.0,58.0,138.0,106.0,107.0,98.0,108.0,108.0,9.0,83.0,175.0,128.0,137.0,143.0,153.0,120.0
Cops8,43.0,49.0,37.0,150.0,118.0,100.0,90.0,70.0,100.0,4.0,109.0,197.0,122.0,87.0,149.0,106.0,123.0
Cops9,11.0,5.0,11.0,16.0,10.0,20.0,5.0,11.0,8.0,0.0,6.0,27.0,20.0,16.0,19.0,22.0,25.0
Coq8a,81.0,13.0,64.0,41.0,93.0,32.0,14.0,235.0,47.0,0.0,62.0,638.0,48.0,328.0,63.0,167.0,219.0
Coro1c,106.0,119.0,150.0,437.0,322.0,190.0,255.0,227.0,233.0,18.0,185.0,538.0,345.0,232.0,338.0,277.0,320.0
Coro2b,9.0,6.0,13.0,51.0,24.0,30.0,11.0,18.0,38.0,4.0,24.0,86.0,11.0,33.0,44.0,45.0,38.0
Coro6,37.0,3.0,17.0,13.0,9.0,5.0,4.0,45.0,10.0,0.0,15.0,230.0,10.0,120.0,26.0,99.0,112.0
Cort,0.0,0.0,7.0,4.0,4.0,8.0,4.0,1.0,2.0,0.0,2.0,2.0,6.0,1.0,3.0,9.0,7.0
Cox7a1,0.0,1.0,5.0,0.0,0.0,0.0,4.0,3.0,0.0,0.0,2.0,0.0,3.0,2.0,1.0,1.0,0.0
Cox8b,1.0,0.0,3.0,0.0,1.0,0.0,2.0,0.0,0.0,0.0,1.0,5.0,0.0,2.0,0.0,0.0,1.0
Cpa4,71.0,41.0,43.0,376.0,167.0,171.0,93.0,89.0,224.0,6.0,114.0,480.0,124.0,62.0,340.0,238.0,219.0
Cpeb2,65.0,49.0,76.0,244.0,134.0,117.0,103.0,123.0,102.0,8.0,52.0,294.0,138.0,82.0,168.0,153.0,164.0
Cpeb4,120.0,54.0,95.0,189.0,158.0,103.0,104.0,144.0,140.0,10.0,86.0,320.0,154.0,143.0,208.0,196.0,201.0
Cplx3,2.0,0.0,9.0,1.0,1.0,0.0,3.0,1.0,1.0,0.0,10.0,3.0,2.0,0.0,1.0,2.0,1.0
Cpn1,11.0,3.0,15.0,7.0,14.0,3.0,4.0,0.0,2.0,0.0,3.0,11.0,3.0,0.0,10.0,6.0,6.0
Cpne4,1.0,5.0,17.0,12.0,2.0,9.0,19.0,4.0,3.0,1.0,6.0,5.0,1.0,1.0,2.0,2.0,0.0
Cpox,66.0,41.0,40.0,150.0,112.0,89.0,70.0,67.0,100.0,1.0,42.0,204.0,100.0,82.0,93.0,133.0,96.0
Cps1,0.0,0.0,2.0,12.0,0.0,7.0,1.0,9.0,0.0,0.0,10.0,0.0,0.0,0.0,1.0,2.0,1.0
Cpsf6,103.0,103.0,97.0,395.0,225.0,254.0,122.0,205.0,196.0,11.0,208.0,421.0,200.0,153.0,261.0,277.0,300.0
Cpt1a,29.0,34.0,38.0,205.0,166.0,106.0,76.0,101.0,81.0,4.0,81.0,166.0,80.0,52.0,167.0,187.0,136.0
Cpt1c,5.0,7.0,5.0,57.0,13.0,22.0,11.0,23.0,23.0,1.0,15.0,42.0,14.0,24.0,20.0,47.0,33.0
Cpt2,38.0,35.0,24.0,150.0,148.0,82.0,49.0,63.0,80.0,8.0,75.0,196.0,86.0,99.0,122.0,168.0,119.0
Cptp,10.0,10.0,9.0,36.0,14.0,30.0,14.0,16.0,30.0,2.0,14.0,52.0,27.0,23.0,46.0,28.0,35.0
Cr1l,66.0,32.0,52.0,228.0,124.0,102.0,58.0,128.0,91.0,14.0,81.0,313.0,120.0,131.0,179.0,243.0,212.0
Cr2,1.0,0.0,5.0,0.0,3.0,5.0,6.0,1.0,0.0,0.0,1.0,10.0,3.0,4.0,3.0,1.0,1.0
Crabp1,11.0,58.0,60.0,558.0,67.0,36.0,122.0,53.0,95.0,2.0,44.0,240.0,134.0,61.0,122.0,315.0,482.0
Crabp2,144.0,181.0,141.0,756.0,835.0,97.0,371.0,255.0,222.0,4.0,20.0,1182.0,662.0,311.0,531.0,492.0,397.0
Crb1,1.0,0.0,1.0,0.0,0.0,0.0,6.0,0.0,0.0,0.0,0.0,0.0,1.0,2.0,2.0,0.0,1.0
Crb2,0.0,0.0,3.0,0.0,0.0,0.0,4.0,0.0,0.0,0.0,1.0,2.0,1.0,1.0,2.0,0.0,1.0
Crbn,46.0,38.0,34.0,128.0,81.0,103.0,64.0,70.0,72.0,6.0,64.0,188.0,82.0,73.0,131.0,126.0,108.0
Creb1,32.0,49.0,42.0,154.0,82.0,84.0,74.0,85.0,78.0,9.0,83.0,209.0,76.0,80.0,95.0,101.0,103.0
Crebbp,27.0,34.0,26.0,152.0,64.0,108.0,64.0,115.0,105.0,7.0,55.0,180.0,66.0,77.0,107.0,98.0,100.0
Crebrf,36.0,33.0,44.0,125.0,106.0,132.0,72.0,114.0,104.0,6.0,74.0,186.0,79.0,98.0,124.0,134.0,120.0
Creg1,6.0,4.0,17.0,13.0,10.0,5.0,11.0,9.0,12.0,4.0,4.0,26.0,7.0,7.0,13.0,18.0,15.0
Creld1,58.0,35.0,42.0,201.0,87.0,91.0,55.0,100.0,85.0,7.0,88.0,263.0,73.0,182.0,124.0,237.0,179.0
Crhbp,0.0,0.0,3.0,0.0,1.0,0.0,1.0,2.0,0.0,0.0,1.0,2.0,1.0,0.0,2.0,1.0,4.0
Crhr1,0.0,1.0,3.0,9.0,0.0,15.0,2.0,3.0,0.0,0.0,10.0,0.0,0.0,2.0,0.0,2.0,4.0
Crhr2,2.0,0.0,4.0,2.0,1.0,2.0,1.0,2.0,1.0,1.0,1.0,8.0,1.0,4.0,0.0,4.0,3.0
Crisp1,1.0,0.0,5.0,0.0,1.0,0.0,8.0,0.0,0.0,0.0,0.0,0.0,2.0,0.0,1.0,1.0,1.0
Crk,80.0,43.0,107.0,239.0,132.0,98.0,93.0,202.0,96.0,9.0,63.0,327.0,163.0,183.0,167.0,263.0,194.0
Crlf2,8.0,9.0,16.0,59.0,17.0,13.0,30.0,47.0,18.0,3.0,16.0,56.0,30.0,26.0,53.0,47.0,36.0
Crmp1,1.0,2.0,6.0,2.0,1.0,0.0,5.0,1.0,0.0,0.0,1.0,0.0,3.0,1.0,2.0,3.0,5.0
Crocc,51.0,71.0,30.0,100.0,148.0,105.0,91.0,52.0,77.0,2.0,121.0,212.0,128.0,60.0,156.0,109.0,141.0
Crtc2,19.0,15.0,18.0,105.0,32.0,56.0,32.0,56.0,37.0,2.0,28.0,89.0,38.0,41.0,58.0,76.0,73.0
Crx,1.0,6.0,6.0,3.0,9.0,6.0,3.0,2.0,6.0,0.0,13.0,11.0,6.0,1.0,7.0,5.0,6.0
Crxos,1.0,1.0,9.0,10.0,3.0,2.0,9.0,3.0,2.0,1.0,4.0,5.0,5.0,2.0,6.0,1.0,2.0
Cry1,23.0,27.0,18.0,34.0,32.0,42.0,25.0,27.0,22.0,0.0,50.0,47.0,44.0,20.0,26.0,36.0,30.0
Cry2,18.0,21.0,18.0,80.0,69.0,81.0,46.0,36.0,75.0,5.0,43.0,96.0,46.0,61.0,53.0,99.0,87.0
Cryaa,5.0,1.0,8.0,3.0,10.0,3.0,7.0,3.0,5.0,0.0,11.0,13.0,3.0,4.0,7.0,3.0,8.0
Cryab,2422.0,12.0,778.0,185.0,176.0,56.0,69.0,2466.0,185.0,52.0,111.0,1662.0,829.0,1719.0,507.0,586.0,1005.0
Cryba2,0.0,0.0,3.0,5.0,3.0,0.0,2.0,4.0,1.0,2.0,0.0,5.0,1.0,1.0,1.0,1.0,0.0
Cryba4,3.0,0.0,4.0,3.0,0.0,5.0,12.0,3.0,5.0,1.0,21.0,6.0,1.0,5.0,2.0,2.0,2.0
Crybb3,3.0,3.0,5.0,17.0,6.0,6.0,8.0,4.0,7.0,0.0,5.0,14.0,9.0,5.0,8.0,3.0,6.0
Crygb,1.0,1.0,2.0,0.0,0.0,0.0,1.0,1.0,0.0,0.0,0.0,0.0,1.0,0.0,2.0,2.0,0.0
Crygc,4.0,2.0,7.0,5.0,9.0,0.0,4.0,1.0,6.0,0.0,6.0,6.0,9.0,2.0,2.0,4.0,5.0
Crygd,2.0,0.0,3.0,1.0,1.0,1.0,5.0,0.0,0.0,0.0,3.0,0.0,1.0,0.0,1.0,4.0,0.0
Cryge,1.0,1.0,4.0,1.0,0.0,0.0,2.0,0.0,1.0,1.0,1.0,0.0,0.0,0.0,1.0,0.0,0.0
Crygf,0.0,0.0,4.0,0.0,1.0,1.0,3.0,0.0,1.0,1.0,0.0,0.0,0.0,0.0,0.0,2.0,0.0
Crygs,0.0,0.0,2.0,0.0,0.0,1.0,5.0,0.0,2.0,1.0,3.0,2.0,1.0,0.0,0.0,0.0,2.0
Crym,6.0,0.0,6.0,40.0,0.0,43.0,2.0,49.0,3.0,0.0,169.0,10.0,1.0,6.0,1.0,4.0,3.0
Cs,354.0,339.0,289.0,1225.0,679.0,714.0,394.0,660.0,612.0,21.0,383.0,1459.0,832.0,919.0,1045.0,1063.0,1029.0
Csde1,102.0,87.0,116.0,315.0,184.0,200.0,179.0,176.0,156.0,13.0,126.0,337.0,216.0,208.0,200.0,243.0,222.0
Cse1l,24.0,32.0,36.0,117.0,42.0,68.0,42.0,68.0,40.0,3.0,49.0,122.0,79.0,67.0,50.0,91.0,70.0
Csf1,85.0,55.0,164.0,211.0,215.0,102.0,240.0,245.0,162.0,14.0,174.0,289.0,79.0,151.0,235.0,264.0,228.0
Csf1r,19.0,14.0,39.0,231.0,160.0,81.0,72.0,99.0,82.0,33.0,140.0,275.0,40.0,52.0,293.0,261.0,193.0
Csf2,2.0,1.0,9.0,6.0,2.0,3.0,1.0,1.0,5.0,1.0,0.0,3.0,7.0,2.0,5.0,2.0,1.0
Csf2rb,22.0,10.0,61.0,80.0,54.0,16.0,60.0,79.0,40.0,13.0,36.0,79.0,56.0,36.0,84.0,97.0,69.0
Csf2rb2,4.0,5.0,39.0,56.0,35.0,24.0,32.0,68.0,26.0,16.0,30.0,73.0,15.0,25.0,54.0,53.0,60.0
Csf3,6.0,4.0,22.0,3.0,1.0,1.0,17.0,15.0,6.0,6.0,0.0,10.0,20.0,15.0,4.0,19.0,9.0
Csf3r,20.0,3.0,70.0,101.0,16.0,8.0,76.0,103.0,30.0,14.0,14.0,48.0,52.0,43.0,49.0,118.0,104.0
Csk,42.0,24.0,38.0,114.0,70.0,69.0,70.0,63.0,66.0,4.0,86.0,95.0,64.0,43.0,126.0,83.0,89.0
Csnk1a1,126.0,133.0,93.0,476.0,263.0,233.0,210.0,275.0,206.0,5.0,131.0,551.0,354.0,299.0,293.0,391.0,354.0
Csnk1d,315.0,324.0,288.0,1000.0,655.0,563.0,409.0,532.0,460.0,38.0,483.0,1179.0,775.0,594.0,811.0,892.0,743.0
Csnk1e,57.0,32.0,54.0,346.0,122.0,195.0,45.0,183.0,96.0,8.0,136.0,245.0,95.0,97.0,221.0,211.0,141.0
Csnk2a1,37.0,38.0,45.0,149.0,78.0,106.0,71.0,66.0,94.0,6.0,45.0,145.0,89.0,95.0,76.0,142.0,102.0
Csnk2a2,59.0,52.0,43.0,240.0,145.0,183.0,78.0,110.0,156.0,10.0,70.0,246.0,117.0,131.0,233.0,208.0,206.0
Cspg4,48.0,62.0,46.0,278.0,111.0,168.0,70.0,221.0,69.0,7.0,195.0,399.0,156.0,157.0,192.0,167.0,142.0
Cspg5,1.0,2.0,3.0,3.0,1.0,3.0,6.0,3.0,0.0,1.0,3.0,2.0,2.0,3.0,2.0,3.0,4.0
Cst7,6.0,5.0,9.0,4.0,8.0,11.0,5.0,3.0,12.0,0.0,5.0,22.0,10.0,2.0,8.0,5.0,8.0
Csta1,3.0,3.0,12.0,21.0,25.0,3.0,14.0,5.0,4.0,2.0,0.0,33.0,10.0,5.0,28.0,30.0,23.0
Ctbp1,8.0,17.0,24.0,64.0,17.0,24.0,28.0,57.0,28.0,1.0,19.0,69.0,30.0,37.0,30.0,48.0,38.0
Ctbp2,13.0,16.0,27.0,101.0,45.0,62.0,60.0,48.0,31.0,4.0,53.0,96.0,48.0,30.0,54.0,68.0,61.0
Ctcf,51.0,50.0,59.0,306.0,128.0,183.0,84.0,142.0,120.0,11.0,120.0,252.0,112.0,145.0,164.0,186.0,157.0
Ctdsp1,42.0,39.0,49.0,219.0,81.0,117.0,75.0,114.0,116.0,4.0,91.0,250.0,78.0,150.0,150.0,213.0,134.0
Ctdspl2,31.0,19.0,28.0,88.0,46.0,39.0,51.0,55.0,42.0,10.0,49.0,117.0,54.0,46.0,80.0,77.0,62.0
Cth,23.0,20.0,21.0,39.0,26.0,20.0,17.0,15.0,15.0,1.0,22.0,51.0,24.0,16.0,21.0,40.0,18.0
Ctla4,0.0,1.0,6.0,10.0,6.0,3.0,10.0,3.0,4.0,0.0,1.0,4.0,4.0,0.0,0.0,9.0,8.0
Ctnna1,482.0,494.0,400.0,1023.0,1019.0,648.0,735.0,538.0,556.0,51.0,602.0,1639.0,1214.0,661.0,1152.0,962.0,871.0
Ctnna3,2.0,0.0,8.0,0.0,2.0,0.0,11.0,1.0,0.0,0.0,6.0,9.0,4.0,0.0,3.0,2.0,2.0
Ctnnal1,34.0,78.0,43.0,182.0,122.0,124.0,73.0,63.0,113.0,0.0,88.0,262.0,124.0,118.0,131.0,130.0,101.0
Ctnnb1,207.0,182.0,187.0,1489.0,579.0,747.0,377.0,706.0,391.0,16.0,547.0,1436.0,600.0,495.0,793.0,917.0,832.0
Ctnnbip1,13.0,5.0,7.0,78.0,30.0,42.0,16.0,30.0,53.0,1.0,21.0,53.0,19.0,16.0,60.0,43.0,46.0
Ctnnd1,356.0,335.0,288.0,1277.0,1267.0,756.0,649.0,685.0,578.0,31.0,493.0,1635.0,1007.0,648.0,1144.0,978.0,835.0
Ctr9,70.0,56.0,65.0,222.0,149.0,118.0,117.0,125.0,110.0,6.0,113.0,234.0,141.0,98.0,186.0,189.0,137.0
Ctsk,83.0,421.0,174.0,856.0,563.0,897.0,450.0,310.0,588.0,30.0,638.0,1232.0,278.0,428.0,730.0,646.0,821.0
Ctsl,36.0,20.0,66.0,268.0,158.0,59.0,106.0,176.0,76.0,40.0,82.0,406.0,95.0,292.0,210.0,397.0,245.0
Ctsq,1.0,0.0,4.0,0.0,0.0,0.0,5.0,3.0,0.0,0.0,0.0,0.0,0.0,0.0,0.0,1.0,1.0
Cttn,99.0,79.0,97.0,339.0,206.0,139.0,138.0,188.0,133.0,17.0,86.0,415.0,234.0,210.0,237.0,320.0,297.0
Cttnbp2,2.0,0.0,6.0,15.0,4.0,16.0,12.0,17.0,15.0,0.0,11.0,15.0,4.0,1.0,11.0,8.0,9.0
Cubn,0.0,1.0,5.0,3.0,3.0,1.0,4.0,6.0,3.0,0.0,1.0,8.0,4.0,1.0,4.0,8.0,3.0
Cul1,25.0,28.0,21.0,131.0,91.0,87.0,63.0,74.0,63.0,13.0,62.0,150.0,63.0,61.0,103.0,105.0,107.0
Cul3,102.0,100.0,92.0,246.0,200.0,201.0,184.0,155.0,200.0,10.0,129.0,339.0,190.0,153.0,243.0,225.0,203.0
Cul4a,35.0,35.0,40.0,145.0,86.0,85.0,64.0,89.0,70.0,5.0,70.0,164.0,95.0,88.0,119.0,120.0,136.0
Cux1,24.0,23.0,40.0,272.0,57.0,236.0,67.0,243.0,88.0,8.0,185.0,139.0,73.0,71.0,81.0,125.0,105.0
Cux2,2.0,0.0,3.0,1.0,0.0,0.0,1.0,0.0,1.0,0.0,1.0,5.0,1.0,1.0,3.0,3.0,0.0
Cwc27,9.0,9.0,31.0,84.0,30.0,45.0,30.0,75.0,35.0,9.0,49.0,83.0,34.0,50.0,40.0,73.0,56.0
Cx3cl1,1.0,0.0,4.0,11.0,7.0,12.0,2.0,8.0,6.0,1.0,7.0,17.0,8.0,5.0,15.0,5.0,15.0
Cx3cr1,0.0,2.0,5.0,18.0,5.0,0.0,9.0,5.0,3.0,1.0,5.0,16.0,1.0,0.0,23.0,8.0,10.0
Cxadr,107.0,117.0,68.0,367.0,166.0,387.0,126.0,233.0,274.0,4.0,101.0,474.0,242.0,264.0,290.0,255.0,216.0
Cxcl1,141.0,68.0,242.0,73.0,30.0,0.0,262.0,110.0,45.0,40.0,27.0,104.0,166.0,163.0,33.0,244.0,174.0
Cxcl10,246.0,56.0,860.0,36.0,19.0,23.0,615.0,485.0,361.0,11.0,77.0,117.0,160.0,28.0,107.0,100.0,26.0
Cxcl12,159.0,114.0,706.0,206.0,163.0,93.0,797.0,379.0,194.0,44.0,170.0,364.0,169.0,186.0,247.0,359.0,257.0
Cxcl13,0.0,1.0,7.0,0.0,8.0,1.0,17.0,7.0,8.0,0.0,28.0,31.0,2.0,2.0,9.0,3.0,0.0
Cxcl14,85.0,82.0,148.0,327.0,180.0,125.0,147.0,527.0,159.0,4.0,304.0,640.0,276.0,478.0,159.0,367.0,205.0
Cxcl16,56.0,51.0,76.0,216.0,120.0,73.0,106.0,67.0,134.0,35.0,81.0,192.0,111.0,55.0,234.0,141.0,154.0
Cxcl2,0.0,0.0,8.0,1.0,1.0,0.0,3.0,26.0,1.0,2.0,0.0,1.0,0.0,0.0,2.0,5.0,3.0
Cxcl3,11.0,3.0,41.0,6.0,1.0,0.0,40.0,79.0,3.0,27.0,1.0,2.0,18.0,3.0,3.0,32.0,15.0
Cxcl5,76.0,16.0,167.0,310.0,8.0,4.0,204.0,393.0,28.0,6.0,23.0,117.0,201.0,315.0,81.0,421.0,416.0
Cxcl9,4.0,2.0,16.0,3.0,25.0,7.0,6.0,2.0,27.0,0.0,20.0,27.0,3.0,2.0,39.0,7.0,8.0
Cxcr1,3.0,5.0,5.0,1.0,1.0,1.0,14.0,7.0,2.0,0.0,3.0,6.0,18.0,12.0,1.0,3.0,3.0
Cxcr2,39.0,25.0,73.0,94.0,34.0,23.0,80.0,97.0,42.0,10.0,12.0,84.0,113.0,69.0,81.0,108.0,109.0
Cxcr3,1.0,1.0,1.0,1.0,3.0,3.0,3.0,2.0,3.0,0.0,3.0,3.0,1.0,0.0,10.0,2.0,3.0
Cxcr4,39.0,8.0,89.0,255.0,51.0,74.0,141.0,109.0,65.0,30.0,72.0,110.0,44.0,24.0,203.0,173.0,207.0
Cxcr5,1.0,0.0,6.0,0.0,1.0,1.0,9.0,0.0,1.0,0.0,0.0,2.0,3.0,0.0,0.0,3.0,1.0
Cxcr6,0.0,3.0,3.0,3.0,1.0,3.0,11.0,1.0,1.0,1.0,2.0,2.0,0.0,2.0,4.0,0.0,3.0
Cxxc1,606.0,646.0,401.0,1338.0,1741.0,1203.0,991.0,545.0,969.0,60.0,1628.0,2094.0,1291.0,816.0,2401.0,1132.0,1164.0
Cxxc5,23.0,7.0,17.0,101.0,36.0,61.0,11.0,67.0,27.0,5.0,57.0,99.0,17.0,36.0,69.0,87.0,55.0
Cyb561,7.0,18.0,28.0,53.0,33.0,37.0,25.0,57.0,49.0,0.0,17.0,100.0,53.0,57.0,27.0,47.0,40.0
Cyb5a,86.0,138.0,64.0,315.0,337.0,314.0,179.0,139.0,232.0,7.0,238.0,518.0,277.0,191.0,403.0,312.0,267.0
Cyb5r3,98.0,119.0,87.0,378.0,279.0,262.0,165.0,179.0,178.0,22.0,181.0,568.0,216.0,278.0,407.0,411.0,372.0
Cybb,74.0,10.0,171.0,245.0,194.0,66.0,229.0,178.0,158.0,45.0,179.0,210.0,69.0,60.0,539.0,246.0,122.0
Cybc1,33.0,28.0,44.0,109.0,70.0,65.0,73.0,72.0,95.0,9.0,74.0,110.0,64.0,72.0,105.0,138.0,73.0
Cyct,2.0,3.0,14.0,3.0,6.0,7.0,5.0,2.0,6.0,1.0,8.0,12.0,3.0,5.0,7.0,8.0,4.0
Cyfip1,131.0,132.0,187.0,411.0,376.0,214.0,411.0,251.0,258.0,52.0,188.0,525.0,314.0,202.0,564.0,391.0,388.0
Cyfip2,18.0,8.0,20.0,92.0,35.0,66.0,27.0,44.0,57.0,1.0,81.0,55.0,23.0,24.0,68.0,45.0,40.0
Cygb,1.0,0.0,0.0,30.0,50.0,30.0,1.0,21.0,13.0,0.0,31.0,195.0,4.0,43.0,36.0,73.0,39.0
Cyld,71.0,61.0,55.0,242.0,155.0,166.0,112.0,143.0,161.0,8.0,122.0,317.0,131.0,171.0,199.0,201.0,191.0
Cyp11a1,0.0,1.0,3.0,2.0,4.0,3.0,8.0,0.0,2.0,1.0,2.0,7.0,3.0,2.0,8.0,1.0,4.0
Cyp17a1,3.0,7.0,3.0,9.0,4.0,10.0,9.0,2.0,11.0,0.0,3.0,5.0,4.0,0.0,10.0,7.0,6.0
Cyp19a1,0.0,0.0,5.0,0.0,0.0,0.0,7.0,1.0,0.0,0.0,0.0,0.0,2.0,0.0,0.0,0.0,1.0
Cyp1a1,0.0,1.0,7.0,1.0,1.0,2.0,4.0,0.0,5.0,0.0,1.0,1.0,3.0,2.0,2.0,1.0,5.0
Cyp1a2,1.0,2.0,1.0,2.0,0.0,1.0,3.0,0.0,1.0,0.0,0.0,2.0,1.0,0.0,2.0,1.0,0.0
Cyp1b1,9.0,30.0,38.0,88.0,52.0,39.0,34.0,83.0,41.0,0.0,42.0,128.0,74.0,105.0,72.0,125.0,110.0
Cyp21a1,1.0,1.0,10.0,4.0,1.0,1.0,4.0,4.0,2.0,0.0,2.0,0.0,1.0,1.0,2.0,2.0,0.0
Cyp24a1,0.0,0.0,5.0,0.0,1.0,0.0,3.0,2.0,0.0,0.0,0.0,1.0,0.0,0.0,0.0,1.0,1.0
Cyp26a1,2.0,1.0,8.0,2.0,3.0,2.0,10.0,3.0,3.0,1.0,4.0,6.0,2.0,1.0,6.0,6.0,2.0
Cyp26b1,89.0,193.0,112.0,247.0,92.0,82.0,246.0,114.0,175.0,14.0,31.0,241.0,432.0,210.0,123.0,149.0,134.0
Cyp27a1,5.0,6.0,12.0,55.0,57.0,46.0,12.0,17.0,38.0,1.0,34.0,105.0,13.0,22.0,66.0,37.0,36.0
Cyp27b1,56.0,56.0,28.0,63.0,129.0,109.0,79.0,30.0,57.0,1.0,139.0,145.0,107.0,35.0,158.0,69.0,98.0
Cyp2a5,2.0,2.0,17.0,2.0,3.0,2.0,23.0,4.0,8.0,0.0,3.0,6.0,4.0,2.0,4.0,5.0,2.0
Cyp2e1,0.0,1.0,0.0,3.0,41.0,55.0,1.0,3.0,14.0,0.0,30.0,2.0,0.0,1.0,69.0,30.0,5.0
Cyp2g1,2.0,0.0,6.0,49.0,1.0,4.0,8.0,4.0,5.0,0.0,0.0,8.0,2.0,1.0,86.0,17.0,17.0
Cyp2r1,0.0,1.0,6.0,2.0,0.0,4.0,7.0,8.0,1.0,0.0,1.0,3.0,3.0,1.0,1.0,3.0,2.0
Cyp3a13,18.0,12.0,29.0,34.0,40.0,30.0,30.0,10.0,38.0,0.0,6.0,123.0,86.0,35.0,64.0,50.0,44.0
Cyp7a1,1.0,0.0,7.0,1.0,0.0,0.0,4.0,0.0,1.0,1.0,0.0,0.0,0.0,0.0,0.0,0.0,0.0
Cyp7b1,12.0,57.0,53.0,44.0,29.0,27.0,81.0,91.0,71.0,3.0,23.0,62.0,77.0,116.0,53.0,62.0,68.0
Cyp8b1,1.0,1.0,2.0,1.0,1.0,0.0,2.0,2.0,2.0,0.0,0.0,1.0,3.0,0.0,2.0,0.0,1.0
Cyren,10.0,10.0,12.0,52.0,19.0,26.0,22.0,15.0,29.0,3.0,22.0,49.0,30.0,27.0,29.0,41.0,30.0
Cysltr1,8.0,1.0,4.0,15.0,16.0,11.0,26.0,17.0,20.0,2.0,14.0,24.0,9.0,16.0,11.0,28.0,13.0
D1Ertd622e,0.0,2.0,10.0,11.0,10.0,4.0,9.0,11.0,8.0,1.0,3.0,13.0,8.0,8.0,8.0,12.0,11.0
D1Pas1,4.0,4.0,8.0,0.0,7.0,7.0,11.0,3.0,6.0,0.0,3.0,11.0,6.0,5.0,12.0,4.0,5.0
Daam2,5.0,8.0,11.0,55.0,30.0,62.0,17.0,15.0,25.0,1.0,29.0,62.0,10.0,17.0,78.0,30.0,33.0
Dab2,21.0,34.0,47.0,92.0,62.0,48.0,56.0,60.0,53.0,12.0,56.0,131.0,71.0,92.0,123.0,123.0,101.0
Dach1,3.0,2.0,4.0,12.0,2.0,9.0,2.0,7.0,4.0,0.0,6.0,18.0,2.0,2.0,3.0,13.0,11.0
Dact2,5.0,11.0,7.0,23.0,16.0,12.0,7.0,5.0,6.0,0.0,10.0,36.0,20.0,3.0,13.0,12.0,5.0
Dag1,54.0,63.0,35.0,145.0,136.0,112.0,74.0,95.0,76.0,5.0,89.0,304.0,98.0,129.0,151.0,135.0,129.0
Dagla,8.0,1.0,2.0,9.0,7.0,0.0,2.0,4.0,6.0,0.0,7.0,7.0,3.0,5.0,5.0,5.0,2.0
Daglb,8.0,3.0,10.0,45.0,31.0,31.0,12.0,17.0,43.0,3.0,36.0,50.0,17.0,26.0,76.0,49.0,24.0
Dao,1.0,1.0,10.0,1.0,0.0,1.0,8.0,0.0,2.0,1.0,2.0,3.0,2.0,1.0,0.0,3.0,2.0
Dapk1,21.0,18.0,27.0,121.0,96.0,64.0,43.0,59.0,90.0,5.0,82.0,155.0,69.0,78.0,122.0,80.0,84.0
Daxx,217.0,76.0,355.0,243.0,113.0,143.0,384.0,304.0,231.0,17.0,145.0,298.0,216.0,165.0,206.0,240.0,156.0
Dazl,0.0,1.0,4.0,0.0,2.0,1.0,4.0,1.0,0.0,0.0,1.0,0.0,0.0,0.0,1.0,1.0,1.0
Dbh,2.0,1.0,3.0,0.0,0.0,0.0,5.0,0.0,0.0,0.0,1.0,0.0,1.0,0.0,3.0,1.0,1.0
Dbn1,52.0,12.0,35.0,458.0,94.0,175.0,70.0,182.0,57.0,13.0,225.0,304.0,57.0,79.0,428.0,408.0,335.0
Dbnl,144.0,129.0,130.0,543.0,410.0,302.0,254.0,285.0,375.0,13.0,195.0,602.0,374.0,324.0,570.0,433.0,397.0
Dbp,38.0,111.0,42.0,106.0,376.0,427.0,93.0,77.0,372.0,4.0,174.0,426.0,92.0,183.0,285.0,376.0,338.0
Dbx1,0.0,1.0,4.0,2.0,1.0,0.0,3.0,0.0,1.0,0.0,0.0,2.0,0.0,0.0,2.0,0.0,1.0
Dbx2,1.0,0.0,2.0,1.0,2.0,2.0,6.0,2.0,3.0,0.0,4.0,6.0,1.0,5.0,14.0,11.0,12.0
Dcaf1,20.0,18.0,13.0,84.0,29.0,41.0,31.0,33.0,39.0,0.0,29.0,82.0,41.0,30.0,53.0,57.0,61.0
Dcaf11,4.0,1.0,5.0,10.0,5.0,8.0,3.0,9.0,4.0,0.0,6.0,22.0,3.0,2.0,9.0,12.0,5.0
Dcaf7,41.0,28.0,37.0,139.0,91.0,88.0,56.0,93.0,91.0,7.0,64.0,206.0,65.0,96.0,115.0,134.0,118.0
Dcc,0.0,0.0,5.0,1.0,1.0,3.0,7.0,1.0,1.0,1.0,0.0,0.0,2.0,0.0,1.0,0.0,0.0
Dct,1.0,4.0,3.0,140.0,11.0,78.0,8.0,24.0,12.0,0.0,56.0,28.0,6.0,14.0,14.0,10.0,18.0
Dctn1,242.0,281.0,208.0,970.0,744.0,549.0,382.0,398.0,430.0,35.0,547.0,1036.0,558.0,437.0,875.0,771.0,758.0
Dctn2,90.0,136.0,111.0,598.0,328.0,291.0,199.0,314.0,258.0,24.0,246.0,704.0,255.0,267.0,493.0,489.0,459.0
Dctn3,6.0,5.0,13.0,18.0,15.0,9.0,4.0,7.0,18.0,0.0,6.0,19.0,12.0,7.0,10.0,14.0,13.0
Dctn4,43.0,50.0,44.0,155.0,117.0,103.0,84.0,81.0,63.0,7.0,95.0,172.0,101.0,99.0,171.0,166.0,134.0
Dcx,2.0,2.0,4.0,1.0,1.0,4.0,8.0,2.0,1.0,0.0,2.0,4.0,2.0,1.0,1.0,4.0,8.0
Ddah1,5.0,10.0,20.0,53.0,16.0,11.0,36.0,30.0,19.0,1.0,17.0,29.0,29.0,25.0,20.0,37.0,42.0
Ddb1,299.0,280.0,218.0,918.0,682.0,483.0,476.0,412.0,446.0,42.0,496.0,1175.0,679.0,466.0,861.0,904.0,776.0
Ddc,2.0,0.0,8.0,2.0,2.0,0.0,6.0,0.0,0.0,0.0,2.0,0.0,1.0,0.0,3.0,1.0,1.0
Ddit3,179.0,141.0,96.0,126.0,245.0,160.0,148.0,95.0,175.0,13.0,209.0,366.0,243.0,135.0,319.0,136.0,155.0
Ddit4,144.0,69.0,178.0,358.0,185.0,185.0,295.0,255.0,185.0,91.0,125.0,443.0,222.0,82.0,203.0,326.0,341.0
Ddr1,87.0,148.0,84.0,377.0,236.0,312.0,151.0,159.0,231.0,3.0,178.0,356.0,324.0,240.0,274.0,240.0,213.0
Ddx19b,23.0,10.0,18.0,41.0,23.0,36.0,23.0,37.0,20.0,3.0,23.0,58.0,35.0,43.0,39.0,46.0,32.0
Ddx21,121.0,120.0,92.0,272.0,203.0,112.0,153.0,176.0,133.0,3.0,89.0,321.0,290.0,198.0,178.0,237.0,263.0
Ddx4,1.0,1.0,6.0,1.0,0.0,1.0,5.0,0.0,2.0,0.0,4.0,1.0,1.0,1.0,1.0,2.0,1.0
Ddx41,14.0,26.0,15.0,83.0,56.0,45.0,45.0,42.0,35.0,3.0,33.0,112.0,59.0,45.0,77.0,54.0,67.0
Ddx42,49.0,32.0,41.0,172.0,93.0,124.0,84.0,104.0,83.0,10.0,94.0,211.0,102.0,99.0,143.0,132.0,132.0
Ddx56,46.0,43.0,44.0,196.0,76.0,92.0,70.0,116.0,84.0,1.0,68.0,185.0,112.0,116.0,88.0,152.0,153.0
Ddx58,105.0,63.0,181.0,143.0,85.0,67.0,238.0,206.0,178.0,12.0,110.0,252.0,138.0,106.0,130.0,192.0,99.0
Ddx6,179.0,137.0,222.0,698.0,300.0,369.0,311.0,443.0,365.0,25.0,272.0,774.0,400.0,483.0,403.0,556.0,515.0
Decr1,15.0,16.0,11.0,64.0,40.0,41.0,21.0,37.0,33.0,0.0,16.0,91.0,31.0,49.0,48.0,59.0,59.0
Def6,23.0,36.0,27.0,132.0,60.0,83.0,49.0,100.0,74.0,9.0,45.0,136.0,66.0,79.0,85.0,117.0,76.0
Defa5,6.0,6.0,79.0,3.0,3.0,0.0,77.0,14.0,8.0,5.0,3.0,0.0,2.0,0.0,9.0,17.0,5.0
Dek,74.0,119.0,82.0,394.0,194.0,242.0,155.0,143.0,167.0,6.0,163.0,422.0,213.0,261.0,243.0,317.0,268.0
Dennd1a,13.0,7.0,19.0,60.0,30.0,53.0,25.0,35.0,46.0,6.0,42.0,60.0,21.0,26.0,55.0,47.0,35.0
Derl2,39.0,35.0,34.0,122.0,63.0,50.0,67.0,60.0,74.0,4.0,35.0,138.0,86.0,74.0,63.0,90.0,85.0
Des,374.0,12.0,200.0,206.0,165.0,10.0,27.0,623.0,64.0,5.0,264.0,1436.0,127.0,845.0,671.0,655.0,1011.0
Dffb,15.0,13.0,20.0,102.0,21.0,40.0,24.0,30.0,33.0,1.0,19.0,76.0,33.0,37.0,40.0,64.0,47.0
Dgat1,47.0,93.0,106.0,157.0,101.0,95.0,128.0,132.0,87.0,6.0,65.0,154.0,245.0,113.0,112.0,176.0,140.0
Dgcr2,27.0,26.0,34.0,256.0,77.0,104.0,61.0,142.0,92.0,6.0,71.0,216.0,60.0,109.0,114.0,171.0,137.0
Dgcr8,31.0,46.0,28.0,135.0,88.0,102.0,55.0,72.0,63.0,4.0,65.0,136.0,93.0,74.0,69.0,114.0,102.0
Dgka,30.0,67.0,58.0,216.0,108.0,112.0,92.0,77.0,118.0,9.0,53.0,200.0,136.0,152.0,119.0,153.0,136.0
Dgkg,1.0,0.0,1.0,2.0,1.0,2.0,8.0,8.0,2.0,0.0,3.0,12.0,1.0,5.0,6.0,3.0,3.0
Dgkq,30.0,44.0,37.0,173.0,87.0,91.0,56.0,76.0,92.0,5.0,59.0,159.0,89.0,97.0,117.0,109.0,124.0
Dglucy,13.0,4.0,8.0,50.0,33.0,15.0,24.0,23.0,17.0,4.0,15.0,72.0,13.0,19.0,34.0,45.0,37.0
Dhfr,9.0,8.0,7.0,53.0,9.0,29.0,25.0,32.0,17.0,0.0,19.0,29.0,24.0,12.0,20.0,37.0,43.0
Dhh,9.0,4.0,16.0,29.0,24.0,12.0,13.0,32.0,22.0,7.0,31.0,124.0,35.0,20.0,44.0,34.0,27.0
Dhodh,3.0,1.0,5.0,16.0,5.0,6.0,8.0,5.0,5.0,0.0,5.0,6.0,4.0,9.0,6.0,5.0,10.0
Dhx33,65.0,58.0,56.0,221.0,152.0,126.0,85.0,120.0,102.0,5.0,138.0,220.0,169.0,114.0,191.0,173.0,170.0
Dhx58,111.0,47.0,151.0,112.0,59.0,36.0,200.0,173.0,167.0,19.0,112.0,155.0,130.0,107.0,164.0,164.0,83.0
Diablo,28.0,18.0,33.0,75.0,55.0,35.0,42.0,56.0,47.0,5.0,31.0,94.0,70.0,67.0,61.0,80.0,68.0
Diaph1,157.0,118.0,241.0,346.0,272.0,172.0,379.0,318.0,286.0,33.0,138.0,510.0,284.0,296.0,286.0,412.0,276.0
Diaph3,7.0,19.0,23.0,114.0,30.0,45.0,52.0,35.0,41.0,0.0,36.0,111.0,37.0,32.0,40.0,87.0,57.0
Dicer1,11.0,21.0,21.0,137.0,68.0,71.0,39.0,61.0,62.0,3.0,54.0,123.0,48.0,58.0,63.0,72.0,65.0
Dio1,0.0,0.0,4.0,1.0,0.0,0.0,2.0,1.0,0.0,0.0,2.0,0.0,0.0,0.0,1.0,0.0,1.0
Dio2,2.0,8.0,2.0,22.0,3.0,26.0,8.0,11.0,5.0,0.0,4.0,20.0,14.0,8.0,5.0,6.0,8.0
Dip2a,6.0,12.0,10.0,71.0,33.0,40.0,28.0,33.0,34.0,1.0,13.0,84.0,39.0,38.0,50.0,52.0,53.0
Diras1,21.0,16.0,91.0,32.0,25.0,18.0,125.0,35.0,32.0,2.0,20.0,40.0,29.0,18.0,23.0,58.0,28.0
Disc1,1.0,2.0,9.0,14.0,7.0,14.0,12.0,6.0,11.0,1.0,8.0,24.0,13.0,3.0,15.0,13.0,14.0
Disp2,1.0,0.0,10.0,10.0,6.0,1.0,8.0,10.0,2.0,0.0,5.0,8.0,2.0,0.0,7.0,8.0,4.0
Dixdc1,9.0,3.0,14.0,24.0,3.0,13.0,14.0,11.0,8.0,2.0,11.0,20.0,7.0,12.0,12.0,12.0,13.0
Dkk1,0.0,0.0,6.0,0.0,0.0,0.0,7.0,1.0,0.0,0.0,2.0,0.0,0.0,0.0,1.0,3.0,0.0
Dkk2,1.0,13.0,6.0,21.0,18.0,14.0,10.0,9.0,29.0,0.0,14.0,47.0,14.0,12.0,7.0,26.0,14.0
Dkk3,2.0,14.0,14.0,91.0,11.0,31.0,7.0,50.0,13.0,1.0,20.0,89.0,45.0,40.0,23.0,41.0,35.0
Dkk4,1.0,2.0,11.0,0.0,1.0,2.0,11.0,1.0,0.0,0.0,2.0,2.0,3.0,2.0,2.0,2.0,0.0
Dlg1,89.0,93.0,87.0,469.0,235.0,217.0,114.0,191.0,164.0,7.0,141.0,457.0,230.0,159.0,240.0,284.0,303.0
Dlg3,9.0,10.0,11.0,48.0,30.0,36.0,19.0,22.0,24.0,1.0,25.0,52.0,28.0,23.0,51.0,33.0,29.0
Dlg4,5.0,9.0,11.0,38.0,22.0,31.0,18.0,40.0,20.0,5.0,29.0,57.0,11.0,36.0,36.0,51.0,55.0
Dlg5,54.0,53.0,33.0,198.0,144.0,146.0,63.0,84.0,98.0,7.0,86.0,201.0,100.0,105.0,116.0,137.0,152.0
Dlgap4,75.0,42.0,68.0,243.0,130.0,102.0,93.0,136.0,91.0,10.0,76.0,231.0,102.0,125.0,187.0,183.0,183.0
Dlk1,1.0,0.0,5.0,1.0,0.0,0.0,4.0,3.0,1.0,0.0,0.0,0.0,0.0,0.0,0.0,0.0,0.0
Dll1,65.0,118.0,98.0,175.0,109.0,135.0,112.0,104.0,101.0,2.0,43.0,218.0,204.0,164.0,106.0,136.0,142.0
Dll3,2.0,1.0,6.0,1.0,0.0,1.0,4.0,0.0,0.0,0.0,1.0,0.0,0.0,0.0,0.0,0.0,0.0
Dll4,16.0,4.0,28.0,64.0,16.0,11.0,32.0,23.0,18.0,2.0,19.0,99.0,28.0,24.0,55.0,86.0,65.0
Dlx1,2.0,1.0,0.0,9.0,1.0,12.0,2.0,10.0,2.0,0.0,10.0,0.0,2.0,1.0,2.0,5.0,4.0
Dlx2,0.0,0.0,6.0,21.0,2.0,18.0,1.0,17.0,0.0,1.0,22.0,0.0,1.0,0.0,3.0,2.0,1.0
Dlx3,3.0,0.0,5.0,21.0,1.0,10.0,4.0,11.0,1.0,0.0,10.0,5.0,1.0,0.0,1.0,3.0,4.0
Dlx4,2.0,2.0,6.0,5.0,2.0,11.0,3.0,2.0,1.0,0.0,0.0,3.0,3.0,1.0,1.0,2.0,2.0
Dlx5,6.0,10.0,2.0,64.0,31.0,31.0,15.0,18.0,22.0,6.0,5.0,63.0,28.0,21.0,27.0,40.0,21.0
Dlx6,1.0,1.0,10.0,1.0,0.0,0.0,5.0,0.0,1.0,0.0,2.0,3.0,2.0,2.0,2.0,2.0,1.0
Dmap1,21.0,13.0,17.0,83.0,33.0,49.0,32.0,48.0,28.0,1.0,38.0,87.0,48.0,29.0,52.0,66.0,60.0
Dmbx1,0.0,0.0,6.0,0.0,0.0,0.0,6.0,2.0,3.0,0.0,0.0,1.0,0.0,0.0,0.0,2.0,2.0
Dmc1,1.0,2.0,13.0,1.0,2.0,7.0,10.0,3.0,0.0,0.0,0.0,5.0,1.0,1.0,1.0,2.0,1.0
Dmd,16.0,23.0,8.0,69.0,43.0,97.0,36.0,47.0,28.0,1.0,97.0,104.0,42.0,35.0,50.0,29.0,40.0
Dmp1,6.0,6.0,8.0,8.0,9.0,14.0,10.0,6.0,8.0,1.0,17.0,34.0,11.0,2.0,19.0,10.0,9.0
Dmrt1,2.0,0.0,3.0,0.0,0.0,0.0,3.0,0.0,0.0,0.0,0.0,0.0,1.0,0.0,0.0,1.0,0.0
Dmrt2,5.0,0.0,7.0,7.0,5.0,1.0,6.0,4.0,2.0,0.0,6.0,11.0,1.0,2.0,12.0,8.0,9.0
Dmrta1,2.0,2.0,5.0,0.0,0.0,2.0,9.0,0.0,0.0,0.0,0.0,2.0,0.0,1.0,0.0,0.0,0.0
Dmrta2,3.0,0.0,5.0,3.0,3.0,3.0,6.0,2.0,1.0,2.0,5.0,2.0,2.0,2.0,3.0,3.0,2.0
Dnah11,0.0,0.0,5.0,1.0,0.0,0.0,8.0,2.0,0.0,0.0,1.0,1.0,0.0,1.0,1.0,0.0,1.0
Dnah12,1.0,0.0,9.0,1.0,3.0,3.0,6.0,3.0,1.0,0.0,2.0,3.0,4.0,0.0,6.0,0.0,0.0
Dnah5,0.0,0.0,7.0,0.0,0.0,0.0,9.0,1.0,0.0,0.0,2.0,0.0,1.0,0.0,0.0,1.0,1.0
Dnajb6,47.0,18.0,58.0,108.0,73.0,53.0,54.0,77.0,59.0,6.0,36.0,167.0,71.0,76.0,65.0,125.0,129.0
Dnajc5,107.0,59.0,103.0,241.0,209.0,118.0,163.0,195.0,114.0,13.0,88.0,359.0,244.0,243.0,205.0,272.0,219.0
Dnajc7,50.0,53.0,75.0,269.0,151.0,139.0,90.0,178.0,128.0,13.0,96.0,296.0,133.0,162.0,174.0,226.0,193.0
Dner,0.0,0.0,7.0,4.0,0.0,0.0,8.0,1.0,2.0,0.0,1.0,4.0,0.0,0.0,1.0,2.0,1.0
Dnm1,44.0,26.0,40.0,358.0,165.0,156.0,63.0,116.0,128.0,7.0,193.0,388.0,52.0,113.0,308.0,411.0,255.0
Dnm1l,10.0,13.0,33.0,80.0,41.0,34.0,23.0,62.0,38.0,3.0,23.0,93.0,32.0,57.0,31.0,55.0,66.0
Dnm2,126.0,94.0,145.0,425.0,281.0,249.0,223.0,282.0,296.0,36.0,163.0,525.0,198.0,234.0,365.0,368.0,327.0
Dnmt1,118.0,152.0,146.0,1300.0,389.0,535.0,315.0,517.0,389.0,22.0,355.0,951.0,425.0,377.0,562.0,757.0,680.0
Dnmt3a,18.0,9.0,16.0,60.0,44.0,34.0,28.0,31.0,37.0,3.0,32.0,73.0,33.0,27.0,66.0,43.0,45.0
Dnmt3b,8.0,9.0,16.0,35.0,17.0,13.0,16.0,11.0,13.0,0.0,18.0,23.0,17.0,19.0,13.0,23.0,22.0
Dnmt3l,5.0,2.0,10.0,12.0,8.0,8.0,23.0,9.0,4.0,1.0,2.0,17.0,9.0,15.0,8.0,17.0,15.0
Dnttip1,15.0,17.0,22.0,102.0,43.0,50.0,29.0,63.0,44.0,3.0,36.0,127.0,50.0,50.0,62.0,67.0,78.0
Dnttip2,16.0,16.0,17.0,66.0,39.0,49.0,34.0,61.0,27.0,2.0,33.0,91.0,52.0,42.0,66.0,70.0,70.0
Doc2a,1.0,0.0,1.0,1.0,0.0,0.0,3.0,2.0,0.0,0.0,2.0,1.0,0.0,0.0,0.0,0.0,0.0
Dock2,17.0,9.0,47.0,77.0,40.0,23.0,94.0,84.0,57.0,6.0,36.0,61.0,31.0,28.0,102.0,93.0,59.0
Dock3,4.0,2.0,2.0,4.0,4.0,8.0,7.0,5.0,1.0,1.0,3.0,9.0,5.0,3.0,4.0,6.0,1.0
Dock5,20.0,26.0,20.0,90.0,34.0,26.0,35.0,43.0,33.0,11.0,29.0,67.0,45.0,34.0,32.0,60.0,70.0
Dock7,30.0,14.0,32.0,109.0,68.0,46.0,68.0,68.0,65.0,13.0,84.0,143.0,52.0,62.0,106.0,114.0,90.0
Dock8,26.0,22.0,47.0,160.0,79.0,77.0,73.0,102.0,93.0,9.0,88.0,120.0,56.0,65.0,176.0,102.0,105.0
Dot1l,40.0,27.0,47.0,172.0,71.0,91.0,71.0,96.0,81.0,4.0,76.0,150.0,71.0,74.0,98.0,126.0,99.0
Dpf2,47.0,35.0,26.0,173.0,88.0,105.0,58.0,95.0,82.0,8.0,84.0,198.0,80.0,86.0,105.0,149.0,110.0
Dpf3,5.0,7.0,5.0,6.0,14.0,10.0,4.0,8.0,7.0,1.0,8.0,66.0,4.0,10.0,7.0,12.0,14.0
Dpm1,71.0,89.0,47.0,254.0,168.0,148.0,111.0,145.0,139.0,10.0,125.0,313.0,151.0,160.0,252.0,240.0,198.0
Dpp10,0.0,2.0,5.0,0.0,0.0,0.0,11.0,1.0,1.0,0.0,0.0,1.0,2.0,1.0,0.0,1.0,2.0
Dpp4,6.0,7.0,18.0,68.0,48.0,45.0,17.0,26.0,34.0,0.0,65.0,83.0,31.0,26.0,76.0,130.0,55.0
Dpp9,13.0,7.0,18.0,101.0,27.0,41.0,27.0,61.0,37.0,3.0,30.0,92.0,48.0,62.0,68.0,97.0,69.0
Dppa3,2.0,0.0,12.0,3.0,2.0,0.0,8.0,1.0,3.0,0.0,0.0,0.0,2.0,0.0,5.0,4.0,4.0
Dpy30,14.0,26.0,27.0,164.0,64.0,78.0,57.0,103.0,44.0,4.0,40.0,163.0,69.0,60.0,76.0,100.0,76.0
Dpyd,1.0,7.0,6.0,25.0,14.0,25.0,6.0,8.0,11.0,0.0,16.0,16.0,3.0,11.0,16.0,5.0,9.0
Dpysl2,5.0,8.0,5.0,28.0,10.0,12.0,14.0,10.0,14.0,5.0,7.0,52.0,14.0,21.0,27.0,61.0,33.0
Dpysl3,16.0,13.0,24.0,79.0,31.0,24.0,35.0,36.0,23.0,3.0,31.0,131.0,35.0,38.0,141.0,139.0,104.0
Dpysl4,1.0,1.0,3.0,4.0,5.0,9.0,6.0,8.0,5.0,2.0,0.0,6.0,3.0,2.0,4.0,7.0,5.0
Dpysl5,5.0,4.0,9.0,6.0,8.0,6.0,7.0,2.0,4.0,0.0,7.0,14.0,4.0,1.0,6.0,5.0,3.0
Drc7,0.0,1.0,0.0,1.0,3.0,3.0,2.0,0.0,1.0,0.0,0.0,4.0,3.0,3.0,2.0,2.0,2.0
Drd1,3.0,0.0,4.0,2.0,5.0,5.0,3.0,0.0,1.0,0.0,5.0,11.0,4.0,5.0,8.0,3.0,3.0
Drd2,1.0,0.0,2.0,0.0,2.0,1.0,4.0,1.0,2.0,0.0,2.0,3.0,2.0,0.0,2.0,0.0,1.0
Drd3,1.0,7.0,1.0,4.0,18.0,16.0,8.0,6.0,7.0,0.0,24.0,22.0,8.0,4.0,10.0,4.0,11.0
Drd4,0.0,1.0,2.0,6.0,1.0,5.0,3.0,3.0,0.0,0.0,9.0,5.0,2.0,2.0,3.0,11.0,10.0
Drd5,4.0,2.0,7.0,1.0,6.0,4.0,11.0,3.0,2.0,0.0,3.0,10.0,5.0,2.0,9.0,1.0,5.0
Drosha,12.0,21.0,16.0,86.0,43.0,48.0,30.0,42.0,27.0,2.0,33.0,95.0,22.0,24.0,39.0,53.0,49.0
Dsc1,263.0,236.0,109.0,1111.0,953.0,651.0,456.0,319.0,573.0,2.0,215.0,1603.0,702.0,279.0,1631.0,742.0,794.0
Dsc3,233.0,398.0,263.0,1272.0,1107.0,936.0,783.0,720.0,778.0,11.0,255.0,1682.0,1006.0,724.0,996.0,824.0,812.0
Dscam,1.0,0.0,6.0,4.0,1.0,0.0,3.0,1.0,0.0,0.0,1.0,0.0,1.0,0.0,5.0,3.0,2.0
Dscaml1,3.0,0.0,5.0,3.0,1.0,6.0,4.0,1.0,7.0,0.0,1.0,3.0,2.0,0.0,1.0,0.0,0.0
Dsg1a,87.0,92.0,50.0,302.0,284.0,303.0,134.0,109.0,252.0,3.0,116.0,284.0,231.0,186.0,330.0,230.0,218.0
Dsg1b,423.0,422.0,196.0,1475.0,1424.0,1118.0,717.0,493.0,1092.0,6.0,341.0,2045.0,1032.0,550.0,1830.0,1080.0,1108.0
Dsg2,8.0,14.0,13.0,72.0,40.0,61.0,31.0,33.0,54.0,0.0,44.0,51.0,34.0,27.0,24.0,34.0,28.0
Dsp,708.0,1070.0,709.0,5306.0,3765.0,2921.0,1755.0,1715.0,2299.0,20.0,811.0,5290.0,2553.0,1654.0,3227.0,3045.0,2258.0
Dspp,1.0,0.0,4.0,1.0,2.0,0.0,9.0,2.0,0.0,0.0,1.0,0.0,1.0,0.0,2.0,3.0,2.0
Dst,177.0,170.0,156.0,705.0,384.0,574.0,232.0,338.0,521.0,16.0,197.0,959.0,555.0,610.0,398.0,732.0,577.0
Dtl,4.0,11.0,6.0,72.0,23.0,46.0,16.0,24.0,21.0,2.0,30.0,60.0,20.0,20.0,30.0,47.0,39.0
Dtnbp1,10.0,10.0,20.0,61.0,40.0,30.0,32.0,60.0,36.0,6.0,27.0,90.0,33.0,28.0,77.0,84.0,57.0
Dusp1,24.0,7.0,70.0,57.0,13.0,16.0,37.0,91.0,37.0,7.0,7.0,95.0,22.0,36.0,41.0,126.0,80.0
Dusp11,24.0,17.0,22.0,92.0,32.0,49.0,38.0,42.0,52.0,5.0,25.0,81.0,56.0,55.0,64.0,90.0,78.0
Dusp15,1.0,2.0,9.0,0.0,0.0,1.0,5.0,0.0,0.0,0.0,2.0,2.0,2.0,1.0,1.0,2.0,0.0
Dusp3,2.0,4.0,12.0,31.0,22.0,17.0,17.0,28.0,14.0,1.0,15.0,51.0,16.0,23.0,27.0,41.0,40.0
Dusp4,7.0,4.0,6.0,34.0,9.0,11.0,8.0,12.0,11.0,3.0,6.0,16.0,4.0,6.0,10.0,8.0,23.0
Dusp5,97.0,62.0,137.0,179.0,149.0,36.0,134.0,169.0,63.0,24.0,38.0,242.0,163.0,159.0,197.0,236.0,163.0
Dusp6,140.0,285.0,214.0,309.0,115.0,98.0,336.0,392.0,152.0,33.0,141.0,447.0,475.0,339.0,206.0,330.0,203.0
Dusp7,135.0,237.0,240.0,686.0,488.0,295.0,439.0,350.0,335.0,17.0,130.0,821.0,760.0,413.0,436.0,501.0,401.0
Dut,2.0,1.0,10.0,11.0,1.0,4.0,5.0,5.0,0.0,1.0,1.0,5.0,5.0,4.0,2.0,5.0,8.0
Duxbl1,1.0,0.0,19.0,3.0,2.0,1.0,19.0,2.0,1.0,1.0,3.0,3.0,0.0,2.0,0.0,5.0,5.0
Dvl1,60.0,32.0,43.0,242.0,86.0,86.0,61.0,131.0,80.0,3.0,49.0,323.0,88.0,152.0,130.0,218.0,207.0
Dvl2,3.0,5.0,16.0,64.0,18.0,35.0,14.0,27.0,17.0,2.0,18.0,36.0,16.0,20.0,25.0,49.0,25.0
Dvl3,17.0,12.0,23.0,98.0,30.0,37.0,34.0,53.0,33.0,0.0,17.0,101.0,39.0,55.0,40.0,88.0,71.0
Dxo,39.0,26.0,30.0,176.0,68.0,77.0,53.0,74.0,54.0,2.0,66.0,168.0,59.0,73.0,82.0,122.0,126.0
Dydc2,0.0,2.0,6.0,0.0,0.0,0.0,2.0,1.0,0.0,0.0,2.0,1.0,1.0,1.0,1.0,2.0,1.0
Dync1h1,138.0,130.0,147.0,577.0,357.0,344.0,269.0,326.0,286.0,30.0,273.0,712.0,330.0,265.0,488.0,511.0,484.0
Dync1i1,0.0,1.0,6.0,2.0,1.0,0.0,4.0,0.0,1.0,0.0,1.0,0.0,1.0,1.0,1.0,2.0,0.0
Dync1i2,16.0,19.0,21.0,111.0,58.0,42.0,41.0,58.0,39.0,7.0,29.0,146.0,55.0,48.0,73.0,77.0,70.0
Dync1li1,70.0,64.0,79.0,380.0,184.0,187.0,147.0,193.0,156.0,17.0,130.0,404.0,148.0,135.0,248.0,298.0,226.0
Dync2h1,4.0,6.0,6.0,29.0,12.0,24.0,11.0,22.0,19.0,1.0,14.0,25.0,14.0,24.0,12.0,23.0,18.0
Dyrk1a,14.0,13.0,18.0,64.0,30.0,46.0,25.0,27.0,29.0,0.0,24.0,66.0,24.0,37.0,32.0,50.0,47.0
Dysf,89.0,13.0,57.0,69.0,54.0,8.0,30.0,128.0,36.0,3.0,64.0,177.0,57.0,109.0,77.0,103.0,111.0
E2f1,3.0,13.0,6.0,67.0,26.0,38.0,21.0,27.0,32.0,4.0,32.0,56.0,24.0,29.0,38.0,64.0,51.0
E2f2,11.0,6.0,17.0,67.0,22.0,63.0,32.0,41.0,30.0,1.0,51.0,48.0,16.0,26.0,36.0,34.0,42.0
E2f3,3.0,4.0,6.0,18.0,2.0,3.0,6.0,16.0,12.0,0.0,8.0,12.0,7.0,8.0,12.0,15.0,12.0
E2f4,86.0,76.0,81.0,292.0,181.0,121.0,119.0,143.0,124.0,7.0,114.0,292.0,148.0,133.0,201.0,245.0,218.0
E2f5,10.0,6.0,17.0,55.0,17.0,28.0,16.0,42.0,30.0,3.0,24.0,56.0,29.0,36.0,23.0,43.0,46.0
Ebf2,5.0,4.0,6.0,16.0,21.0,15.0,10.0,7.0,17.0,2.0,32.0,66.0,24.0,14.0,51.0,24.0,23.0
Ebf3,10.0,3.0,11.0,27.0,17.0,3.0,8.0,5.0,5.0,2.0,18.0,48.0,11.0,14.0,30.0,33.0,38.0
Ebi3,2.0,3.0,7.0,15.0,3.0,4.0,4.0,7.0,13.0,1.0,5.0,15.0,6.0,9.0,10.0,8.0,10.0
Ece1,238.0,300.0,256.0,759.0,569.0,462.0,474.0,634.0,442.0,32.0,406.0,1118.0,772.0,575.0,682.0,653.0,587.0
Ecel1,1.0,1.0,4.0,2.0,1.0,5.0,2.0,4.0,0.0,0.0,2.0,2.0,1.0,3.0,2.0,1.0,2.0
Echdc1,137.0,625.0,101.0,568.0,392.0,917.0,307.0,171.0,829.0,2.0,232.0,489.0,715.0,488.0,728.0,700.0,836.0
Echs1,62.0,100.0,36.0,329.0,214.0,287.0,138.0,184.0,212.0,7.0,139.0,387.0,175.0,182.0,299.0,234.0,234.0
Eci3,0.0,0.0,7.0,1.0,1.0,1.0,7.0,0.0,1.0,0.0,0.0,3.0,3.0,1.0,4.0,0.0,2.0
Ecpas,90.0,58.0,77.0,246.0,160.0,159.0,99.0,165.0,131.0,17.0,118.0,363.0,150.0,197.0,244.0,274.0,290.0
Ecscr,9.0,6.0,9.0,21.0,8.0,3.0,11.0,14.0,7.0,2.0,15.0,36.0,9.0,16.0,35.0,26.0,32.0
Ect2,8.0,14.0,19.0,76.0,19.0,43.0,25.0,33.0,26.0,0.0,26.0,59.0,21.0,15.0,24.0,54.0,45.0
Eda,3.0,3.0,3.0,18.0,9.0,17.0,9.0,15.0,5.0,0.0,8.0,19.0,11.0,13.0,6.0,17.0,8.0
Edar,0.0,1.0,11.0,20.0,6.0,31.0,10.0,10.0,8.0,0.0,27.0,8.0,0.0,3.0,4.0,6.0,5.0
Edc4,32.0,41.0,45.0,195.0,97.0,86.0,61.0,94.0,84.0,8.0,61.0,183.0,79.0,79.0,104.0,149.0,107.0
Edil3,2.0,3.0,5.0,14.0,12.0,10.0,11.0,6.0,4.0,0.0,4.0,9.0,7.0,6.0,5.0,14.0,10.0
Edn1,8.0,2.0,16.0,49.0,4.0,16.0,15.0,19.0,8.0,0.0,17.0,50.0,13.0,25.0,32.0,23.0,23.0
Ednra,10.0,16.0,16.0,75.0,61.0,34.0,37.0,41.0,19.0,8.0,47.0,100.0,52.0,19.0,71.0,80.0,70.0
Ednrb,14.0,3.0,29.0,90.0,152.0,82.0,40.0,65.0,32.0,8.0,121.0,183.0,23.0,39.0,65.0,105.0,67.0
Eea1,90.0,85.0,151.0,278.0,225.0,163.0,187.0,186.0,168.0,25.0,100.0,340.0,262.0,224.0,228.0,234.0,251.0
Eed,21.0,41.0,42.0,150.0,70.0,93.0,84.0,95.0,75.0,13.0,81.0,152.0,72.0,85.0,100.0,127.0,121.0
Eepd1,29.0,5.0,16.0,61.0,75.0,56.0,30.0,33.0,37.0,4.0,26.0,124.0,39.0,71.0,53.0,83.0,60.0
Efcab14,16.0,11.0,22.0,41.0,20.0,29.0,17.0,30.0,19.0,3.0,22.0,53.0,32.0,24.0,31.0,40.0,30.0
Efcab3,0.0,1.0,5.0,0.0,0.0,0.0,6.0,0.0,1.0,0.0,1.0,1.0,0.0,0.0,2.0,1.0,0.0
Efemp1,13.0,27.0,22.0,78.0,114.0,67.0,43.0,50.0,109.0,0.0,89.0,148.0,39.0,55.0,95.0,125.0,47.0
Efna1,83.0,56.0,66.0,213.0,188.0,144.0,108.0,156.0,113.0,4.0,112.0,304.0,236.0,122.0,194.0,170.0,137.0
Efna2,1.0,4.0,4.0,15.0,7.0,5.0,2.0,3.0,4.0,3.0,6.0,13.0,3.0,1.0,4.0,8.0,6.0
Efna3,47.0,45.0,24.0,66.0,96.0,91.0,68.0,30.0,72.0,1.0,69.0,118.0,83.0,35.0,114.0,46.0,62.0
Efna5,16.0,10.0,18.0,57.0,21.0,30.0,20.0,41.0,24.0,2.0,16.0,61.0,41.0,48.0,14.0,37.0,19.0
Efnb1,19.0,39.0,37.0,254.0,113.0,118.0,80.0,125.0,64.0,8.0,79.0,240.0,135.0,111.0,67.0,102.0,72.0
Efnb2,19.0,24.0,26.0,67.0,36.0,46.0,23.0,31.0,29.0,1.0,21.0,83.0,55.0,30.0,52.0,47.0,37.0
Efnb3,1.0,3.0,4.0,26.0,3.0,10.0,4.0,15.0,14.0,0.0,14.0,23.0,3.0,9.0,3.0,7.0,10.0
Egfl7,44.0,20.0,36.0,247.0,148.0,57.0,57.0,118.0,58.0,7.0,153.0,485.0,85.0,149.0,264.0,326.0,292.0
Egfr,212.0,205.0,175.0,618.0,468.0,429.0,276.0,501.0,297.0,5.0,398.0,798.0,559.0,469.0,604.0,591.0,513.0
Egln1,45.0,15.0,34.0,95.0,52.0,49.0,36.0,50.0,24.0,9.0,23.0,91.0,36.0,26.0,56.0,83.0,57.0
Egln2,11.0,8.0,21.0,69.0,27.0,45.0,21.0,42.0,34.0,5.0,25.0,68.0,31.0,43.0,45.0,49.0,61.0
Egln3,123.0,12.0,61.0,70.0,64.0,22.0,59.0,45.0,20.0,19.0,6.0,121.0,55.0,19.0,103.0,88.0,68.0
Egr1,13.0,19.0,19.0,99.0,21.0,53.0,23.0,41.0,18.0,1.0,44.0,75.0,24.0,25.0,27.0,61.0,37.0
Egr2,3.0,1.0,5.0,14.0,2.0,8.0,10.0,6.0,4.0,0.0,2.0,8.0,7.0,4.0,2.0,5.0,3.0
Egr3,408.0,322.0,173.0,1455.0,362.0,999.0,347.0,634.0,544.0,6.0,583.0,841.0,765.0,557.0,680.0,728.0,579.0
Egr4,0.0,2.0,10.0,2.0,1.0,1.0,4.0,1.0,1.0,0.0,1.0,3.0,2.0,0.0,5.0,2.0,3.0
Ehd4,94.0,37.0,72.0,350.0,210.0,87.0,115.0,203.0,147.0,16.0,118.0,625.0,147.0,218.0,446.0,394.0,302.0
Ehhadh,5.0,3.0,8.0,19.0,20.0,16.0,13.0,8.0,6.0,0.0,7.0,19.0,9.0,6.0,9.0,13.0,9.0
Ehmt1,9.0,6.0,11.0,71.0,27.0,32.0,17.0,41.0,18.0,1.0,20.0,69.0,23.0,39.0,41.0,59.0,47.0
Ehmt2,47.0,64.0,58.0,295.0,136.0,142.0,87.0,114.0,116.0,11.0,127.0,259.0,113.0,141.0,174.0,251.0,170.0
Eif2a,97.0,98.0,77.0,265.0,212.0,161.0,129.0,140.0,148.0,3.0,151.0,334.0,222.0,155.0,227.0,206.0,215.0
Eif2ak2,63.0,43.0,101.0,116.0,90.0,89.0,144.0,155.0,99.0,16.0,89.0,211.0,155.0,89.0,152.0,174.0,104.0
Eif2ak3,47.0,40.0,39.0,155.0,100.0,80.0,71.0,79.0,81.0,6.0,65.0,165.0,95.0,107.0,127.0,152.0,105.0
Eif2ak4,5.0,5.0,13.0,36.0,15.0,18.0,5.0,15.0,13.0,0.0,14.0,24.0,3.0,11.0,15.0,25.0,38.0
Eif2b1,23.0,21.0,19.0,90.0,40.0,52.0,47.0,47.0,43.0,4.0,26.0,101.0,66.0,48.0,57.0,94.0,64.0
Eif2s1,22.0,11.0,20.0,42.0,26.0,21.0,36.0,34.0,29.0,2.0,22.0,60.0,40.0,27.0,25.0,35.0,38.0
Eif2s2,25.0,16.0,14.0,66.0,35.0,37.0,35.0,36.0,22.0,0.0,21.0,53.0,48.0,43.0,37.0,38.0,39.0
Eif3i,91.0,109.0,104.0,238.0,185.0,164.0,195.0,137.0,158.0,5.0,117.0,301.0,254.0,201.0,235.0,225.0,190.0
Eif4a3,181.0,194.0,161.0,528.0,283.0,326.0,299.0,321.0,264.0,18.0,302.0,617.0,429.0,356.0,392.0,466.0,380.0
Eif4e,15.0,12.0,25.0,33.0,17.0,20.0,23.0,42.0,20.0,3.0,16.0,57.0,26.0,25.0,24.0,29.0,21.0
Eif4ebp1,4.0,0.0,9.0,6.0,3.0,3.0,7.0,4.0,2.0,2.0,4.0,12.0,5.0,4.0,5.0,11.0,10.0
Eif4ebp2,53.0,75.0,53.0,359.0,133.0,215.0,98.0,136.0,151.0,8.0,104.0,359.0,160.0,177.0,195.0,288.0,223.0
Eif4enif1,16.0,8.0,30.0,115.0,49.0,63.0,38.0,79.0,51.0,3.0,45.0,108.0,51.0,50.0,51.0,98.0,79.0
Eif4g1,42.0,44.0,60.0,279.0,126.0,109.0,106.0,167.0,76.0,4.0,56.0,311.0,118.0,207.0,147.0,212.0,226.0
Eif4g3,37.0,30.0,41.0,178.0,87.0,99.0,77.0,138.0,89.0,14.0,70.0,223.0,74.0,99.0,119.0,140.0,134.0
Eipr1,9.0,15.0,19.0,83.0,32.0,43.0,35.0,43.0,36.0,2.0,21.0,71.0,45.0,40.0,53.0,65.0,54.0
Elac2,30.0,37.0,30.0,75.0,53.0,43.0,45.0,50.0,50.0,2.0,47.0,115.0,91.0,53.0,72.0,92.0,70.0
Elavl1,76.0,106.0,101.0,418.0,226.0,186.0,237.0,221.0,206.0,17.0,155.0,477.0,285.0,237.0,280.0,290.0,285.0
Elavl2,1.0,0.0,7.0,1.0,0.0,0.0,2.0,0.0,1.0,0.0,0.0,1.0,1.0,0.0,2.0,0.0,0.0
Elavl3,1.0,1.0,2.0,3.0,0.0,1.0,4.0,0.0,0.0,0.0,0.0,0.0,0.0,1.0,0.0,1.0,2.0
Elavl4,1.0,0.0,2.0,0.0,1.0,0.0,5.0,1.0,1.0,0.0,0.0,0.0,1.0,0.0,0.0,0.0,0.0
Elf2,26.0,38.0,53.0,185.0,120.0,114.0,81.0,99.0,101.0,5.0,72.0,166.0,58.0,76.0,124.0,108.0,87.0
Elf3,53.0,21.0,32.0,73.0,64.0,51.0,19.0,20.0,17.0,1.0,11.0,112.0,35.0,8.0,64.0,71.0,36.0
Elk1,6.0,3.0,15.0,39.0,21.0,23.0,17.0,16.0,19.0,1.0,16.0,45.0,10.0,23.0,28.0,26.0,23.0
Elmo1,12.0,9.0,24.0,87.0,43.0,32.0,33.0,51.0,53.0,5.0,45.0,93.0,20.0,34.0,88.0,96.0,74.0
Elmo3,15.0,23.0,8.0,98.0,49.0,57.0,34.0,38.0,39.0,2.0,13.0,83.0,59.0,48.0,65.0,54.0,37.0
Eln,16.0,42.0,28.0,183.0,79.0,60.0,41.0,103.0,80.0,0.0,82.0,474.0,73.0,180.0,172.0,159.0,83.0
Elob,25.0,13.0,22.0,105.0,63.0,31.0,31.0,42.0,27.0,6.0,24.0,102.0,34.0,44.0,84.0,114.0,90.0
Eloc,0.0,1.0,9.0,7.0,4.0,3.0,10.0,11.0,5.0,1.0,2.0,8.0,9.0,7.0,3.0,10.0,7.0
Elovl1,79.0,54.0,53.0,151.0,192.0,95.0,193.0,139.0,186.0,2.0,38.0,344.0,255.0,191.0,255.0,184.0,150.0
Elovl4,484.0,1088.0,216.0,896.0,933.0,1207.0,585.0,501.0,1157.0,4.0,208.0,1652.0,2138.0,790.0,2009.0,1095.0,1433.0
Elp2,61.0,56.0,47.0,260.0,133.0,152.0,76.0,90.0,109.0,11.0,160.0,252.0,121.0,81.0,191.0,198.0,197.0
Emc1,116.0,118.0,97.0,499.0,256.0,201.0,222.0,234.0,252.0,12.0,177.0,599.0,337.0,299.0,367.0,416.0,364.0
Emc10,140.0,152.0,136.0,798.0,328.0,342.0,201.0,397.0,308.0,23.0,202.0,755.0,423.0,426.0,519.0,673.0,614.0
Emc2,6.0,11.0,13.0,40.0,28.0,20.0,27.0,31.0,20.0,0.0,13.0,69.0,22.0,20.0,30.0,38.0,31.0
Emc3,74.0,120.0,77.0,309.0,222.0,194.0,140.0,153.0,194.0,15.0,140.0,472.0,219.0,212.0,296.0,288.0,249.0
Emc4,26.0,34.0,33.0,83.0,62.0,45.0,43.0,49.0,45.0,1.0,37.0,131.0,70.0,73.0,70.0,87.0,57.0
Emc6,18.0,13.0,18.0,76.0,40.0,31.0,33.0,51.0,29.0,1.0,29.0,125.0,53.0,63.0,54.0,65.0,77.0
Emd,24.0,25.0,24.0,115.0,67.0,72.0,39.0,77.0,46.0,4.0,39.0,121.0,77.0,78.0,75.0,93.0,98.0
Eme1,6.0,11.0,13.0,57.0,20.0,29.0,21.0,16.0,11.0,0.0,13.0,58.0,21.0,28.0,24.0,30.0,37.0
Emilin1,30.0,17.0,36.0,224.0,87.0,63.0,48.0,91.0,50.0,18.0,112.0,200.0,67.0,105.0,269.0,292.0,283.0
Emsy,18.0,12.0,28.0,77.0,31.0,45.0,30.0,37.0,37.0,4.0,33.0,82.0,25.0,36.0,51.0,69.0,71.0
Emx1,1.0,1.0,4.0,1.0,1.0,5.0,1.0,3.0,1.0,0.0,2.0,1.0,0.0,0.0,1.0,3.0,4.0
Emx2,2.0,2.0,3.0,6.0,8.0,5.0,8.0,8.0,5.0,0.0,7.0,14.0,5.0,3.0,12.0,18.0,12.0
En1,12.0,10.0,18.0,28.0,15.0,15.0,22.0,14.0,17.0,0.0,11.0,30.0,18.0,20.0,20.0,26.0,29.0
En2,2.0,3.0,13.0,3.0,4.0,6.0,2.0,6.0,9.0,1.0,5.0,5.0,8.0,4.0,14.0,4.0,6.0
Enah,321.0,281.0,242.0,1405.0,1021.0,240.0,413.0,343.0,225.0,18.0,161.0,1599.0,959.0,594.0,676.0,999.0,856.0
Eng,19.0,26.0,43.0,123.0,80.0,39.0,43.0,76.0,58.0,7.0,60.0,171.0,41.0,56.0,135.0,122.0,157.0
Eno1,13.0,10.0,60.0,56.0,47.0,21.0,74.0,35.0,16.0,9.0,12.0,66.0,35.0,22.0,58.0,62.0,55.0
Eno2,160.0,7.0,32.0,98.0,46.0,24.0,24.0,28.0,34.0,23.0,37.0,67.0,19.0,31.0,40.0,54.0,55.0
Enpp1,3.0,7.0,17.0,63.0,16.0,28.0,24.0,51.0,19.0,2.0,32.0,67.0,18.0,27.0,69.0,60.0,43.0
Enpp6,1.0,0.0,7.0,3.0,2.0,3.0,4.0,7.0,1.0,0.0,3.0,12.0,2.0,2.0,5.0,1.0,5.0
Entpd1,58.0,31.0,154.0,198.0,125.0,72.0,128.0,183.0,164.0,12.0,114.0,302.0,144.0,91.0,260.0,264.0,194.0
Eomes,1.0,1.0,2.0,5.0,3.0,2.0,3.0,0.0,5.0,1.0,2.0,1.0,1.0,5.0,6.0,5.0,0.0
Ep300,53.0,51.0,96.0,248.0,127.0,149.0,156.0,206.0,165.0,24.0,163.0,258.0,130.0,117.0,187.0,175.0,166.0
Ep400,41.0,46.0,48.0,201.0,88.0,106.0,74.0,90.0,97.0,7.0,86.0,146.0,90.0,88.0,119.0,118.0,118.0
Epas1,200.0,369.0,343.0,792.0,817.0,527.0,438.0,412.0,295.0,29.0,654.0,2249.0,867.0,494.0,1262.0,888.0,908.0
Epb41,117.0,100.0,100.0,525.0,355.0,371.0,242.0,265.0,324.0,15.0,274.0,525.0,279.0,227.0,445.0,354.0,361.0
Epb41l1,29.0,14.0,30.0,65.0,75.0,60.0,72.0,43.0,46.0,6.0,78.0,94.0,49.0,38.0,104.0,108.0,58.0
Epb41l2,6.0,5.0,19.0,46.0,19.0,16.0,27.0,31.0,22.0,6.0,23.0,78.0,19.0,20.0,39.0,39.0,46.0
Epb41l3,14.0,33.0,14.0,84.0,36.0,29.0,31.0,27.0,61.0,1.0,33.0,67.0,41.0,49.0,64.0,127.0,80.0
Epb41l4a,20.0,36.0,14.0,135.0,53.0,89.0,35.0,39.0,59.0,2.0,29.0,105.0,54.0,74.0,82.0,89.0,80.0
Epb42,0.0,0.0,1.0,1.0,1.0,0.0,4.0,0.0,1.0,0.0,0.0,2.0,2.0,1.0,0.0,0.0,0.0
Epc1,5.0,11.0,23.0,92.0,46.0,51.0,37.0,34.0,38.0,6.0,34.0,98.0,37.0,47.0,37.0,77.0,37.0
Epc2,33.0,49.0,35.0,167.0,82.0,106.0,74.0,109.0,82.0,4.0,79.0,192.0,85.0,101.0,100.0,130.0,129.0
Epcam,186.0,182.0,140.0,377.0,265.0,354.0,244.0,275.0,292.0,3.0,198.0,443.0,502.0,297.0,282.0,270.0,186.0
Epha1,11.0,43.0,22.0,240.0,111.0,218.0,40.0,129.0,115.0,3.0,166.0,175.0,68.0,40.0,102.0,98.0,97.0
Epha10,1.0,0.0,0.0,1.0,0.0,0.0,3.0,2.0,0.0,0.0,1.0,0.0,1.0,0.0,0.0,1.0,2.0
Epha2,40.0,79.0,86.0,150.0,138.0,106.0,122.0,84.0,84.0,5.0,63.0,260.0,119.0,89.0,118.0,112.0,102.0
Epha3,0.0,2.0,3.0,16.0,5.0,8.0,8.0,4.0,0.0,0.0,10.0,9.0,0.0,2.0,13.0,5.0,9.0
Epha4,50.0,32.0,31.0,180.0,90.0,154.0,64.0,63.0,53.0,0.0,100.0,183.0,106.0,78.0,109.0,87.0,70.0
Epha5,0.0,0.0,2.0,5.0,2.0,2.0,4.0,2.0,0.0,1.0,3.0,4.0,1.0,0.0,1.0,2.0,3.0
Epha7,0.0,1.0,0.0,9.0,0.0,3.0,7.0,0.0,3.0,0.0,3.0,8.0,2.0,0.0,2.0,1.0,3.0
Ephb1,4.0,2.0,8.0,19.0,2.0,8.0,6.0,6.0,1.0,1.0,25.0,10.0,7.0,2.0,12.0,8.0,3.0
Ephb2,12.0,8.0,11.0,45.0,34.0,22.0,21.0,11.0,22.0,4.0,37.0,64.0,26.0,18.0,39.0,25.0,43.0
Ephb3,25.0,27.0,36.0,198.0,108.0,108.0,49.0,69.0,61.0,1.0,110.0,152.0,75.0,63.0,120.0,84.0,92.0
Ephb4,20.0,30.0,21.0,187.0,86.0,90.0,30.0,116.0,59.0,2.0,61.0,200.0,66.0,105.0,99.0,120.0,113.0
Ephx2,11.0,22.0,19.0,61.0,123.0,71.0,37.0,24.0,41.0,1.0,53.0,120.0,68.0,20.0,101.0,54.0,34.0
Epm2a,4.0,0.0,8.0,3.0,6.0,5.0,4.0,9.0,3.0,0.0,7.0,28.0,3.0,10.0,6.0,11.0,7.0
Epn3,68.0,33.0,53.0,268.0,160.0,128.0,80.0,106.0,129.0,4.0,39.0,342.0,132.0,95.0,279.0,124.0,130.0
Epo,0.0,0.0,8.0,2.0,0.0,0.0,7.0,1.0,0.0,0.0,0.0,0.0,1.0,0.0,0.0,1.0,1.0
Epor,0.0,0.0,3.0,6.0,11.0,6.0,4.0,3.0,4.0,2.0,4.0,8.0,1.0,5.0,4.0,4.0,4.0
Eps15,173.0,162.0,176.0,622.0,486.0,414.0,352.0,328.0,406.0,34.0,375.0,753.0,398.0,356.0,559.0,486.0,530.0
Eps15l1,57.0,67.0,76.0,262.0,179.0,161.0,135.0,128.0,138.0,9.0,120.0,310.0,168.0,139.0,218.0,242.0,212.0
Epx,1.0,0.0,5.0,0.0,1.0,0.0,4.0,0.0,0.0,0.0,1.0,0.0,0.0,0.0,0.0,1.0,1.0
Erap1,15.0,14.0,19.0,50.0,57.0,44.0,30.0,45.0,49.0,1.0,24.0,99.0,42.0,44.0,62.0,70.0,51.0
Erbb2,19.0,28.0,29.0,163.0,93.0,134.0,59.0,84.0,83.0,1.0,72.0,140.0,71.0,73.0,79.0,86.0,84.0
Erbb3,25.0,14.0,10.0,117.0,39.0,81.0,34.0,67.0,64.0,7.0,31.0,107.0,53.0,61.0,70.0,53.0,48.0
Erbb4,0.0,0.0,3.0,2.0,0.0,0.0,5.0,0.0,3.0,0.0,0.0,5.0,2.0,1.0,1.0,1.0,0.0
Erbin,73.0,91.0,99.0,473.0,210.0,279.0,161.0,195.0,186.0,18.0,161.0,399.0,216.0,199.0,268.0,329.0,308.0
Erc2,3.0,6.0,13.0,4.0,12.0,3.0,13.0,5.0,5.0,1.0,7.0,14.0,7.0,1.0,12.0,4.0,8.0
Ercc1,20.0,8.0,28.0,48.0,37.0,12.0,28.0,26.0,24.0,3.0,15.0,57.0,16.0,15.0,18.0,36.0,34.0
Ercc2,3.0,6.0,8.0,31.0,13.0,11.0,14.0,17.0,12.0,1.0,8.0,29.0,13.0,19.0,11.0,28.0,23.0
Ercc6,30.0,21.0,15.0,68.0,48.0,58.0,38.0,51.0,37.0,6.0,32.0,82.0,47.0,39.0,47.0,48.0,48.0
Ercc6l,14.0,9.0,9.0,62.0,29.0,33.0,19.0,10.0,19.0,1.0,13.0,66.0,35.0,39.0,20.0,48.0,34.0
Ereg,68.0,53.0,42.0,90.0,93.0,35.0,77.0,20.0,293.0,4.0,25.0,151.0,103.0,27.0,132.0,54.0,86.0
Erg,11.0,5.0,8.0,19.0,18.0,6.0,10.0,11.0,12.0,3.0,37.0,65.0,12.0,7.0,49.0,47.0,55.0
Erg28,13.0,20.0,8.0,82.0,42.0,34.0,16.0,21.0,41.0,2.0,27.0,80.0,51.0,37.0,40.0,52.0,47.0
Ern1,43.0,48.0,78.0,141.0,71.0,50.0,92.0,83.0,65.0,15.0,48.0,154.0,107.0,99.0,112.0,133.0,109.0
Ern2,1.0,1.0,2.0,2.0,0.0,0.0,5.0,0.0,3.0,0.0,4.0,2.0,1.0,1.0,1.0,1.0,0.0
Ero1l,294.0,46.0,203.0,325.0,125.0,99.0,314.0,368.0,87.0,148.0,106.0,235.0,139.0,64.0,205.0,294.0,182.0
Ero1lb,6.0,4.0,6.0,23.0,7.0,11.0,15.0,23.0,20.0,5.0,5.0,30.0,4.0,10.0,16.0,26.0,18.0
Erp44,86.0,101.0,116.0,274.0,267.0,126.0,184.0,132.0,137.0,21.0,136.0,392.0,238.0,180.0,292.0,288.0,244.0
Esam,8.0,5.0,13.0,56.0,15.0,12.0,13.0,30.0,23.0,2.0,17.0,162.0,17.0,49.0,45.0,89.0,58.0
Esd,52.0,14.0,42.0,46.0,59.0,24.0,51.0,44.0,25.0,6.0,15.0,69.0,41.0,27.0,61.0,64.0,56.0
Espl1,10.0,21.0,9.0,132.0,46.0,65.0,22.0,42.0,30.0,5.0,57.0,104.0,43.0,34.0,64.0,81.0,70.0
Espn,8.0,7.0,6.0,4.0,14.0,16.0,11.0,5.0,8.0,0.0,16.0,9.0,7.0,5.0,12.0,11.0,8.0
Esr1,11.0,11.0,11.0,30.0,55.0,35.0,20.0,21.0,49.0,4.0,55.0,63.0,19.0,39.0,56.0,53.0,39.0
Esr2,1.0,3.0,8.0,1.0,2.0,2.0,11.0,1.0,1.0,1.0,2.0,5.0,1.0,1.0,7.0,0.0,0.0
Esrra,33.0,25.0,29.0,118.0,106.0,63.0,54.0,53.0,57.0,2.0,31.0,151.0,75.0,69.0,122.0,111.0,92.0
Esrrb,63.0,81.0,24.0,66.0,188.0,132.0,102.0,41.0,67.0,3.0,138.0,245.0,133.0,58.0,190.0,88.0,133.0
Esrrg,1.0,0.0,5.0,0.0,1.0,1.0,5.0,1.0,0.0,0.0,2.0,4.0,0.0,3.0,2.0,0.0,3.0
Ess2,4.0,10.0,14.0,59.0,24.0,23.0,23.0,35.0,21.0,1.0,17.0,60.0,27.0,21.0,29.0,36.0,38.0
Esyt2,38.0,40.0,84.0,223.0,115.0,124.0,80.0,130.0,131.0,13.0,90.0,197.0,106.0,130.0,206.0,242.0,176.0
Esyt3,12.0,15.0,18.0,68.0,39.0,31.0,19.0,32.0,44.0,0.0,13.0,72.0,49.0,31.0,57.0,40.0,38.0
Etfbkmt,4.0,6.0,14.0,22.0,19.0,13.0,15.0,8.0,10.0,1.0,24.0,23.0,19.0,14.0,17.0,22.0,21.0
Etnk1,96.0,74.0,145.0,210.0,152.0,114.0,176.0,148.0,156.0,20.0,158.0,295.0,164.0,139.0,176.0,183.0,183.0
Etnppl,1.0,2.0,5.0,1.0,2.0,1.0,2.0,0.0,1.0,0.0,4.0,3.0,1.0,0.0,0.0,1.0,0.0
Ets1,48.0,36.0,57.0,133.0,100.0,60.0,101.0,110.0,76.0,15.0,59.0,300.0,103.0,106.0,167.0,201.0,184.0
Ets2,173.0,124.0,215.0,618.0,276.0,369.0,266.0,379.0,281.0,27.0,194.0,709.0,319.0,339.0,338.0,498.0,431.0
Etv1,5.0,0.0,3.0,1.0,6.0,2.0,10.0,1.0,4.0,0.0,5.0,11.0,6.0,2.0,6.0,5.0,2.0
Etv2,0.0,1.0,1.0,2.0,2.0,6.0,2.0,1.0,0.0,0.0,3.0,4.0,6.0,1.0,3.0,2.0,0.0
Etv3,16.0,17.0,20.0,127.0,41.0,67.0,30.0,58.0,61.0,1.0,27.0,98.0,37.0,44.0,45.0,80.0,58.0
Etv4,6.0,9.0,13.0,57.0,19.0,22.0,29.0,50.0,11.0,1.0,42.0,56.0,44.0,33.0,41.0,22.0,31.0
Etv5,8.0,16.0,17.0,63.0,29.0,23.0,22.0,48.0,19.0,3.0,12.0,73.0,34.0,53.0,41.0,59.0,25.0
Etv6,29.0,26.0,76.0,180.0,108.0,85.0,76.0,103.0,81.0,11.0,54.0,163.0,88.0,67.0,146.0,124.0,132.0
Eva1a,9.0,13.0,21.0,76.0,29.0,25.0,20.0,38.0,21.0,1.0,20.0,47.0,29.0,31.0,30.0,30.0,29.0
Evl,18.0,17.0,26.0,120.0,52.0,61.0,48.0,108.0,64.0,7.0,55.0,89.0,31.0,31.0,117.0,92.0,65.0
Evpl,687.0,644.0,403.0,2048.0,1714.0,1177.0,908.0,861.0,1255.0,17.0,560.0,2700.0,1783.0,1076.0,1869.0,1319.0,1410.0
Evx1,1.0,0.0,2.0,0.0,0.0,2.0,4.0,1.0,1.0,0.0,1.0,1.0,1.0,1.0,1.0,0.0,0.0
Ewsr1,9.0,7.0,24.0,52.0,15.0,27.0,26.0,41.0,21.0,0.0,24.0,58.0,10.0,38.0,20.0,57.0,30.0
Exoc3l2,0.0,1.0,11.0,5.0,3.0,6.0,12.0,8.0,4.0,0.0,7.0,12.0,6.0,6.0,9.0,7.0,7.0
Exoc4,67.0,82.0,71.0,372.0,241.0,234.0,144.0,165.0,190.0,15.0,172.0,439.0,180.0,208.0,314.0,328.0,276.0
Exosc9,48.0,66.0,46.0,210.0,81.0,83.0,82.0,96.0,67.0,9.0,91.0,212.0,141.0,125.0,143.0,166.0,171.0
Exph5,28.0,21.0,19.0,74.0,64.0,97.0,55.0,17.0,106.0,1.0,52.0,85.0,66.0,39.0,81.0,44.0,50.0
Ext1,125.0,129.0,131.0,490.0,352.0,348.0,202.0,245.0,254.0,17.0,305.0,610.0,304.0,242.0,399.0,604.0,452.0
Ext2,39.0,49.0,31.0,184.0,111.0,115.0,64.0,72.0,86.0,15.0,89.0,245.0,81.0,128.0,135.0,159.0,142.0
Extl1,19.0,11.0,12.0,54.0,15.0,70.0,18.0,43.0,49.0,1.0,13.0,70.0,33.0,47.0,47.0,42.0,70.0
Eya1,21.0,29.0,19.0,30.0,55.0,45.0,36.0,9.0,27.0,2.0,54.0,87.0,75.0,32.0,67.0,17.0,49.0
Eya2,1.0,5.0,3.0,46.0,8.0,22.0,7.0,19.0,7.0,0.0,4.0,44.0,16.0,17.0,7.0,19.0,8.0
Eya3,16.0,21.0,28.0,115.0,60.0,69.0,52.0,65.0,64.0,5.0,38.0,118.0,57.0,62.0,77.0,92.0,81.0
Eya4,5.0,1.0,6.0,10.0,6.0,2.0,8.0,7.0,0.0,0.0,5.0,17.0,5.0,11.0,14.0,15.0,18.0
Ezh1,54.0,47.0,43.0,158.0,150.0,145.0,79.0,79.0,131.0,9.0,101.0,195.0,76.0,84.0,160.0,150.0,112.0
Ezh2,42.0,50.0,25.0,161.0,79.0,120.0,39.0,68.0,58.0,3.0,94.0,128.0,72.0,65.0,93.0,108.0,72.0
Ezr,903.0,969.0,1221.0,1992.0,1761.0,992.0,1726.0,976.0,1140.0,75.0,671.0,2437.0,2637.0,1270.0,1749.0,1492.0,1374.0
F11r,139.0,113.0,95.0,339.0,297.0,199.0,203.0,209.0,153.0,13.0,168.0,503.0,316.0,159.0,340.0,271.0,253.0
F13a1,143.0,81.0,405.0,624.0,1249.0,624.0,675.0,494.0,537.0,174.0,1161.0,1336.0,230.0,354.0,878.0,1076.0,496.0
F2r,9.0,6.0,10.0,88.0,34.0,43.0,12.0,21.0,23.0,4.0,34.0,79.0,11.0,20.0,56.0,46.0,45.0
F2rl1,11.0,31.0,25.0,100.0,34.0,82.0,47.0,71.0,68.0,1.0,57.0,76.0,52.0,51.0,61.0,93.0,83.0
F2rl2,3.0,4.0,6.0,3.0,6.0,5.0,12.0,2.0,4.0,0.0,6.0,8.0,5.0,0.0,7.0,4.0,3.0
F2rl3,1.0,0.0,3.0,9.0,7.0,0.0,2.0,2.0,3.0,0.0,12.0,13.0,4.0,6.0,7.0,16.0,24.0
F3,223.0,213.0,114.0,213.0,561.0,110.0,292.0,135.0,129.0,23.0,144.0,721.0,386.0,152.0,521.0,465.0,250.0
F8,1.0,1.0,4.0,3.0,9.0,3.0,3.0,3.0,2.0,0.0,5.0,11.0,2.0,5.0,7.0,1.0,5.0
F9,0.0,0.0,2.0,1.0,2.0,4.0,0.0,1.0,1.0,0.0,3.0,0.0,0.0,0.0,0.0,0.0,2.0
Faah,18.0,29.0,10.0,30.0,16.0,43.0,23.0,16.0,73.0,0.0,12.0,45.0,60.0,28.0,51.0,28.0,41.0
Faap100,12.0,10.0,16.0,95.0,44.0,37.0,23.0,53.0,26.0,6.0,18.0,91.0,32.0,41.0,47.0,76.0,65.0
Fabp12,8.0,6.0,3.0,3.0,8.0,2.0,8.0,2.0,6.0,0.0,11.0,14.0,14.0,3.0,12.0,1.0,5.0
Fabp3,44.0,2.0,14.0,4.0,72.0,2.0,23.0,36.0,10.0,2.0,24.0,199.0,6.0,50.0,14.0,25.0,35.0
Fabp7,1.0,2.0,14.0,6.0,3.0,2.0,11.0,5.0,0.0,0.0,1.0,3.0,5.0,1.0,2.0,5.0,1.0
Fadd,119.0,80.0,59.0,311.0,178.0,168.0,127.0,179.0,167.0,12.0,163.0,317.0,232.0,196.0,288.0,251.0,247.0
Fah,0.0,6.0,1.0,35.0,23.0,20.0,8.0,32.0,5.0,1.0,5.0,31.0,15.0,17.0,11.0,20.0,16.0
Fam104a,7.0,9.0,9.0,36.0,18.0,23.0,9.0,30.0,19.0,0.0,25.0,49.0,22.0,15.0,28.0,26.0,25.0
Fam107b,30.0,21.0,58.0,123.0,69.0,56.0,46.0,98.0,72.0,9.0,52.0,100.0,49.0,42.0,94.0,120.0,76.0
Fam129a,38.0,29.0,37.0,195.0,115.0,100.0,62.0,131.0,113.0,5.0,142.0,357.0,64.0,86.0,257.0,237.0,155.0
Fam136a,33.0,24.0,24.0,61.0,34.0,35.0,34.0,40.0,22.0,0.0,27.0,63.0,46.0,34.0,41.0,35.0,37.0
Fam13b,14.0,11.0,21.0,94.0,36.0,47.0,22.0,50.0,28.0,5.0,33.0,92.0,34.0,52.0,44.0,89.0,49.0
Fam192a,6.0,4.0,1.0,14.0,5.0,5.0,5.0,7.0,5.0,0.0,4.0,11.0,8.0,12.0,10.0,14.0,13.0
Fam20a,0.0,2.0,7.0,32.0,10.0,11.0,19.0,8.0,4.0,0.0,20.0,28.0,2.0,1.0,11.0,31.0,16.0
Fam20c,2.0,4.0,17.0,41.0,17.0,13.0,15.0,16.0,8.0,5.0,10.0,37.0,8.0,4.0,30.0,28.0,29.0
Fam210a,22.0,19.0,22.0,44.0,30.0,23.0,32.0,37.0,29.0,4.0,25.0,91.0,29.0,35.0,41.0,35.0,46.0
Fam210b,1.0,6.0,8.0,12.0,4.0,5.0,9.0,5.0,11.0,0.0,3.0,9.0,2.0,6.0,5.0,10.0,7.0
Fam214a,10.0,3.0,6.0,60.0,36.0,36.0,9.0,15.0,27.0,0.0,7.0,79.0,13.0,30.0,51.0,42.0,50.0
Fam49b,113.0,83.0,166.0,302.0,217.0,85.0,270.0,262.0,169.0,27.0,130.0,369.0,268.0,232.0,295.0,332.0,278.0
Fam83d,22.0,32.0,23.0,146.0,43.0,46.0,44.0,49.0,48.0,0.0,44.0,132.0,66.0,30.0,60.0,109.0,92.0
Fam92a,10.0,18.0,23.0,81.0,46.0,63.0,32.0,57.0,46.0,2.0,49.0,108.0,36.0,31.0,47.0,59.0,63.0
Fancc,2.0,7.0,9.0,47.0,21.0,50.0,12.0,33.0,10.0,1.0,36.0,41.0,21.0,16.0,23.0,35.0,19.0
Fanci,5.0,12.0,3.0,35.0,15.0,15.0,11.0,21.0,12.0,1.0,16.0,31.0,8.0,10.0,15.0,34.0,24.0
Fancl,6.0,6.0,5.0,35.0,11.0,12.0,9.0,21.0,21.0,0.0,10.0,37.0,16.0,15.0,21.0,41.0,24.0
Fap,14.0,11.0,14.0,47.0,45.0,31.0,20.0,25.0,22.0,4.0,36.0,79.0,23.0,30.0,52.0,79.0,65.0
Far2,107.0,811.0,114.0,488.0,188.0,833.0,359.0,152.0,773.0,0.0,134.0,731.0,1086.0,497.0,939.0,546.0,805.0
Fas,11.0,11.0,46.0,48.0,45.0,36.0,60.0,70.0,49.0,8.0,38.0,72.0,42.0,25.0,56.0,60.0,55.0
Fasl,1.0,2.0,1.0,3.0,5.0,2.0,5.0,3.0,1.0,0.0,3.0,2.0,0.0,2.0,3.0,5.0,2.0
Fasn,51.0,162.0,62.0,384.0,207.0,356.0,164.0,129.0,286.0,4.0,140.0,337.0,243.0,201.0,281.0,265.0,260.0
Fat1,70.0,168.0,118.0,563.0,357.0,366.0,199.0,269.0,230.0,9.0,283.0,607.0,352.0,272.0,268.0,335.0,286.0
Fat4,2.0,4.0,10.0,24.0,16.0,13.0,9.0,6.0,13.0,1.0,8.0,58.0,5.0,10.0,25.0,22.0,33.0
Fbh1,50.0,66.0,74.0,327.0,175.0,186.0,113.0,140.0,156.0,10.0,178.0,321.0,126.0,124.0,235.0,265.0,242.0
Fbl,30.0,53.0,57.0,179.0,65.0,80.0,92.0,130.0,106.0,4.0,51.0,184.0,120.0,83.0,80.0,127.0,116.0
Fbln1,26.0,39.0,21.0,372.0,143.0,174.0,67.0,133.0,89.0,1.0,97.0,408.0,91.0,148.0,188.0,322.0,230.0
Fbln2,101.0,52.0,145.0,1294.0,748.0,235.0,268.0,284.0,169.0,35.0,407.0,1532.0,219.0,217.0,879.0,1625.0,1449.0
Fbn1,247.0,160.0,159.0,1176.0,734.0,327.0,288.0,485.0,464.0,23.0,780.0,1914.0,354.0,673.0,1311.0,2032.0,1161.0
Fbxl12,6.0,5.0,11.0,40.0,17.0,31.0,20.0,24.0,22.0,2.0,10.0,40.0,19.0,21.0,32.0,25.0,29.0
Fbxl13,0.0,1.0,2.0,3.0,1.0,2.0,6.0,3.0,1.0,1.0,0.0,5.0,1.0,1.0,8.0,4.0,6.0
Fbxl16,1.0,2.0,2.0,5.0,0.0,1.0,9.0,3.0,4.0,4.0,6.0,9.0,3.0,1.0,6.0,3.0,4.0
Fbxl17,1.0,4.0,6.0,35.0,6.0,12.0,6.0,16.0,10.0,0.0,2.0,20.0,9.0,14.0,12.0,29.0,23.0
Fbxl19,48.0,76.0,53.0,501.0,219.0,318.0,105.0,218.0,230.0,12.0,155.0,458.0,184.0,199.0,225.0,285.0,249.0
Fbxl20,5.0,2.0,12.0,44.0,21.0,24.0,6.0,27.0,19.0,3.0,8.0,66.0,13.0,31.0,30.0,43.0,35.0
Fbxl3,14.0,16.0,23.0,84.0,34.0,64.0,23.0,44.0,38.0,4.0,27.0,84.0,30.0,40.0,56.0,64.0,66.0
Fbxl4,10.0,8.0,17.0,40.0,24.0,22.0,10.0,17.0,23.0,2.0,18.0,40.0,15.0,16.0,23.0,34.0,25.0
Fbxl7,1.0,0.0,2.0,9.0,6.0,1.0,12.0,6.0,1.0,0.0,2.0,15.0,3.0,4.0,2.0,4.0,9.0
Fbxo11,33.0,39.0,61.0,131.0,97.0,76.0,74.0,66.0,72.0,4.0,59.0,145.0,93.0,62.0,108.0,102.0,104.0
Fbxo17,34.0,5.0,18.0,72.0,26.0,29.0,11.0,36.0,16.0,1.0,50.0,81.0,26.0,41.0,49.0,95.0,68.0
Fbxo2,0.0,0.0,1.0,1.0,3.0,2.0,5.0,1.0,2.0,0.0,1.0,1.0,2.0,1.0,0.0,2.0,3.0
Fbxo21,1.0,1.0,2.0,10.0,5.0,5.0,7.0,6.0,4.0,0.0,1.0,18.0,6.0,9.0,10.0,10.0,5.0
Fbxo3,108.0,99.0,80.0,348.0,371.0,275.0,178.0,183.0,184.0,17.0,207.0,458.0,279.0,221.0,369.0,340.0,280.0
Fbxo31,36.0,13.0,26.0,88.0,67.0,76.0,30.0,97.0,54.0,1.0,64.0,320.0,63.0,182.0,82.0,136.0,152.0
Fbxo32,49.0,6.0,22.0,58.0,33.0,41.0,15.0,192.0,52.0,2.0,38.0,327.0,12.0,255.0,42.0,356.0,314.0
Fbxo33,5.0,2.0,3.0,22.0,13.0,12.0,9.0,11.0,13.0,1.0,10.0,26.0,14.0,9.0,11.0,14.0,12.0
Fbxo4,12.0,15.0,21.0,42.0,27.0,32.0,43.0,18.0,25.0,2.0,21.0,54.0,28.0,23.0,49.0,55.0,42.0
Fbxo41,0.0,1.0,1.0,4.0,0.0,1.0,7.0,4.0,1.0,0.0,2.0,3.0,6.0,2.0,6.0,1.0,1.0
Fbxo5,7.0,6.0,9.0,40.0,12.0,19.0,13.0,12.0,10.0,0.0,14.0,24.0,9.0,9.0,13.0,26.0,27.0
Fbxw11,53.0,45.0,57.0,219.0,116.0,129.0,96.0,91.0,88.0,13.0,76.0,212.0,112.0,68.0,175.0,140.0,132.0
Fbxw7,39.0,43.0,35.0,177.0,105.0,108.0,77.0,91.0,112.0,4.0,59.0,216.0,97.0,130.0,101.0,128.0,110.0
Fcgr1,346.0,64.0,701.0,311.0,151.0,57.0,1107.0,607.0,572.0,111.0,301.0,298.0,309.0,203.0,443.0,422.0,173.0
Fcgr2b,112.0,98.0,231.0,663.0,716.0,278.0,392.0,347.0,482.0,130.0,670.0,1023.0,276.0,253.0,1112.0,891.0,550.0
Fcgr3,19.0,5.0,46.0,77.0,44.0,21.0,35.0,74.0,33.0,13.0,31.0,100.0,28.0,38.0,91.0,105.0,67.0
Fcgr4,29.0,12.0,71.0,48.0,42.0,7.0,93.0,87.0,46.0,13.0,45.0,50.0,41.0,33.0,124.0,70.0,41.0
Fcgrt,38.0,51.0,33.0,349.0,762.0,323.0,94.0,134.0,221.0,9.0,572.0,932.0,76.0,160.0,604.0,583.0,319.0
Fcmr,1.0,2.0,5.0,1.0,2.0,4.0,7.0,0.0,1.0,0.0,1.0,0.0,2.0,0.0,1.0,5.0,2.0
Fcrls,11.0,12.0,6.0,95.0,118.0,57.0,18.0,18.0,44.0,5.0,106.0,170.0,23.0,51.0,279.0,83.0,141.0
Fdx1,23.0,24.0,39.0,123.0,63.0,66.0,69.0,75.0,41.0,6.0,41.0,156.0,82.0,70.0,83.0,99.0,67.0
Fen1,5.0,19.0,10.0,36.0,21.0,30.0,25.0,16.0,17.0,0.0,18.0,38.0,17.0,13.0,23.0,23.0,27.0
Fermt1,26.0,58.0,28.0,203.0,138.0,87.0,124.0,140.0,85.0,12.0,55.0,246.0,141.0,73.0,78.0,142.0,93.0
Fermt3,11.0,5.0,30.0,97.0,53.0,24.0,37.0,59.0,40.0,6.0,33.0,96.0,27.0,50.0,93.0,99.0,80.0
Fezf1,2.0,0.0,5.0,0.0,1.0,0.0,4.0,2.0,0.0,0.0,1.0,0.0,0.0,0.0,0.0,0.0,1.0
Fezf2,0.0,3.0,3.0,0.0,1.0,3.0,4.0,0.0,1.0,0.0,5.0,4.0,1.0,2.0,1.0,1.0,2.0
Ffar1,0.0,1.0,3.0,0.0,1.0,0.0,3.0,0.0,1.0,0.0,1.0,0.0,1.0,0.0,3.0,0.0,0.0
Ffar2,1.0,5.0,9.0,17.0,27.0,12.0,5.0,10.0,21.0,0.0,19.0,21.0,9.0,12.0,26.0,20.0,23.0
Ffar3,0.0,2.0,3.0,0.0,0.0,0.0,2.0,0.0,0.0,0.0,0.0,0.0,1.0,0.0,2.0,0.0,0.0
Ffar4,0.0,1.0,5.0,5.0,1.0,2.0,5.0,3.0,4.0,0.0,1.0,1.0,0.0,4.0,7.0,3.0,3.0
Fga,3.0,0.0,3.0,0.0,0.0,0.0,0.0,1.0,2.0,0.0,0.0,0.0,0.0,0.0,0.0,0.0,1.0
Fgb,1.0,0.0,5.0,1.0,2.0,0.0,2.0,0.0,1.0,0.0,1.0,1.0,1.0,1.0,3.0,0.0,1.0
Fgf1,7.0,12.0,14.0,16.0,13.0,10.0,15.0,12.0,4.0,2.0,7.0,46.0,24.0,26.0,25.0,17.0,16.0
Fgf10,0.0,4.0,2.0,4.0,3.0,3.0,4.0,2.0,1.0,0.0,0.0,2.0,3.0,3.0,3.0,2.0,1.0
Fgf12,7.0,4.0,6.0,3.0,5.0,4.0,18.0,5.0,0.0,0.0,5.0,8.0,4.0,0.0,5.0,4.0,5.0
Fgf15,1.0,0.0,7.0,1.0,1.0,1.0,5.0,2.0,0.0,0.0,1.0,1.0,2.0,0.0,1.0,2.0,1.0
Fgf16,1.0,1.0,1.0,6.0,0.0,3.0,2.0,8.0,3.0,0.0,2.0,9.0,4.0,9.0,1.0,6.0,1.0
Fgf17,1.0,1.0,3.0,2.0,1.0,1.0,3.0,0.0,1.0,0.0,2.0,1.0,1.0,0.0,0.0,0.0,1.0
Fgf18,3.0,16.0,18.0,11.0,9.0,8.0,9.0,5.0,36.0,0.0,6.0,18.0,15.0,29.0,12.0,62.0,25.0
Fgf2,2.0,5.0,5.0,8.0,9.0,8.0,12.0,15.0,9.0,2.0,11.0,15.0,11.0,10.0,10.0,5.0,9.0
Fgf21,4.0,2.0,5.0,7.0,3.0,3.0,4.0,3.0,1.0,2.0,3.0,4.0,3.0,1.0,10.0,2.0,7.0
Fgf22,1.0,3.0,3.0,8.0,2.0,6.0,4.0,5.0,1.0,0.0,8.0,9.0,3.0,1.0,5.0,2.0,2.0
Fgf23,1.0,7.0,10.0,6.0,9.0,4.0,13.0,7.0,7.0,1.0,5.0,1.0,6.0,23.0,4.0,19.0,7.0
Fgf3,1.0,2.0,1.0,1.0,0.0,1.0,0.0,1.0,0.0,0.0,2.0,3.0,0.0,0.0,0.0,1.0,1.0
Fgf4,5.0,2.0,6.0,0.0,3.0,2.0,7.0,0.0,1.0,0.0,4.0,0.0,2.0,3.0,0.0,2.0,1.0
Fgf5,0.0,1.0,2.0,7.0,2.0,1.0,6.0,2.0,1.0,5.0,1.0,3.0,1.0,3.0,0.0,5.0,2.0
Fgf7,9.0,23.0,26.0,49.0,37.0,10.0,57.0,55.0,25.0,4.0,41.0,74.0,25.0,54.0,40.0,115.0,132.0
Fgf8,1.0,0.0,4.0,1.0,0.0,2.0,3.0,2.0,0.0,0.0,0.0,0.0,1.0,0.0,1.0,2.0,0.0
Fgf9,5.0,0.0,5.0,0.0,1.0,1.0,4.0,3.0,0.0,0.0,2.0,4.0,0.0,0.0,0.0,3.0,1.0
Fgfbp3,36.0,55.0,28.0,218.0,105.0,142.0,102.0,49.0,132.0,0.0,53.0,208.0,140.0,82.0,171.0,159.0,68.0
Fgfr1,44.0,49.0,45.0,497.0,144.0,208.0,95.0,240.0,148.0,6.0,175.0,470.0,108.0,170.0,237.0,398.0,384.0
Fgfr1op,9.0,11.0,19.0,47.0,16.0,33.0,18.0,35.0,13.0,1.0,28.0,41.0,35.0,23.0,23.0,52.0,40.0
Fgfr2,48.0,138.0,61.0,826.0,262.0,821.0,141.0,323.0,407.0,0.0,329.0,410.0,180.0,312.0,216.0,291.0,301.0
Fgfr3,216.0,341.0,116.0,922.0,420.0,1010.0,314.0,550.0,680.0,5.0,380.0,779.0,520.0,598.0,479.0,475.0,443.0
Fgfr4,11.0,7.0,8.0,64.0,18.0,23.0,7.0,8.0,14.0,0.0,5.0,40.0,9.0,36.0,40.0,29.0,68.0
Fgg,1.0,0.0,1.0,0.0,1.0,1.0,3.0,1.0,0.0,0.0,1.0,1.0,1.0,0.0,0.0,1.0,1.0
Fgl1,0.0,1.0,9.0,1.0,0.0,0.0,11.0,3.0,3.0,0.0,2.0,0.0,2.0,0.0,0.0,1.0,2.0
Fgr,15.0,2.0,54.0,59.0,28.0,5.0,47.0,78.0,26.0,6.0,29.0,49.0,23.0,35.0,77.0,91.0,77.0
Fh1,18.0,11.0,21.0,89.0,44.0,52.0,22.0,55.0,34.0,2.0,39.0,136.0,35.0,62.0,57.0,75.0,67.0
Fhl2,3.0,4.0,8.0,31.0,23.0,2.0,6.0,12.0,3.0,0.0,6.0,32.0,10.0,9.0,11.0,19.0,22.0
Fhod1,30.0,10.0,35.0,125.0,91.0,42.0,52.0,91.0,42.0,14.0,53.0,178.0,64.0,58.0,111.0,132.0,129.0
Fibcd1,0.0,0.0,8.0,2.0,1.0,1.0,7.0,0.0,2.0,0.0,1.0,3.0,0.0,0.0,1.0,0.0,2.0
Fign,7.0,4.0,7.0,8.0,5.0,8.0,15.0,6.0,1.0,0.0,9.0,12.0,14.0,0.0,13.0,12.0,22.0
Fkbp5,24.0,42.0,31.0,108.0,58.0,97.0,52.0,66.0,98.0,9.0,44.0,140.0,106.0,46.0,99.0,100.0,129.0
Fli1,21.0,13.0,19.0,114.0,135.0,36.0,60.0,57.0,68.0,12.0,80.0,211.0,34.0,55.0,178.0,148.0,110.0
Flna,245.0,287.0,468.0,1400.0,898.0,427.0,697.0,858.0,465.0,71.0,514.0,1625.0,859.0,812.0,1009.0,1313.0,1016.0
Flnb,392.0,455.0,449.0,1152.0,1130.0,419.0,762.0,526.0,372.0,59.0,476.0,1753.0,1271.0,753.0,1067.0,1185.0,914.0
Flot1,32.0,34.0,51.0,138.0,75.0,85.0,90.0,145.0,103.0,12.0,75.0,209.0,98.0,164.0,116.0,201.0,168.0
Flot2,55.0,63.0,52.0,149.0,97.0,65.0,86.0,118.0,93.0,13.0,96.0,234.0,146.0,117.0,123.0,151.0,131.0
Flt1,29.0,11.0,55.0,70.0,40.0,14.0,43.0,45.0,31.0,3.0,32.0,156.0,56.0,58.0,87.0,84.0,82.0
Flt3,6.0,6.0,14.0,33.0,13.0,8.0,5.0,21.0,26.0,1.0,17.0,26.0,6.0,5.0,32.0,28.0,27.0
Flt3l,10.0,14.0,2.0,24.0,18.0,32.0,16.0,13.0,29.0,0.0,18.0,39.0,20.0,15.0,28.0,31.0,36.0
Flt4,17.0,5.0,14.0,37.0,58.0,5.0,21.0,15.0,15.0,6.0,28.0,72.0,22.0,19.0,54.0,40.0,58.0
Fmc1,12.0,17.0,17.0,78.0,47.0,30.0,38.0,50.0,34.0,1.0,30.0,121.0,43.0,61.0,55.0,82.0,49.0
Fmo4,2.0,0.0,3.0,0.0,0.0,1.0,2.0,1.0,0.0,0.0,0.0,0.0,1.0,0.0,0.0,1.0,1.0
Fmod,11.0,23.0,5.0,83.0,135.0,116.0,20.0,11.0,24.0,1.0,13.0,41.0,84.0,37.0,177.0,114.0,150.0
Fmr1,88.0,86.0,110.0,423.0,393.0,306.0,161.0,232.0,224.0,30.0,225.0,479.0,191.0,177.0,291.0,331.0,288.0
Fn1,45.0,11.0,127.0,544.0,235.0,136.0,275.0,279.0,126.0,182.0,273.0,810.0,100.0,89.0,649.0,805.0,402.0
Fndc5,2.0,1.0,5.0,2.0,0.0,1.0,2.0,4.0,0.0,0.0,7.0,2.0,3.0,1.0,7.0,4.0,1.0
Folr1,4.0,1.0,11.0,1.0,2.0,3.0,14.0,2.0,3.0,0.0,0.0,5.0,2.0,2.0,7.0,3.0,0.0
Folr2,15.0,3.0,12.0,73.0,138.0,34.0,37.0,13.0,28.0,10.0,81.0,176.0,19.0,26.0,112.0,146.0,53.0
Fopnl,3.0,9.0,18.0,22.0,16.0,12.0,10.0,7.0,13.0,0.0,9.0,29.0,20.0,13.0,24.0,24.0,17.0
Fosl1,177.0,177.0,229.0,208.0,215.0,8.0,216.0,110.0,80.0,47.0,30.0,288.0,236.0,208.0,127.0,274.0,245.0
Fosl2,126.0,123.0,182.0,383.0,156.0,202.0,255.0,261.0,183.0,28.0,174.0,462.0,242.0,210.0,244.0,356.0,303.0
Foxa1,2.0,2.0,13.0,4.0,4.0,2.0,8.0,1.0,5.0,0.0,2.0,4.0,9.0,4.0,6.0,3.0,1.0
Foxa2,0.0,0.0,5.0,0.0,0.0,1.0,2.0,2.0,2.0,0.0,1.0,0.0,0.0,0.0,0.0,1.0,0.0
Foxb1,0.0,0.0,5.0,0.0,1.0,2.0,5.0,0.0,0.0,0.0,0.0,0.0,2.0,0.0,2.0,1.0,0.0
Foxc1,4.0,7.0,8.0,30.0,11.0,12.0,13.0,17.0,10.0,0.0,10.0,17.0,19.0,13.0,10.0,11.0,7.0
Foxc2,1.0,2.0,7.0,10.0,2.0,1.0,2.0,3.0,1.0,0.0,2.0,8.0,2.0,7.0,6.0,5.0,12.0
Foxd1,3.0,2.0,7.0,4.0,0.0,1.0,6.0,2.0,2.0,1.0,0.0,2.0,2.0,1.0,1.0,3.0,0.0
Foxd2,1.0,3.0,7.0,10.0,1.0,4.0,6.0,10.0,3.0,0.0,5.0,11.0,1.0,3.0,3.0,3.0,2.0
Foxd3,1.0,0.0,1.0,6.0,0.0,1.0,1.0,3.0,2.0,1.0,1.0,5.0,2.0,1.0,0.0,1.0,0.0
Foxg1,2.0,2.0,5.0,1.0,2.0,1.0,4.0,0.0,4.0,0.0,0.0,0.0,3.0,1.0,1.0,0.0,0.0
Foxh1,0.0,3.0,1.0,1.0,2.0,1.0,3.0,2.0,3.0,0.0,1.0,2.0,2.0,2.0,3.0,1.0,0.0
Foxi1,1.0,0.0,9.0,0.0,0.0,0.0,3.0,0.0,0.0,0.0,1.0,0.0,1.0,1.0,1.0,0.0,0.0
Foxi2,3.0,0.0,3.0,2.0,2.0,2.0,8.0,2.0,1.0,0.0,2.0,1.0,0.0,1.0,3.0,2.0,0.0
Foxj1,0.0,0.0,7.0,1.0,0.0,2.0,4.0,1.0,0.0,0.0,3.0,1.0,0.0,1.0,1.0,1.0,1.0
Foxj2,3.0,3.0,2.0,6.0,4.0,5.0,6.0,7.0,4.0,0.0,2.0,9.0,4.0,5.0,5.0,7.0,2.0
Foxj3,8.0,7.0,14.0,29.0,16.0,21.0,30.0,19.0,19.0,1.0,10.0,42.0,19.0,16.0,17.0,37.0,34.0
Foxl2,0.0,0.0,2.0,2.0,1.0,0.0,4.0,2.0,0.0,0.0,0.0,2.0,2.0,0.0,2.0,1.0,1.0
Foxm1,5.0,12.0,5.0,73.0,33.0,41.0,11.0,24.0,15.0,0.0,42.0,74.0,21.0,16.0,39.0,43.0,42.0
Foxn1,4.0,3.0,7.0,34.0,15.0,31.0,21.0,27.0,18.0,0.0,15.0,50.0,20.0,12.0,20.0,12.0,19.0
Foxn4,2.0,4.0,6.0,0.0,2.0,2.0,5.0,0.0,0.0,0.0,2.0,2.0,3.0,0.0,4.0,3.0,1.0
Foxo1,38.0,44.0,35.0,204.0,88.0,113.0,54.0,85.0,92.0,6.0,123.0,190.0,65.0,83.0,120.0,108.0,106.0
Foxo3,7.0,4.0,10.0,39.0,16.0,25.0,12.0,21.0,11.0,2.0,7.0,51.0,22.0,21.0,35.0,23.0,21.0
Foxo4,1.0,0.0,2.0,7.0,5.0,6.0,1.0,4.0,2.0,3.0,2.0,13.0,4.0,2.0,2.0,5.0,9.0
Foxp1,73.0,71.0,86.0,397.0,249.0,192.0,150.0,255.0,177.0,18.0,233.0,416.0,202.0,202.0,281.0,396.0,262.0
Foxp2,1.0,1.0,21.0,2.0,2.0,0.0,8.0,6.0,0.0,0.0,3.0,10.0,2.0,1.0,8.0,3.0,2.0
Foxp3,0.0,2.0,3.0,5.0,2.0,1.0,4.0,0.0,1.0,0.0,2.0,3.0,1.0,1.0,1.0,4.0,2.0
Foxp4,28.0,41.0,37.0,313.0,104.0,86.0,55.0,129.0,100.0,6.0,42.0,283.0,157.0,130.0,142.0,176.0,176.0
Fpr1,5.0,2.0,37.0,18.0,5.0,1.0,31.0,28.0,5.0,14.0,5.0,6.0,7.0,3.0,14.0,26.0,24.0
Fpr2,17.0,9.0,66.0,42.0,13.0,5.0,88.0,62.0,19.0,17.0,14.0,33.0,37.0,8.0,39.0,41.0,28.0
Fras1,3.0,2.0,4.0,45.0,8.0,47.0,9.0,17.0,8.0,2.0,29.0,20.0,4.0,14.0,12.0,9.0,7.0
Frk,8.0,12.0,5.0,39.0,24.0,20.0,9.0,12.0,20.0,0.0,18.0,29.0,20.0,16.0,28.0,31.0,36.0
Frmd7,2.0,7.0,7.0,2.0,17.0,16.0,13.0,4.0,7.0,1.0,21.0,22.0,8.0,7.0,11.0,8.0,10.0
Frmpd1,8.0,12.0,5.0,27.0,18.0,18.0,18.0,4.0,34.0,0.0,16.0,34.0,12.0,6.0,79.0,23.0,22.0
Frrs1,29.0,31.0,42.0,123.0,75.0,78.0,71.0,58.0,59.0,6.0,24.0,132.0,107.0,52.0,108.0,101.0,107.0
Frrs1l,3.0,2.0,3.0,6.0,3.0,3.0,10.0,6.0,3.0,0.0,3.0,7.0,5.0,1.0,4.0,6.0,1.0
Frs2,42.0,39.0,44.0,194.0,93.0,130.0,64.0,112.0,96.0,4.0,84.0,214.0,108.0,102.0,117.0,148.0,154.0
Fryl,7.0,11.0,15.0,78.0,19.0,42.0,21.0,30.0,24.0,2.0,20.0,84.0,35.0,35.0,29.0,37.0,30.0
Frzb,4.0,0.0,1.0,15.0,9.0,7.0,5.0,2.0,5.0,0.0,8.0,27.0,2.0,9.0,3.0,5.0,5.0
Fscn1,98.0,94.0,121.0,736.0,351.0,69.0,231.0,260.0,173.0,19.0,115.0,710.0,305.0,294.0,389.0,645.0,550.0
Fscn2,1.0,0.0,1.0,2.0,2.0,1.0,1.0,0.0,0.0,0.0,2.0,3.0,2.0,1.0,2.0,2.0,1.0
Fshb,0.0,0.0,5.0,1.0,0.0,0.0,3.0,1.0,1.0,1.0,1.0,1.0,3.0,0.0,0.0,0.0,0.0
Fshr,2.0,0.0,9.0,1.0,0.0,0.0,8.0,0.0,1.0,0.0,0.0,0.0,0.0,0.0,1.0,3.0,0.0
Fst,42.0,45.0,116.0,116.0,96.0,31.0,72.0,75.0,26.0,6.0,40.0,143.0,120.0,102.0,64.0,155.0,113.0
Fstl1,101.0,126.0,101.0,1117.0,580.0,404.0,270.0,426.0,253.0,15.0,778.0,1453.0,163.0,462.0,1060.0,1732.0,1049.0
Fstl4,0.0,3.0,6.0,14.0,1.0,10.0,3.0,6.0,5.0,0.0,6.0,10.0,5.0,7.0,1.0,6.0,4.0
Fstl5,2.0,1.0,3.0,2.0,0.0,1.0,7.0,5.0,3.0,0.0,2.0,4.0,1.0,0.0,3.0,1.0,1.0
Fthl17a,0.0,0.0,3.0,0.0,0.0,0.0,3.0,2.0,1.0,0.0,1.0,0.0,1.0,0.0,2.0,2.0,0.0
Fto,56.0,50.0,49.0,292.0,135.0,149.0,66.0,125.0,103.0,4.0,110.0,349.0,129.0,183.0,187.0,254.0,222.0
Ftsj1,12.0,12.0,7.0,28.0,23.0,30.0,19.0,25.0,14.0,2.0,19.0,48.0,23.0,19.0,27.0,28.0,26.0
Fubp1,119.0,124.0,124.0,521.0,207.0,249.0,174.0,270.0,224.0,21.0,186.0,426.0,260.0,227.0,251.0,364.0,267.0
Fundc1,79.0,62.0,53.0,245.0,176.0,169.0,100.0,113.0,135.0,9.0,144.0,305.0,142.0,135.0,234.0,210.0,193.0
Furin,121.0,166.0,246.0,540.0,446.0,222.0,431.0,348.0,207.0,48.0,209.0,665.0,450.0,284.0,513.0,432.0,423.0
Fus,270.0,235.0,226.0,733.0,426.0,421.0,398.0,380.0,345.0,28.0,419.0,734.0,596.0,404.0,557.0,609.0,570.0
Fut1,8.0,4.0,7.0,54.0,12.0,56.0,12.0,31.0,21.0,1.0,19.0,17.0,17.0,21.0,14.0,13.0,17.0
Fut4,3.0,1.0,7.0,3.0,2.0,1.0,2.0,2.0,1.0,0.0,6.0,6.0,2.0,2.0,2.0,6.0,10.0
Fv1,12.0,13.0,15.0,53.0,22.0,34.0,18.0,27.0,36.0,1.0,31.0,66.0,32.0,19.0,35.0,32.0,37.0
Fxn,1.0,2.0,5.0,2.0,6.0,4.0,6.0,3.0,1.0,0.0,1.0,5.0,3.0,0.0,2.0,2.0,4.0
Fxr1,235.0,136.0,173.0,408.0,289.0,182.0,252.0,344.0,244.0,14.0,272.0,719.0,347.0,443.0,387.0,506.0,470.0
Fyn,56.0,28.0,44.0,193.0,121.0,131.0,63.0,83.0,121.0,8.0,158.0,216.0,56.0,74.0,177.0,178.0,160.0
Fzd1,24.0,54.0,54.0,357.0,71.0,203.0,62.0,240.0,82.0,3.0,132.0,283.0,90.0,158.0,105.0,253.0,240.0
Fzd10,23.0,29.0,13.0,159.0,48.0,92.0,36.0,99.0,46.0,1.0,67.0,85.0,67.0,65.0,57.0,51.0,65.0
Fzd2,7.0,22.0,11.0,127.0,18.0,62.0,16.0,63.0,22.0,0.0,49.0,89.0,37.0,55.0,30.0,51.0,53.0
Fzd3,2.0,4.0,7.0,27.0,5.0,17.0,12.0,14.0,14.0,0.0,11.0,14.0,10.0,15.0,5.0,13.0,6.0
Fzd4,6.0,2.0,10.0,30.0,67.0,28.0,15.0,22.0,16.0,0.0,35.0,105.0,7.0,55.0,37.0,46.0,32.0
Fzd5,12.0,21.0,17.0,105.0,35.0,87.0,25.0,64.0,35.0,3.0,56.0,53.0,30.0,26.0,19.0,30.0,27.0
Fzd6,35.0,30.0,25.0,192.0,108.0,87.0,55.0,65.0,65.0,1.0,40.0,155.0,108.0,76.0,70.0,117.0,94.0
Fzd7,30.0,22.0,18.0,121.0,30.0,48.0,15.0,62.0,19.0,1.0,60.0,112.0,47.0,73.0,40.0,74.0,51.0
Fzd8,7.0,5.0,10.0,12.0,4.0,16.0,13.0,11.0,5.0,0.0,8.0,28.0,14.0,11.0,10.0,16.0,12.0
G3bp1,15.0,16.0,20.0,136.0,29.0,31.0,22.0,39.0,28.0,2.0,21.0,119.0,45.0,59.0,43.0,79.0,65.0
G6pc,1.0,0.0,0.0,0.0,1.0,0.0,5.0,0.0,0.0,0.0,1.0,1.0,0.0,0.0,0.0,1.0,1.0
G6pc2,0.0,1.0,1.0,0.0,0.0,0.0,7.0,1.0,3.0,0.0,0.0,0.0,0.0,0.0,1.0,1.0,0.0
G6pdx,9.0,9.0,5.0,18.0,17.0,10.0,9.0,4.0,9.0,1.0,10.0,28.0,18.0,8.0,16.0,10.0,23.0
Gaa,8.0,5.0,14.0,95.0,47.0,49.0,15.0,55.0,18.0,2.0,44.0,181.0,28.0,79.0,70.0,83.0,75.0
Gab1,17.0,16.0,24.0,129.0,52.0,93.0,42.0,61.0,52.0,3.0,35.0,96.0,49.0,47.0,90.0,91.0,84.0
Gabbr1,18.0,37.0,44.0,163.0,87.0,125.0,40.0,101.0,107.0,8.0,104.0,184.0,59.0,72.0,104.0,141.0,102.0
Gabbr2,0.0,0.0,5.0,0.0,1.0,0.0,1.0,3.0,1.0,1.0,0.0,0.0,2.0,0.0,0.0,1.0,0.0
Gabpb1,14.0,20.0,25.0,58.0,38.0,44.0,38.0,38.0,35.0,6.0,38.0,72.0,41.0,31.0,49.0,58.0,43.0
Gabra1,0.0,0.0,2.0,0.0,0.0,0.0,4.0,1.0,0.0,0.0,0.0,0.0,1.0,0.0,0.0,1.0,1.0
Gabra2,0.0,3.0,2.0,5.0,12.0,9.0,10.0,5.0,5.0,0.0,10.0,9.0,9.0,2.0,12.0,5.0,6.0
Gabra5,1.0,3.0,15.0,3.0,3.0,2.0,6.0,4.0,2.0,0.0,0.0,4.0,1.0,0.0,1.0,2.0,6.0
Gabra6,0.0,0.0,3.0,1.0,2.0,2.0,13.0,2.0,0.0,0.0,1.0,2.0,1.0,0.0,3.0,0.0,0.0
Gabrb2,0.0,1.0,5.0,2.0,0.0,1.0,5.0,1.0,1.0,0.0,1.0,2.0,1.0,0.0,0.0,2.0,1.0
Gabrb3,0.0,1.0,9.0,1.0,0.0,0.0,7.0,1.0,1.0,0.0,0.0,1.0,1.0,0.0,0.0,2.0,0.0
Gabrd,1.0,0.0,8.0,0.0,1.0,0.0,2.0,2.0,2.0,0.0,0.0,1.0,1.0,0.0,1.0,1.0,0.0
Gabrg1,1.0,0.0,6.0,0.0,0.0,1.0,4.0,0.0,0.0,0.0,0.0,1.0,0.0,0.0,2.0,1.0,1.0
Gabrg2,0.0,0.0,2.0,0.0,0.0,0.0,2.0,1.0,1.0,0.0,1.0,2.0,1.0,0.0,3.0,0.0,1.0
Gabrg3,2.0,3.0,8.0,3.0,0.0,3.0,9.0,1.0,2.0,1.0,6.0,6.0,1.0,3.0,2.0,6.0,1.0
Gabrp,1.0,2.0,5.0,16.0,6.0,6.0,5.0,2.0,6.0,0.0,9.0,2.0,5.0,1.0,4.0,5.0,5.0
Gabrq,1.0,2.0,10.0,8.0,3.0,3.0,8.0,3.0,2.0,0.0,6.0,8.0,2.0,2.0,5.0,0.0,2.0
Gabrr2,2.0,0.0,5.0,0.0,1.0,0.0,8.0,2.0,1.0,0.0,0.0,2.0,0.0,2.0,0.0,3.0,2.0
Gad1,4.0,3.0,8.0,4.0,1.0,3.0,16.0,0.0,0.0,0.0,6.0,3.0,5.0,0.0,7.0,2.0,2.0
Gad2,2.0,0.0,10.0,2.0,5.0,1.0,8.0,1.0,4.0,0.0,4.0,4.0,5.0,0.0,1.0,1.0,2.0
Gadd45a,8.0,2.0,6.0,12.0,7.0,6.0,6.0,13.0,0.0,4.0,3.0,37.0,9.0,60.0,8.0,22.0,15.0
Gak,85.0,87.0,109.0,357.0,246.0,198.0,182.0,151.0,187.0,21.0,187.0,351.0,203.0,166.0,283.0,298.0,265.0
Gal,17.0,0.0,9.0,20.0,1.0,3.0,4.0,3.0,4.0,2.0,2.0,9.0,1.0,2.0,60.0,67.0,67.0
Galc,12.0,12.0,13.0,64.0,52.0,21.0,44.0,29.0,31.0,5.0,52.0,65.0,27.0,31.0,85.0,43.0,57.0
Galnt14,0.0,5.0,8.0,18.0,4.0,12.0,3.0,10.0,4.0,0.0,7.0,5.0,4.0,4.0,3.0,0.0,5.0
Galnt15,7.0,10.0,5.0,6.0,31.0,26.0,9.0,8.0,26.0,2.0,19.0,93.0,10.0,17.0,36.0,17.0,18.0
Galnt17,4.0,0.0,9.0,32.0,26.0,10.0,8.0,29.0,12.0,0.0,22.0,123.0,6.0,85.0,20.0,40.0,48.0
Galnt18,12.0,21.0,15.0,99.0,51.0,46.0,15.0,27.0,32.0,0.0,42.0,102.0,35.0,28.0,48.0,56.0,44.0
Galntl5,0.0,0.0,8.0,0.0,0.0,0.0,3.0,1.0,1.0,0.0,0.0,1.0,0.0,0.0,0.0,0.0,0.0
Galp,1.0,1.0,3.0,0.0,0.0,1.0,7.0,2.0,1.0,0.0,0.0,1.0,5.0,0.0,2.0,0.0,2.0
Galr1,2.0,1.0,2.0,0.0,3.0,2.0,6.0,1.0,4.0,0.0,3.0,4.0,1.0,1.0,6.0,3.0,2.0
Galr2,13.0,23.0,9.0,20.0,45.0,36.0,38.0,8.0,20.0,2.0,48.0,52.0,40.0,10.0,53.0,19.0,24.0
Gap43,1.0,4.0,13.0,17.0,2.0,1.0,19.0,3.0,3.0,7.0,6.0,36.0,14.0,6.0,7.0,17.0,20.0
Gar1,32.0,21.0,22.0,120.0,59.0,65.0,43.0,62.0,50.0,1.0,42.0,97.0,77.0,76.0,56.0,85.0,87.0
Garem1,10.0,10.0,13.0,71.0,23.0,33.0,25.0,46.0,26.0,2.0,17.0,45.0,30.0,30.0,23.0,28.0,29.0
Gars,188.0,146.0,123.0,516.0,424.0,273.0,303.0,307.0,248.0,11.0,280.0,640.0,449.0,323.0,502.0,527.0,436.0
Gart,130.0,167.0,94.0,467.0,237.0,267.0,207.0,230.0,182.0,8.0,203.0,459.0,375.0,262.0,297.0,275.0,279.0
Gas1,126.0,223.0,116.0,1787.0,490.0,590.0,337.0,390.0,358.0,9.0,309.0,1812.0,547.0,595.0,754.0,1155.0,1368.0
Gas6,15.0,28.0,13.0,110.0,188.0,166.0,22.0,49.0,163.0,0.0,163.0,263.0,28.0,125.0,209.0,170.0,115.0
Gast,0.0,0.0,6.0,3.0,4.0,1.0,3.0,1.0,1.0,1.0,1.0,3.0,0.0,0.0,3.0,2.0,1.0
Gata1,0.0,1.0,3.0,1.0,1.0,3.0,2.0,1.0,0.0,0.0,1.0,1.0,3.0,3.0,1.0,2.0,1.0
Gata2,3.0,6.0,13.0,24.0,10.0,8.0,10.0,15.0,10.0,0.0,9.0,30.0,9.0,8.0,25.0,22.0,21.0
Gata3,114.0,148.0,56.0,544.0,270.0,803.0,182.0,331.0,646.0,1.0,382.0,444.0,282.0,284.0,414.0,345.0,299.0
Gata4,0.0,1.0,8.0,1.0,2.0,0.0,2.0,1.0,0.0,1.0,0.0,0.0,0.0,0.0,1.0,2.0,1.0
Gata5,2.0,0.0,7.0,4.0,1.0,6.0,5.0,0.0,0.0,0.0,2.0,3.0,1.0,0.0,3.0,3.0,1.0
Gata6,0.0,7.0,2.0,8.0,6.0,1.0,6.0,3.0,5.0,0.0,3.0,13.0,2.0,4.0,4.0,10.0,8.0
Gatad2b,39.0,48.0,42.0,237.0,120.0,171.0,93.0,140.0,102.0,5.0,127.0,252.0,108.0,104.0,162.0,181.0,151.0
Gatd3a,49.0,54.0,41.0,263.0,140.0,121.0,59.0,115.0,93.0,6.0,90.0,273.0,113.0,156.0,142.0,143.0,135.0
Gba,15.0,9.0,22.0,98.0,46.0,34.0,34.0,52.0,31.0,4.0,22.0,98.0,40.0,53.0,64.0,82.0,77.0
Gba2,50.0,30.0,20.0,133.0,136.0,71.0,56.0,64.0,125.0,2.0,33.0,251.0,91.0,44.0,241.0,127.0,95.0
Gbf1,75.0,86.0,83.0,319.0,230.0,209.0,140.0,135.0,207.0,5.0,192.0,427.0,209.0,204.0,302.0,298.0,277.0
Gbp2,98.0,47.0,125.0,84.0,155.0,56.0,231.0,179.0,218.0,13.0,146.0,272.0,105.0,84.0,170.0,102.0,75.0
Gbp2b,26.0,0.0,5.0,3.0,4.0,2.0,2.0,2.0,3.0,0.0,2.0,5.0,0.0,0.0,2.0,1.0,1.0
Gbp3,24.0,13.0,22.0,27.0,22.0,9.0,46.0,40.0,35.0,2.0,17.0,69.0,24.0,17.0,55.0,37.0,21.0
Gbx1,1.0,0.0,5.0,2.0,1.0,2.0,8.0,4.0,2.0,0.0,1.0,1.0,1.0,2.0,3.0,1.0,1.0
Gbx2,1.0,0.0,2.0,1.0,1.0,1.0,1.0,1.0,1.0,1.0,7.0,2.0,0.0,2.0,2.0,4.0,1.0
Gcat,6.0,4.0,5.0,26.0,9.0,15.0,4.0,15.0,8.0,0.0,6.0,17.0,9.0,13.0,2.0,9.0,15.0
Gcg,1.0,3.0,2.0,0.0,0.0,1.0,6.0,3.0,0.0,0.0,1.0,0.0,0.0,0.0,1.0,0.0,0.0
Gcgr,1.0,1.0,2.0,0.0,0.0,2.0,2.0,0.0,0.0,0.0,2.0,0.0,0.0,0.0,1.0,2.0,2.0
Gch1,9.0,8.0,7.0,8.0,2.0,7.0,17.0,22.0,10.0,3.0,4.0,13.0,7.0,8.0,11.0,17.0,11.0
Gck,1.0,1.0,4.0,1.0,3.0,4.0,3.0,1.0,8.0,0.0,2.0,18.0,0.0,2.0,2.0,3.0,2.0
Gckr,0.0,0.0,3.0,1.0,0.0,1.0,5.0,0.0,0.0,0.0,0.0,1.0,0.0,0.0,2.0,0.0,1.0
Gcm1,1.0,0.0,4.0,0.0,1.0,2.0,2.0,1.0,1.0,0.0,2.0,2.0,1.0,2.0,3.0,0.0,5.0
Gcm2,1.0,0.0,2.0,0.0,1.0,1.0,6.0,0.0,0.0,0.0,1.0,1.0,0.0,0.0,0.0,1.0,0.0
Gcnt3,19.0,14.0,5.0,18.0,31.0,24.0,21.0,6.0,11.0,1.0,30.0,45.0,34.0,11.0,39.0,16.0,29.0
Gcnt4,6.0,6.0,12.0,6.0,15.0,14.0,15.0,5.0,16.0,0.0,17.0,39.0,12.0,9.0,23.0,13.0,12.0
Gdap1,1.0,0.0,9.0,2.0,2.0,1.0,2.0,0.0,1.0,0.0,1.0,4.0,0.0,1.0,2.0,0.0,0.0
Gdf1,1.0,0.0,0.0,2.0,2.0,2.0,1.0,3.0,0.0,0.0,1.0,4.0,2.0,2.0,0.0,2.0,4.0
Gdf10,20.0,8.0,15.0,55.0,111.0,87.0,20.0,31.0,39.0,1.0,101.0,257.0,5.0,5.0,195.0,57.0,44.0
Gdf11,2.0,4.0,8.0,22.0,15.0,9.0,11.0,5.0,3.0,3.0,13.0,34.0,10.0,9.0,20.0,25.0,28.0
Gdf15,1.0,0.0,1.0,1.0,3.0,0.0,3.0,0.0,1.0,0.0,0.0,3.0,0.0,0.0,0.0,0.0,1.0
Gdf2,0.0,2.0,5.0,0.0,0.0,0.0,5.0,0.0,2.0,0.0,1.0,2.0,1.0,0.0,0.0,0.0,0.0
Gdf5,1.0,0.0,7.0,0.0,0.0,2.0,4.0,2.0,0.0,0.0,3.0,4.0,0.0,20.0,2.0,6.0,3.0
Gdf7,0.0,3.0,1.0,1.0,2.0,4.0,4.0,2.0,3.0,0.0,2.0,3.0,0.0,1.0,0.0,1.0,0.0
Gdf9,2.0,1.0,0.0,0.0,0.0,1.0,1.0,0.0,0.0,0.0,0.0,2.0,0.0,0.0,2.0,1.0,0.0
Gdnf,17.0,11.0,28.0,119.0,22.0,29.0,38.0,51.0,35.0,8.0,8.0,119.0,53.0,104.0,33.0,96.0,96.0
Gdpd1,18.0,8.0,10.0,33.0,29.0,16.0,9.0,14.0,16.0,1.0,14.0,54.0,17.0,8.0,51.0,27.0,22.0
Gdpd2,5.0,5.0,5.0,24.0,11.0,21.0,10.0,5.0,38.0,0.0,5.0,31.0,12.0,18.0,21.0,30.0,23.0
Gem,14.0,17.0,20.0,60.0,30.0,42.0,36.0,37.0,49.0,2.0,19.0,80.0,19.0,44.0,38.0,45.0,46.0
Gen1,4.0,1.0,6.0,23.0,9.0,10.0,8.0,8.0,6.0,0.0,8.0,20.0,7.0,10.0,14.0,15.0,18.0
Gfap,2.0,1.0,5.0,2.0,2.0,2.0,8.0,2.0,3.0,0.0,3.0,5.0,2.0,1.0,4.0,4.0,0.0
Gfi1,0.0,2.0,6.0,2.0,2.0,0.0,7.0,2.0,1.0,1.0,0.0,3.0,1.0,2.0,2.0,1.0,1.0
Gfi1b,1.0,1.0,2.0,1.0,0.0,1.0,5.0,0.0,0.0,0.0,5.0,3.0,3.0,0.0,5.0,2.0,3.0
Gfpt1,21.0,7.0,23.0,109.0,38.0,29.0,43.0,53.0,43.0,9.0,34.0,90.0,44.0,56.0,94.0,115.0,107.0
Gfpt2,10.0,8.0,46.0,69.0,29.0,6.0,50.0,47.0,22.0,6.0,40.0,97.0,19.0,34.0,41.0,248.0,55.0
Gfra1,37.0,41.0,32.0,96.0,29.0,38.0,50.0,67.0,23.0,4.0,40.0,147.0,90.0,138.0,58.0,105.0,101.0
Gfra2,9.0,9.0,11.0,108.0,52.0,44.0,15.0,36.0,63.0,3.0,84.0,106.0,25.0,40.0,60.0,59.0,55.0
Gfra3,2.0,1.0,4.0,0.0,0.0,5.0,9.0,4.0,4.0,1.0,3.0,10.0,1.0,2.0,1.0,4.0,1.0
Ggnbp1,7.0,3.0,7.0,15.0,8.0,10.0,4.0,7.0,8.0,1.0,6.0,13.0,6.0,9.0,8.0,9.0,6.0
Ggnbp2,56.0,88.0,110.0,364.0,236.0,219.0,160.0,217.0,172.0,19.0,145.0,418.0,211.0,226.0,260.0,338.0,273.0
Ggps1,5.0,6.0,12.0,42.0,12.0,27.0,23.0,29.0,26.0,0.0,16.0,26.0,19.0,17.0,24.0,23.0,23.0
Gh,2.0,1.0,2.0,2.0,4.0,2.0,6.0,2.0,0.0,0.0,0.0,6.0,1.0,1.0,1.0,3.0,4.0
Ghr,24.0,32.0,38.0,109.0,244.0,166.0,65.0,80.0,136.0,2.0,109.0,174.0,73.0,80.0,174.0,106.0,68.0
Ghrh,1.0,4.0,6.0,1.0,3.0,2.0,7.0,1.0,6.0,1.0,3.0,6.0,5.0,3.0,3.0,3.0,1.0
Ghrhr,0.0,1.0,0.0,0.0,1.0,1.0,0.0,1.0,0.0,0.0,2.0,2.0,1.0,0.0,2.0,1.0,1.0
Ghrl,1.0,1.0,4.0,1.0,0.0,2.0,2.0,1.0,1.0,0.0,0.0,2.0,1.0,3.0,3.0,2.0,4.0
Ghsr,0.0,1.0,5.0,0.0,0.0,1.0,3.0,2.0,2.0,0.0,0.0,0.0,1.0,0.0,0.0,2.0,2.0
Gigyf2,42.0,46.0,55.0,201.0,129.0,155.0,89.0,109.0,99.0,9.0,97.0,250.0,112.0,100.0,164.0,184.0,161.0
Gimap4,19.0,5.0,12.0,66.0,46.0,15.0,23.0,20.0,34.0,5.0,45.0,125.0,7.0,16.0,98.0,93.0,102.0
Gip,0.0,2.0,6.0,2.0,2.0,5.0,3.0,2.0,2.0,1.0,2.0,3.0,2.0,1.0,2.0,1.0,3.0
Gipc1,146.0,102.0,111.0,594.0,374.0,243.0,181.0,332.0,211.0,12.0,178.0,586.0,388.0,289.0,419.0,391.0,310.0
Gipr,8.0,5.0,13.0,14.0,2.0,0.0,12.0,10.0,0.0,11.0,2.0,6.0,4.0,1.0,9.0,8.0,5.0
Gja1,618.0,730.0,510.0,2558.0,1580.0,1837.0,1063.0,1326.0,963.0,81.0,1335.0,2197.0,1587.0,1028.0,1203.0,1626.0,1401.0
Gja3,0.0,0.0,1.0,3.0,0.0,1.0,3.0,0.0,1.0,0.0,5.0,0.0,0.0,0.0,0.0,0.0,0.0
Gja4,6.0,3.0,14.0,31.0,16.0,10.0,8.0,17.0,7.0,0.0,17.0,94.0,4.0,14.0,34.0,31.0,24.0
Gja5,0.0,0.0,19.0,23.0,10.0,7.0,7.0,14.0,5.0,0.0,13.0,134.0,4.0,13.0,23.0,11.0,43.0
Gja8,0.0,0.0,5.0,1.0,1.0,1.0,3.0,0.0,0.0,0.0,2.0,2.0,0.0,0.0,0.0,0.0,3.0
Gjb1,7.0,2.0,3.0,12.0,8.0,7.0,5.0,1.0,0.0,0.0,1.0,26.0,8.0,0.0,9.0,3.0,13.0
Gjb2,69.0,117.0,149.0,472.0,561.0,69.0,327.0,312.0,52.0,5.0,71.0,699.0,691.0,262.0,339.0,251.0,272.0
Gjb6,151.0,107.0,104.0,238.0,853.0,46.0,187.0,101.0,48.0,27.0,17.0,782.0,471.0,123.0,590.0,268.0,234.0
Gjc1,15.0,5.0,15.0,44.0,52.0,34.0,14.0,21.0,19.0,1.0,50.0,78.0,34.0,24.0,68.0,62.0,71.0
Gjd2,0.0,1.0,4.0,0.0,0.0,1.0,3.0,2.0,1.0,0.0,0.0,0.0,0.0,0.0,0.0,1.0,0.0
Gk,48.0,83.0,97.0,113.0,95.0,66.0,125.0,96.0,56.0,6.0,31.0,245.0,247.0,134.0,132.0,118.0,96.0
Gkn2,1.0,2.0,0.0,0.0,0.0,2.0,2.0,1.0,0.0,0.0,3.0,2.0,1.0,0.0,1.0,1.0,0.0
Gla,46.0,19.0,96.0,87.0,44.0,28.0,101.0,126.0,65.0,22.0,46.0,89.0,63.0,43.0,88.0,140.0,75.0
Glb1,12.0,21.0,29.0,116.0,87.0,73.0,43.0,46.0,66.0,5.0,89.0,140.0,52.0,42.0,145.0,102.0,93.0
Gldc,1.0,4.0,7.0,14.0,16.0,15.0,15.0,5.0,18.0,0.0,14.0,18.0,11.0,3.0,9.0,13.0,14.0
Gldn,12.0,33.0,20.0,96.0,22.0,97.0,60.0,27.0,49.0,21.0,26.0,98.0,72.0,68.0,36.0,33.0,28.0
Glg1,19.0,23.0,45.0,188.0,71.0,79.0,58.0,101.0,61.0,6.0,56.0,217.0,70.0,98.0,128.0,205.0,154.0
Gli1,1.0,0.0,7.0,37.0,5.0,22.0,3.0,26.0,3.0,1.0,19.0,13.0,4.0,1.0,6.0,6.0,11.0
Gli2,4.0,10.0,3.0,32.0,11.0,37.0,4.0,30.0,14.0,1.0,25.0,35.0,9.0,15.0,11.0,10.0,8.0
Gli3,2.0,12.0,14.0,64.0,19.0,40.0,14.0,31.0,23.0,1.0,41.0,52.0,14.0,20.0,31.0,42.0,33.0
Glis3,13.0,20.0,35.0,59.0,36.0,13.0,41.0,37.0,34.0,7.0,31.0,60.0,40.0,29.0,43.0,87.0,64.0
Glmp,51.0,31.0,42.0,112.0,116.0,88.0,69.0,63.0,63.0,11.0,56.0,159.0,64.0,69.0,135.0,149.0,102.0
Glo1,26.0,33.0,39.0,103.0,65.0,65.0,86.0,53.0,58.0,0.0,28.0,135.0,80.0,66.0,63.0,80.0,54.0
Glp1r,1.0,2.0,5.0,1.0,0.0,0.0,5.0,0.0,0.0,0.0,0.0,1.0,1.0,0.0,0.0,1.0,1.0
Glra1,73.0,79.0,53.0,106.0,221.0,128.0,130.0,46.0,90.0,3.0,150.0,257.0,167.0,77.0,275.0,76.0,115.0
Glra2,1.0,0.0,3.0,2.0,2.0,0.0,3.0,2.0,4.0,0.0,2.0,0.0,1.0,1.0,2.0,3.0,0.0
Glra3,3.0,1.0,4.0,1.0,3.0,3.0,5.0,2.0,1.0,0.0,2.0,0.0,2.0,0.0,5.0,3.0,3.0
Glud1,88.0,109.0,134.0,420.0,297.0,238.0,255.0,199.0,271.0,17.0,235.0,558.0,276.0,206.0,447.0,438.0,388.0
Glyat,1.0,0.0,6.0,3.0,5.0,1.0,7.0,2.0,3.0,0.0,3.0,8.0,1.0,0.0,4.0,8.0,1.0
Gm2a,36.0,17.0,79.0,206.0,120.0,61.0,131.0,128.0,151.0,14.0,89.0,252.0,79.0,103.0,260.0,211.0,123.0
Gmds,15.0,7.0,12.0,35.0,18.0,15.0,31.0,24.0,24.0,0.0,35.0,68.0,51.0,43.0,41.0,57.0,39.0
Gmfb,23.0,25.0,46.0,99.0,63.0,61.0,74.0,57.0,75.0,5.0,38.0,124.0,74.0,71.0,71.0,96.0,85.0
Gmnc,3.0,4.0,1.0,2.0,0.0,7.0,5.0,4.0,1.0,0.0,4.0,4.0,1.0,3.0,5.0,3.0,5.0
Gmnn,7.0,6.0,7.0,48.0,13.0,21.0,9.0,34.0,3.0,0.0,11.0,38.0,22.0,12.0,17.0,30.0,32.0
Gna11,13.0,6.0,4.0,33.0,12.0,10.0,4.0,19.0,12.0,0.0,14.0,53.0,10.0,23.0,11.0,26.0,20.0
Gna12,15.0,8.0,16.0,128.0,61.0,74.0,32.0,58.0,43.0,1.0,65.0,119.0,45.0,38.0,113.0,109.0,95.0
Gna13,29.0,17.0,48.0,117.0,44.0,54.0,46.0,79.0,44.0,6.0,28.0,100.0,40.0,48.0,79.0,77.0,58.0
Gna14,17.0,20.0,10.0,23.0,40.0,73.0,34.0,18.0,39.0,2.0,36.0,61.0,20.0,20.0,41.0,30.0,30.0
Gnai1,103.0,134.0,84.0,273.0,223.0,210.0,176.0,89.0,212.0,7.0,54.0,316.0,299.0,252.0,174.0,250.0,216.0
Gnai2,342.0,266.0,472.0,3298.0,1260.0,939.0,695.0,1411.0,876.0,125.0,876.0,2912.0,793.0,1221.0,2228.0,2856.0,2241.0
Gnai3,237.0,278.0,206.0,619.0,631.0,437.0,499.0,359.0,473.0,24.0,300.0,865.0,657.0,341.0,670.0,598.0,472.0
Gnal,0.0,0.0,17.0,6.0,6.0,8.0,8.0,4.0,3.0,0.0,3.0,8.0,12.0,3.0,5.0,6.0,4.0
Gnao1,8.0,4.0,10.0,44.0,20.0,24.0,21.0,31.0,19.0,2.0,17.0,79.0,19.0,18.0,29.0,42.0,28.0
Gnaq,4.0,13.0,15.0,94.0,41.0,41.0,28.0,53.0,37.0,4.0,27.0,145.0,34.0,47.0,66.0,73.0,61.0
Gnat1,0.0,1.0,3.0,1.0,0.0,0.0,1.0,0.0,0.0,0.0,1.0,1.0,0.0,0.0,2.0,0.0,2.0
Gnat2,0.0,1.0,0.0,1.0,1.0,1.0,6.0,1.0,0.0,0.0,1.0,0.0,0.0,0.0,0.0,1.0,1.0
Gnat3,1.0,1.0,7.0,0.0,1.0,0.0,5.0,1.0,1.0,0.0,0.0,0.0,1.0,0.0,0.0,1.0,0.0
Gnaz,1.0,0.0,2.0,0.0,0.0,0.0,1.0,0.0,1.0,0.0,3.0,1.0,0.0,0.0,2.0,0.0,2.0
Gnb1,10.0,8.0,29.0,111.0,43.0,45.0,27.0,73.0,34.0,1.0,20.0,115.0,43.0,57.0,52.0,70.0,65.0
Gnb3,6.0,3.0,4.0,5.0,12.0,12.0,7.0,3.0,4.0,0.0,8.0,16.0,9.0,1.0,18.0,8.0,2.0
Gnrh1,4.0,1.0,8.0,6.0,10.0,7.0,9.0,15.0,6.0,3.0,12.0,10.0,2.0,8.0,12.0,18.0,5.0
Gnrhr,0.0,3.0,3.0,0.0,3.0,1.0,5.0,1.0,1.0,0.0,2.0,2.0,2.0,3.0,1.0,3.0,1.0
Golga2,123.0,118.0,119.0,400.0,345.0,254.0,211.0,160.0,202.0,14.0,199.0,460.0,279.0,205.0,376.0,369.0,306.0
Golga3,82.0,65.0,75.0,285.0,190.0,127.0,144.0,150.0,132.0,17.0,137.0,310.0,170.0,166.0,220.0,264.0,247.0
Golga5,41.0,46.0,39.0,163.0,95.0,95.0,85.0,79.0,75.0,4.0,60.0,173.0,109.0,86.0,151.0,110.0,125.0
Gopc,50.0,53.0,45.0,157.0,100.0,100.0,90.0,92.0,99.0,7.0,87.0,187.0,116.0,123.0,139.0,169.0,126.0
Gorasp1,7.0,10.0,10.0,54.0,22.0,39.0,9.0,26.0,30.0,1.0,19.0,43.0,19.0,13.0,36.0,39.0,40.0
Gosr1,33.0,39.0,61.0,143.0,85.0,81.0,69.0,77.0,79.0,5.0,66.0,172.0,74.0,106.0,94.0,125.0,98.0
Got2,54.0,45.0,43.0,176.0,81.0,77.0,62.0,104.0,71.0,4.0,54.0,237.0,116.0,99.0,81.0,126.0,108.0
Gpa33,10.0,13.0,19.0,18.0,31.0,24.0,18.0,9.0,19.0,3.0,32.0,55.0,38.0,21.0,32.0,11.0,29.0
Gpam,105.0,146.0,55.0,310.0,311.0,343.0,106.0,193.0,293.0,2.0,295.0,583.0,179.0,272.0,371.0,513.0,511.0
Gpat2,1.0,2.0,5.0,2.0,1.0,1.0,6.0,0.0,4.0,0.0,6.0,8.0,2.0,1.0,3.0,3.0,3.0
Gpbar1,1.0,0.0,3.0,1.0,3.0,2.0,4.0,1.0,0.0,0.0,3.0,2.0,0.0,0.0,0.0,2.0,0.0
Gpc3,17.0,8.0,7.0,82.0,60.0,52.0,21.0,46.0,12.0,2.0,66.0,93.0,17.0,35.0,77.0,58.0,44.0
Gpc4,40.0,57.0,45.0,362.0,141.0,185.0,82.0,214.0,105.0,7.0,156.0,460.0,122.0,236.0,190.0,222.0,234.0
Gpc6,6.0,9.0,11.0,94.0,24.0,41.0,15.0,22.0,18.0,0.0,28.0,55.0,23.0,39.0,46.0,43.0,41.0
Gpd1,5.0,6.0,8.0,10.0,31.0,23.0,7.0,13.0,11.0,0.0,13.0,32.0,7.0,16.0,16.0,19.0,16.0
Gper1,1.0,0.0,8.0,9.0,1.0,4.0,6.0,2.0,3.0,1.0,2.0,14.0,0.0,3.0,4.0,6.0,4.0
Gphn,39.0,54.0,22.0,91.0,92.0,77.0,46.0,53.0,62.0,2.0,50.0,127.0,95.0,65.0,96.0,86.0,85.0
Gpi1,67.0,31.0,56.0,232.0,97.0,52.0,88.0,122.0,68.0,16.0,38.0,294.0,91.0,124.0,128.0,253.0,160.0
Gpm6a,0.0,2.0,2.0,5.0,0.0,2.0,1.0,1.0,3.0,0.0,0.0,3.0,0.0,2.0,6.0,2.0,1.0
Gpnmb,39.0,33.0,68.0,391.0,79.0,163.0,125.0,167.0,240.0,27.0,152.0,338.0,39.0,76.0,433.0,299.0,139.0
Gpr101,0.0,0.0,7.0,1.0,0.0,0.0,0.0,1.0,1.0,0.0,0.0,1.0,0.0,1.0,0.0,2.0,0.0
Gpr107,45.0,41.0,45.0,217.0,126.0,97.0,81.0,90.0,102.0,8.0,63.0,234.0,108.0,116.0,154.0,148.0,171.0
Gpr139,1.0,0.0,4.0,0.0,0.0,1.0,5.0,3.0,1.0,0.0,5.0,2.0,1.0,1.0,0.0,1.0,2.0
Gpr141b,1.0,1.0,1.0,2.0,4.0,0.0,6.0,2.0,10.0,0.0,0.0,5.0,2.0,0.0,6.0,4.0,2.0
Gpr143,1.0,0.0,6.0,4.0,0.0,0.0,2.0,0.0,0.0,0.0,3.0,0.0,0.0,0.0,1.0,2.0,1.0
Gpr149,0.0,0.0,7.0,1.0,3.0,0.0,2.0,1.0,1.0,0.0,0.0,0.0,0.0,0.0,0.0,1.0,0.0
Gpr17,1.0,3.0,8.0,1.0,2.0,2.0,8.0,2.0,2.0,0.0,1.0,3.0,1.0,2.0,3.0,3.0,1.0
Gpr183,15.0,12.0,30.0,42.0,48.0,26.0,24.0,21.0,19.0,0.0,32.0,55.0,43.0,23.0,53.0,38.0,53.0
Gpr20,2.0,1.0,7.0,1.0,0.0,1.0,6.0,1.0,1.0,0.0,3.0,6.0,1.0,0.0,1.0,2.0,4.0
Gpr22,3.0,5.0,7.0,1.0,6.0,3.0,11.0,2.0,1.0,1.0,2.0,4.0,2.0,2.0,4.0,0.0,2.0
Gpr26,0.0,0.0,3.0,1.0,1.0,0.0,3.0,0.0,0.0,0.0,1.0,1.0,1.0,0.0,0.0,2.0,0.0
Gpr35,39.0,23.0,40.0,37.0,20.0,3.0,36.0,60.0,29.0,8.0,9.0,53.0,45.0,32.0,41.0,61.0,36.0
Gpr37l1,0.0,1.0,3.0,2.0,1.0,1.0,6.0,4.0,2.0,1.0,2.0,9.0,1.0,2.0,2.0,0.0,2.0
Gpr39,5.0,1.0,4.0,2.0,6.0,0.0,7.0,9.0,2.0,0.0,6.0,12.0,7.0,9.0,10.0,13.0,11.0
Gpr4,1.0,0.0,18.0,11.0,5.0,2.0,4.0,5.0,0.0,2.0,7.0,6.0,9.0,3.0,8.0,6.0,13.0
Gpr50,0.0,0.0,3.0,1.0,0.0,0.0,4.0,0.0,0.0,0.0,1.0,0.0,0.0,1.0,0.0,1.0,0.0
Gpr6,1.0,0.0,4.0,0.0,0.0,0.0,2.0,3.0,0.0,0.0,1.0,3.0,1.0,0.0,1.0,3.0,0.0
Gpr65,5.0,1.0,11.0,29.0,14.0,4.0,19.0,29.0,17.0,0.0,30.0,26.0,15.0,19.0,75.0,43.0,27.0
Gpr83,2.0,0.0,2.0,2.0,1.0,1.0,5.0,0.0,0.0,0.0,0.0,1.0,1.0,0.0,1.0,0.0,2.0
Gpr84,1.0,2.0,6.0,1.0,2.0,0.0,1.0,1.0,0.0,0.0,1.0,0.0,1.0,1.0,2.0,3.0,3.0
Gpr88,0.0,0.0,5.0,0.0,1.0,0.0,1.0,2.0,1.0,0.0,1.0,2.0,0.0,2.0,2.0,1.0,4.0
Gprc5b,52.0,10.0,19.0,97.0,62.0,36.0,32.0,72.0,45.0,5.0,82.0,153.0,24.0,51.0,72.0,131.0,98.0
Gprc6a,3.0,2.0,5.0,0.0,1.0,0.0,8.0,4.0,0.0,0.0,1.0,1.0,1.0,0.0,0.0,1.0,0.0
Gps1,14.0,23.0,28.0,107.0,54.0,67.0,46.0,54.0,45.0,4.0,35.0,101.0,64.0,55.0,69.0,85.0,74.0
Gpsm1,23.0,3.0,22.0,80.0,31.0,41.0,13.0,30.0,42.0,8.0,20.0,71.0,35.0,28.0,58.0,76.0,47.0
Gpsm2,21.0,25.0,24.0,216.0,44.0,118.0,54.0,127.0,81.0,3.0,43.0,167.0,87.0,76.0,71.0,119.0,75.0
Gpt2,37.0,39.0,22.0,115.0,112.0,95.0,43.0,36.0,92.0,2.0,36.0,158.0,68.0,54.0,119.0,86.0,100.0
Gpx2,2.0,1.0,14.0,2.0,2.0,3.0,11.0,2.0,1.0,0.0,0.0,2.0,4.0,3.0,1.0,3.0,0.0
Gpx5,0.0,1.0,2.0,0.0,1.0,0.0,2.0,1.0,0.0,0.0,0.0,2.0,0.0,0.0,0.0,0.0,1.0
Gramd1a,33.0,33.0,54.0,158.0,102.0,92.0,64.0,103.0,69.0,14.0,100.0,216.0,75.0,91.0,137.0,161.0,161.0
Gramd1b,22.0,10.0,28.0,85.0,59.0,32.0,48.0,54.0,49.0,17.0,45.0,114.0,26.0,37.0,87.0,74.0,76.0
Grb10,82.0,16.0,34.0,251.0,121.0,85.0,53.0,86.0,56.0,4.0,162.0,306.0,62.0,104.0,512.0,311.0,323.0
Grb2,143.0,107.0,135.0,350.0,304.0,232.0,225.0,206.0,247.0,24.0,254.0,433.0,241.0,209.0,468.0,334.0,303.0
Grb7,16.0,11.0,11.0,48.0,24.0,41.0,14.0,27.0,15.0,1.0,21.0,49.0,24.0,13.0,43.0,20.0,16.0
Greb1,0.0,0.0,10.0,3.0,10.0,3.0,7.0,2.0,7.0,0.0,3.0,10.0,2.0,1.0,4.0,5.0,6.0
Grem1,3.0,35.0,30.0,67.0,7.0,15.0,60.0,27.0,9.0,4.0,2.0,71.0,57.0,31.0,15.0,65.0,57.0
Grhl2,45.0,56.0,42.0,263.0,116.0,169.0,95.0,127.0,95.0,1.0,114.0,205.0,159.0,131.0,102.0,132.0,101.0
Grhl3,270.0,180.0,226.0,564.0,543.0,222.0,408.0,259.0,465.0,9.0,97.0,1155.0,527.0,194.0,594.0,477.0,397.0
Gria1,1.0,1.0,2.0,4.0,1.0,1.0,2.0,3.0,1.0,0.0,0.0,0.0,2.0,0.0,0.0,3.0,0.0
Gria2,1.0,1.0,3.0,6.0,5.0,5.0,5.0,6.0,2.0,0.0,2.0,4.0,2.0,1.0,2.0,5.0,4.0
Gria3,5.0,3.0,6.0,85.0,33.0,32.0,11.0,13.0,17.0,1.0,55.0,63.0,14.0,19.0,41.0,52.0,60.0
Gria4,3.0,0.0,7.0,6.0,8.0,7.0,12.0,3.0,6.0,0.0,3.0,8.0,6.0,3.0,12.0,4.0,3.0
Grid1,0.0,0.0,3.0,5.0,2.0,0.0,7.0,1.0,2.0,0.0,0.0,1.0,1.0,0.0,3.0,3.0,3.0
Grid2,0.0,0.0,3.0,1.0,1.0,2.0,1.0,0.0,1.0,0.0,4.0,5.0,3.0,0.0,2.0,1.0,2.0
Grifin,4.0,2.0,1.0,3.0,3.0,1.0,9.0,5.0,0.0,1.0,3.0,1.0,6.0,1.0,0.0,1.0,6.0
Grik1,9.0,25.0,17.0,6.0,30.0,31.0,16.0,11.0,23.0,1.0,20.0,26.0,39.0,13.0,19.0,7.0,14.0
Grik2,3.0,2.0,6.0,5.0,3.0,1.0,9.0,0.0,1.0,4.0,1.0,3.0,7.0,4.0,5.0,3.0,4.0
Grik3,6.0,2.0,9.0,10.0,3.0,6.0,9.0,10.0,3.0,1.0,10.0,12.0,9.0,8.0,3.0,15.0,6.0
Grik4,5.0,4.0,13.0,9.0,4.0,12.0,12.0,7.0,7.0,0.0,5.0,16.0,10.0,3.0,7.0,7.0,9.0
Grin1,2.0,2.0,7.0,4.0,4.0,2.0,3.0,1.0,2.0,0.0,2.0,2.0,1.0,1.0,5.0,3.0,3.0
Grin2a,2.0,0.0,13.0,1.0,2.0,2.0,9.0,1.0,2.0,0.0,5.0,3.0,1.0,0.0,2.0,1.0,0.0
Grin2b,1.0,1.0,4.0,2.0,0.0,3.0,6.0,3.0,1.0,0.0,2.0,3.0,0.0,0.0,1.0,0.0,0.0
Grin2c,1.0,0.0,4.0,1.0,0.0,2.0,2.0,0.0,1.0,0.0,1.0,0.0,0.0,0.0,0.0,0.0,0.0
Grin2d,3.0,2.0,7.0,17.0,9.0,13.0,7.0,9.0,11.0,0.0,8.0,20.0,3.0,6.0,19.0,31.0,23.0
Grk2,116.0,120.0,184.0,506.0,331.0,265.0,252.0,274.0,381.0,28.0,217.0,581.0,286.0,311.0,451.0,460.0,388.0
Grk3,19.0,14.0,26.0,135.0,66.0,74.0,34.0,39.0,83.0,0.0,35.0,77.0,46.0,33.0,101.0,86.0,81.0
Grk5,13.0,14.0,14.0,47.0,22.0,17.0,19.0,21.0,10.0,0.0,23.0,54.0,29.0,16.0,37.0,50.0,38.0
Grm1,3.0,3.0,4.0,2.0,6.0,1.0,5.0,1.0,1.0,0.0,9.0,6.0,3.0,0.0,5.0,3.0,1.0
Grm2,2.0,2.0,3.0,2.0,3.0,4.0,3.0,1.0,4.0,2.0,2.0,8.0,3.0,3.0,6.0,2.0,5.0
Grm3,2.0,0.0,6.0,0.0,0.0,0.0,5.0,3.0,1.0,0.0,0.0,0.0,0.0,0.0,0.0,0.0,1.0
Grm4,0.0,1.0,2.0,4.0,2.0,4.0,6.0,2.0,4.0,1.0,0.0,1.0,0.0,1.0,2.0,4.0,3.0
Grm6,0.0,1.0,3.0,4.0,1.0,3.0,7.0,1.0,3.0,0.0,3.0,4.0,6.0,2.0,2.0,4.0,7.0
Grm8,1.0,1.0,8.0,2.0,1.0,4.0,7.0,0.0,1.0,1.0,1.0,7.0,2.0,0.0,0.0,6.0,1.0
Grn,797.0,422.0,1412.0,2465.0,2503.0,1249.0,2303.0,1425.0,1975.0,239.0,2175.0,3876.0,1258.0,1036.0,4063.0,3092.0,2227.0
Grp,1.0,0.0,7.0,1.0,1.0,1.0,4.0,0.0,0.0,0.0,0.0,0.0,1.0,0.0,1.0,0.0,1.0
Grpel1,18.0,9.0,17.0,26.0,25.0,27.0,35.0,27.0,27.0,3.0,15.0,68.0,26.0,47.0,34.0,30.0,28.0
Grpr,2.0,4.0,2.0,1.0,2.0,4.0,7.0,2.0,0.0,1.0,0.0,7.0,0.0,1.0,1.0,4.0,4.0
Grxcr1,2.0,2.0,5.0,0.0,3.0,0.0,5.0,3.0,2.0,0.0,1.0,2.0,1.0,0.0,4.0,3.0,2.0
Grxcr2,3.0,1.0,6.0,4.0,2.0,5.0,10.0,1.0,1.0,0.0,3.0,3.0,1.0,0.0,2.0,3.0,4.0
Gsc,0.0,0.0,3.0,0.0,2.0,1.0,0.0,1.0,0.0,0.0,1.0,1.0,0.0,0.0,0.0,2.0,1.0
Gsc2,12.0,15.0,6.0,7.0,26.0,25.0,19.0,6.0,16.0,3.0,15.0,26.0,24.0,14.0,29.0,13.0,12.0
Gsdma3,7.0,10.0,4.0,21.0,14.0,9.0,17.0,23.0,11.0,0.0,5.0,18.0,15.0,7.0,19.0,4.0,12.0
Gsdmd,143.0,77.0,192.0,409.0,253.0,127.0,269.0,246.0,282.0,37.0,260.0,450.0,187.0,192.0,513.0,428.0,333.0
Gsdme,11.0,3.0,13.0,36.0,15.0,9.0,12.0,19.0,12.0,10.0,11.0,21.0,18.0,21.0,15.0,36.0,29.0
Gsk3a,82.0,105.0,107.0,442.0,188.0,250.0,187.0,257.0,179.0,13.0,113.0,470.0,266.0,222.0,242.0,311.0,278.0
Gsk3b,24.0,26.0,25.0,114.0,53.0,58.0,48.0,52.0,46.0,2.0,44.0,114.0,42.0,56.0,76.0,90.0,62.0
Gsta1,29.0,10.0,22.0,30.0,66.0,7.0,23.0,27.0,25.0,2.0,3.0,112.0,34.0,14.0,27.0,57.0,37.0
Gstk1,9.0,12.0,13.0,65.0,36.0,61.0,17.0,35.0,17.0,2.0,23.0,69.0,19.0,35.0,46.0,59.0,47.0
Gstp1,48.0,29.0,31.0,174.0,77.0,53.0,44.0,68.0,39.0,13.0,63.0,240.0,72.0,116.0,113.0,189.0,172.0
Gsx1,0.0,2.0,4.0,0.0,0.0,0.0,4.0,1.0,0.0,0.0,0.0,0.0,0.0,0.0,0.0,1.0,0.0
Gtf2a1,61.0,46.0,81.0,215.0,100.0,119.0,96.0,131.0,110.0,13.0,78.0,242.0,146.0,146.0,169.0,169.0,158.0
Gtf2a2,26.0,31.0,37.0,112.0,69.0,45.0,57.0,49.0,52.0,4.0,30.0,119.0,93.0,91.0,85.0,104.0,96.0
Gtf2b,27.0,27.0,39.0,67.0,51.0,49.0,57.0,48.0,39.0,2.0,38.0,94.0,69.0,53.0,76.0,78.0,61.0
Gtf2e1,1.0,6.0,14.0,17.0,14.0,13.0,5.0,17.0,12.0,1.0,13.0,28.0,9.0,13.0,19.0,31.0,32.0
Gtf2e2,35.0,35.0,41.0,82.0,57.0,36.0,55.0,40.0,35.0,9.0,35.0,91.0,97.0,64.0,55.0,94.0,38.0
Gtf2h1,24.0,34.0,29.0,124.0,55.0,58.0,46.0,66.0,55.0,7.0,48.0,101.0,67.0,65.0,55.0,84.0,90.0
Gtf2i,28.0,43.0,50.0,556.0,199.0,301.0,81.0,251.0,158.0,6.0,265.0,463.0,139.0,198.0,242.0,305.0,259.0
Gtpbp2,48.0,26.0,65.0,224.0,102.0,109.0,60.0,115.0,111.0,22.0,76.0,227.0,57.0,117.0,134.0,169.0,171.0
Gtse1,58.0,72.0,51.0,135.0,158.0,148.0,84.0,62.0,102.0,1.0,128.0,375.0,147.0,107.0,206.0,119.0,199.0
Gucy1a1,7.0,2.0,3.0,14.0,16.0,12.0,5.0,11.0,10.0,2.0,7.0,75.0,3.0,10.0,43.0,22.0,19.0
Gucy2e,0.0,1.0,5.0,0.0,1.0,0.0,4.0,1.0,0.0,0.0,1.0,2.0,1.0,0.0,2.0,1.0,1.0
Gucy2f,1.0,1.0,5.0,3.0,0.0,5.0,3.0,0.0,4.0,0.0,1.0,3.0,0.0,1.0,0.0,0.0,2.0
Gusb,8.0,10.0,14.0,59.0,33.0,20.0,22.0,30.0,33.0,4.0,34.0,69.0,16.0,17.0,79.0,60.0,54.0
Gyg,18.0,6.0,27.0,34.0,34.0,13.0,17.0,54.0,22.0,5.0,27.0,123.0,18.0,46.0,41.0,67.0,66.0
Gys2,0.0,0.0,6.0,0.0,0.0,1.0,4.0,0.0,3.0,0.0,0.0,1.0,1.0,0.0,0.0,0.0,0.0
Gzma,0.0,1.0,5.0,19.0,22.0,0.0,5.0,3.0,4.0,2.0,6.0,21.0,3.0,9.0,27.0,10.0,7.0
Gzmb,2.0,3.0,2.0,13.0,7.0,0.0,10.0,3.0,3.0,1.0,1.0,3.0,1.0,1.0,5.0,1.0,2.0
Gzmk,8.0,15.0,7.0,8.0,8.0,14.0,11.0,2.0,7.0,1.0,9.0,33.0,30.0,9.0,15.0,10.0,10.0
H19,75.0,0.0,23.0,154.0,45.0,0.0,7.0,48.0,7.0,0.0,126.0,271.0,6.0,148.0,256.0,130.0,262.0
H1foo,2.0,0.0,4.0,0.0,1.0,0.0,2.0,2.0,3.0,0.0,0.0,3.0,1.0,0.0,4.0,1.0,2.0
H2-DMb2,0.0,4.0,9.0,9.0,8.0,8.0,9.0,0.0,12.0,2.0,8.0,5.0,13.0,3.0,12.0,13.0,7.0
H2afv,10.0,11.0,5.0,20.0,7.0,13.0,11.0,16.0,12.0,0.0,19.0,35.0,18.0,4.0,14.0,9.0,6.0
H2afx,18.0,28.0,18.0,235.0,69.0,103.0,32.0,78.0,44.0,1.0,61.0,169.0,88.0,90.0,78.0,152.0,125.0
H2afy,92.0,100.0,73.0,393.0,207.0,212.0,198.0,184.0,215.0,11.0,169.0,381.0,197.0,159.0,278.0,291.0,270.0
H2afz,19.0,16.0,33.0,225.0,40.0,80.0,40.0,85.0,42.0,1.0,36.0,139.0,76.0,104.0,57.0,151.0,126.0
Hace1,14.0,7.0,17.0,143.0,48.0,78.0,18.0,67.0,52.0,2.0,25.0,98.0,31.0,58.0,61.0,96.0,76.0
Hacl1,3.0,15.0,7.0,59.0,34.0,25.0,16.0,16.0,20.0,0.0,19.0,52.0,58.0,13.0,38.0,43.0,39.0
Hadh,128.0,209.0,87.0,588.0,414.0,512.0,193.0,275.0,324.0,12.0,164.0,728.0,347.0,322.0,514.0,488.0,569.0
Hadhb,33.0,35.0,39.0,83.0,76.0,62.0,54.0,72.0,61.0,1.0,50.0,176.0,51.0,74.0,78.0,80.0,59.0
Hal,227.0,159.0,35.0,504.0,273.0,812.0,247.0,124.0,724.0,1.0,96.0,710.0,271.0,160.0,1109.0,505.0,517.0
Hamp,4.0,1.0,6.0,1.0,0.0,2.0,4.0,3.0,1.0,0.0,2.0,0.0,1.0,0.0,0.0,3.0,2.0
Hand1,1.0,1.0,5.0,0.0,0.0,1.0,5.0,0.0,0.0,0.0,0.0,1.0,2.0,0.0,0.0,2.0,0.0
Hand2,1.0,0.0,1.0,1.0,3.0,3.0,6.0,2.0,2.0,0.0,2.0,2.0,0.0,0.0,1.0,0.0,1.0
Hao1,1.0,1.0,9.0,2.0,2.0,0.0,3.0,2.0,1.0,0.0,1.0,0.0,1.0,1.0,1.0,3.0,1.0
Hap1,6.0,3.0,8.0,10.0,4.0,4.0,11.0,6.0,5.0,0.0,6.0,9.0,5.0,5.0,5.0,1.0,2.0
Hapln1,1.0,1.0,6.0,3.0,2.0,2.0,4.0,3.0,2.0,1.0,2.0,3.0,2.0,3.0,2.0,1.0,4.0
Has2,3.0,4.0,12.0,15.0,12.0,0.0,13.0,13.0,6.0,3.0,6.0,28.0,6.0,8.0,8.0,43.0,37.0
Haspin,7.0,10.0,4.0,52.0,33.0,32.0,19.0,31.0,17.0,2.0,29.0,60.0,29.0,19.0,31.0,33.0,39.0
Hat1,27.0,39.0,45.0,182.0,79.0,90.0,70.0,91.0,68.0,8.0,58.0,180.0,80.0,79.0,92.0,120.0,109.0
Havcr1,0.0,2.0,2.0,3.0,0.0,0.0,4.0,2.0,0.0,0.0,2.0,2.0,0.0,1.0,0.0,2.0,1.0
Havcr2,15.0,4.0,44.0,36.0,15.0,16.0,40.0,19.0,36.0,5.0,11.0,27.0,23.0,7.0,25.0,27.0,41.0
Hba-x,0.0,1.0,3.0,1.0,1.0,0.0,0.0,0.0,1.0,0.0,0.0,3.0,1.0,0.0,0.0,0.0,0.0
Hbegf,44.0,82.0,90.0,62.0,124.0,10.0,118.0,73.0,33.0,5.0,3.0,240.0,126.0,131.0,85.0,105.0,79.0
Hc,0.0,0.0,2.0,0.0,2.0,0.0,4.0,1.0,0.0,0.0,1.0,2.0,0.0,0.0,2.0,2.0,0.0
Hcar2,1.0,3.0,9.0,8.0,4.0,4.0,7.0,23.0,10.0,1.0,1.0,12.0,7.0,2.0,15.0,18.0,4.0
Hcfc1,43.0,50.0,45.0,284.0,95.0,117.0,96.0,176.0,99.0,14.0,100.0,275.0,97.0,133.0,122.0,207.0,181.0
Hck,66.0,19.0,150.0,120.0,74.0,44.0,184.0,167.0,134.0,17.0,109.0,120.0,80.0,66.0,222.0,122.0,87.0
Hcn1,5.0,4.0,8.0,5.0,11.0,6.0,11.0,1.0,5.0,1.0,7.0,14.0,4.0,3.0,12.0,3.0,8.0
Hcn2,1.0,0.0,3.0,0.0,0.0,0.0,2.0,1.0,0.0,0.0,0.0,1.0,0.0,0.0,1.0,0.0,2.0
Hcn3,1.0,1.0,2.0,4.0,2.0,3.0,3.0,2.0,2.0,0.0,4.0,4.0,3.0,0.0,0.0,2.0,4.0
Hcn4,1.0,1.0,4.0,5.0,2.0,3.0,3.0,1.0,2.0,0.0,5.0,6.0,0.0,0.0,1.0,3.0,1.0
Hcrt,3.0,4.0,14.0,7.0,11.0,10.0,14.0,1.0,15.0,1.0,13.0,22.0,18.0,6.0,9.0,5.0,8.0
Hcrtr1,2.0,3.0,8.0,3.0,2.0,1.0,6.0,2.0,4.0,0.0,3.0,8.0,4.0,0.0,3.0,5.0,10.0
Hcrtr2,1.0,1.0,5.0,0.0,0.0,3.0,11.0,2.0,1.0,1.0,0.0,1.0,0.0,0.0,1.0,0.0,0.0
Hdac1,13.0,15.0,14.0,50.0,33.0,27.0,31.0,18.0,25.0,0.0,25.0,59.0,26.0,38.0,30.0,41.0,32.0
Hdac2,76.0,57.0,54.0,235.0,150.0,174.0,102.0,106.0,99.0,6.0,138.0,213.0,160.0,130.0,154.0,193.0,150.0
Hdac3,19.0,19.0,26.0,111.0,58.0,80.0,40.0,81.0,66.0,3.0,35.0,94.0,57.0,47.0,69.0,118.0,80.0
Hdac4,29.0,40.0,58.0,188.0,107.0,132.0,64.0,119.0,83.0,6.0,110.0,287.0,104.0,153.0,120.0,177.0,158.0
Hdac5,19.0,28.0,25.0,83.0,46.0,65.0,50.0,62.0,55.0,1.0,54.0,94.0,43.0,44.0,66.0,61.0,66.0
Hdac6,10.0,15.0,15.0,76.0,54.0,47.0,30.0,27.0,31.0,1.0,22.0,84.0,35.0,32.0,45.0,51.0,67.0
Hdac8,3.0,3.0,1.0,7.0,10.0,11.0,3.0,3.0,4.0,0.0,8.0,16.0,2.0,7.0,11.0,15.0,10.0
Hdac9,2.0,1.0,10.0,12.0,9.0,2.0,8.0,4.0,4.0,1.0,5.0,16.0,3.0,4.0,7.0,5.0,5.0
Hdc,5.0,2.0,18.0,6.0,3.0,1.0,7.0,37.0,6.0,1.0,1.0,8.0,13.0,3.0,5.0,10.0,8.0
Hdgfl2,27.0,44.0,34.0,184.0,73.0,123.0,55.0,94.0,78.0,6.0,94.0,181.0,90.0,70.0,121.0,140.0,131.0
Hecw2,0.0,5.0,11.0,17.0,7.0,10.0,8.0,9.0,5.0,0.0,9.0,28.0,8.0,8.0,7.0,14.0,9.0
Hells,36.0,46.0,30.0,226.0,100.0,114.0,78.0,85.0,62.0,1.0,106.0,192.0,122.0,81.0,129.0,125.0,130.0
Herc6,23.0,10.0,39.0,21.0,28.0,25.0,43.0,56.0,34.0,3.0,17.0,56.0,28.0,24.0,41.0,45.0,28.0
Hes1,18.0,27.0,36.0,209.0,103.0,79.0,31.0,113.0,41.0,0.0,47.0,215.0,80.0,109.0,94.0,102.0,127.0
Hes2,0.0,0.0,6.0,6.0,1.0,4.0,3.0,3.0,0.0,2.0,7.0,2.0,1.0,0.0,0.0,1.0,0.0
Hes5,5.0,2.0,5.0,5.0,2.0,5.0,7.0,6.0,6.0,0.0,10.0,16.0,4.0,1.0,4.0,7.0,9.0
Hes6,26.0,10.0,12.0,83.0,56.0,36.0,25.0,25.0,43.0,2.0,44.0,84.0,29.0,20.0,135.0,73.0,75.0
Hesx1,1.0,1.0,8.0,1.0,1.0,2.0,3.0,0.0,0.0,0.0,1.0,4.0,1.0,1.0,0.0,2.0,2.0
Hexa,36.0,26.0,49.0,217.0,184.0,114.0,76.0,96.0,125.0,21.0,167.0,359.0,49.0,87.0,338.0,276.0,194.0
Hey1,8.0,5.0,6.0,21.0,22.0,14.0,15.0,8.0,11.0,1.0,28.0,82.0,9.0,17.0,38.0,21.0,41.0
Hey2,0.0,0.0,7.0,19.0,5.0,26.0,3.0,4.0,9.0,0.0,13.0,24.0,1.0,1.0,10.0,2.0,3.0
Heyl,0.0,0.0,6.0,31.0,20.0,45.0,10.0,9.0,2.0,0.0,25.0,38.0,5.0,6.0,30.0,15.0,18.0
Hfe,7.0,5.0,10.0,51.0,41.0,24.0,17.0,32.0,22.0,1.0,41.0,124.0,19.0,37.0,96.0,64.0,63.0
Hfm1,1.0,1.0,5.0,0.0,0.0,1.0,3.0,1.0,0.0,0.0,0.0,0.0,2.0,0.0,0.0,1.0,1.0
Hgf,3.0,14.0,9.0,32.0,20.0,9.0,30.0,13.0,5.0,2.0,12.0,48.0,17.0,18.0,38.0,32.0,37.0
Hgs,80.0,48.0,69.0,207.0,145.0,108.0,109.0,114.0,111.0,15.0,86.0,286.0,151.0,116.0,197.0,172.0,181.0
Hhex,6.0,2.0,9.0,38.0,10.0,15.0,16.0,21.0,16.0,3.0,12.0,65.0,12.0,18.0,36.0,47.0,36.0
Hibadh,69.0,63.0,36.0,173.0,148.0,173.0,74.0,71.0,121.0,4.0,92.0,248.0,155.0,143.0,213.0,178.0,189.0
Hic1,20.0,7.0,9.0,83.0,59.0,21.0,17.0,43.0,28.0,9.0,54.0,106.0,19.0,51.0,107.0,87.0,102.0
Hif1a,91.0,115.0,151.0,385.0,312.0,151.0,263.0,277.0,127.0,13.0,66.0,500.0,344.0,231.0,235.0,365.0,322.0
Hif1an,23.0,14.0,40.0,77.0,37.0,57.0,36.0,43.0,52.0,4.0,20.0,95.0,40.0,44.0,63.0,60.0,66.0
Hif3a,1.0,1.0,5.0,0.0,0.0,0.0,4.0,1.0,0.0,0.0,2.0,0.0,3.0,2.0,2.0,4.0,0.0
Hikeshi,1.0,0.0,8.0,1.0,0.0,0.0,11.0,0.0,0.0,0.0,0.0,3.0,2.0,0.0,1.0,1.0,1.0
Hip1r,183.0,189.0,140.0,685.0,548.0,300.0,261.0,287.0,298.0,16.0,205.0,942.0,508.0,280.0,605.0,448.0,407.0
Hipk2,19.0,18.0,24.0,65.0,35.0,60.0,37.0,69.0,37.0,2.0,37.0,79.0,46.0,43.0,56.0,70.0,61.0
Hira,21.0,18.0,16.0,60.0,27.0,47.0,25.0,34.0,24.0,0.0,39.0,73.0,42.0,33.0,46.0,57.0,51.0
Hist1h2ba,1.0,0.0,1.0,1.0,1.0,0.0,4.0,1.0,3.0,1.0,1.0,1.0,3.0,0.0,0.0,2.0,0.0
Hist1h2bc,8.0,4.0,9.0,27.0,17.0,29.0,14.0,18.0,19.0,3.0,15.0,50.0,11.0,13.0,25.0,26.0,25.0
Hist1h4h,5.0,10.0,17.0,187.0,33.0,67.0,34.0,74.0,20.0,3.0,56.0,141.0,35.0,25.0,54.0,68.0,60.0
Hist2h2bb,231.0,337.0,226.0,2193.0,633.0,1063.0,571.0,881.0,440.0,12.0,851.0,1857.0,812.0,718.0,993.0,1397.0,1314.0
Hist2h2be,3.0,2.0,2.0,14.0,0.0,5.0,2.0,4.0,4.0,0.0,5.0,3.0,2.0,4.0,2.0,8.0,5.0
Hivep2,23.0,8.0,26.0,86.0,42.0,40.0,28.0,61.0,29.0,5.0,18.0,116.0,31.0,41.0,48.0,99.0,61.0
Hjv,10.0,0.0,6.0,8.0,9.0,1.0,2.0,24.0,7.0,0.0,8.0,117.0,2.0,91.0,10.0,44.0,58.0
Hk1,134.0,66.0,143.0,408.0,254.0,163.0,226.0,182.0,163.0,43.0,95.0,443.0,223.0,122.0,388.0,377.0,294.0
Hk2,367.0,69.0,180.0,348.0,190.0,100.0,182.0,352.0,76.0,26.0,59.0,734.0,214.0,416.0,270.0,451.0,406.0
Hkdc1,3.0,0.0,4.0,2.0,1.0,2.0,2.0,0.0,0.0,0.0,3.0,2.0,1.0,1.0,1.0,4.0,1.0
Hlf,2.0,4.0,5.0,13.0,19.0,41.0,8.0,6.0,36.0,0.0,6.0,25.0,2.0,9.0,29.0,29.0,19.0
Hmcn1,2.0,5.0,10.0,57.0,15.0,34.0,13.0,18.0,11.0,2.0,20.0,54.0,14.0,33.0,16.0,20.0,17.0
Hmcn2,12.0,7.0,13.0,30.0,110.0,63.0,10.0,33.0,71.0,6.0,23.0,839.0,15.0,157.0,26.0,133.0,244.0
Hmga1,6.0,3.0,9.0,21.0,7.0,3.0,4.0,12.0,5.0,3.0,4.0,15.0,10.0,8.0,6.0,10.0,13.0
Hmga1b,7.0,5.0,8.0,19.0,9.0,8.0,8.0,15.0,5.0,5.0,11.0,23.0,15.0,11.0,16.0,17.0,18.0
Hmga2,3.0,9.0,19.0,35.0,5.0,3.0,23.0,22.0,14.0,8.0,4.0,36.0,21.0,24.0,14.0,30.0,36.0
Hmgcr,42.0,94.0,58.0,163.0,98.0,162.0,82.0,114.0,125.0,3.0,59.0,239.0,169.0,104.0,146.0,130.0,114.0
Hmox1,94.0,32.0,106.0,245.0,328.0,70.0,162.0,271.0,156.0,54.0,133.0,460.0,93.0,181.0,280.0,554.0,355.0
Hmx2,1.0,1.0,7.0,0.0,1.0,0.0,3.0,1.0,2.0,0.0,0.0,1.0,1.0,0.0,1.0,0.0,1.0
Hmx3,1.0,0.0,1.0,1.0,0.0,0.0,1.0,0.0,0.0,0.0,0.0,0.0,2.0,0.0,2.0,1.0,1.0
Hnf1a,2.0,3.0,2.0,1.0,1.0,0.0,6.0,0.0,1.0,0.0,2.0,1.0,3.0,0.0,1.0,2.0,1.0
Hnf4a,5.0,8.0,5.0,6.0,13.0,11.0,9.0,2.0,9.0,0.0,15.0,14.0,5.0,4.0,12.0,7.0,6.0
Hnrnpa1,110.0,108.0,167.0,913.0,251.0,504.0,265.0,431.0,272.0,20.0,236.0,700.0,326.0,371.0,312.0,480.0,453.0
Hnrnpdl,19.0,19.0,29.0,166.0,27.0,59.0,28.0,100.0,58.0,4.0,19.0,114.0,46.0,112.0,45.0,124.0,91.0
Hnrnph1,67.0,94.0,154.0,732.0,291.0,329.0,166.0,375.0,269.0,23.0,183.0,616.0,239.0,311.0,285.0,572.0,451.0
Hnrnpk,117.0,121.0,92.0,292.0,208.0,226.0,181.0,196.0,187.0,9.0,161.0,373.0,258.0,236.0,215.0,256.0,264.0
Hnrnpm,237.0,278.0,283.0,1480.0,679.0,710.0,574.0,772.0,609.0,54.0,580.0,1575.0,702.0,645.0,855.0,951.0,897.0
Homer1,28.0,18.0,34.0,76.0,36.0,30.0,52.0,38.0,33.0,1.0,36.0,65.0,35.0,51.0,42.0,56.0,49.0
Homer3,27.0,32.0,38.0,108.0,110.0,53.0,75.0,60.0,29.0,5.0,41.0,172.0,96.0,90.0,86.0,112.0,79.0
Hopx,168.0,92.0,83.0,201.0,229.0,136.0,124.0,125.0,103.0,6.0,159.0,301.0,274.0,127.0,216.0,143.0,126.0
Hoxa1,25.0,10.0,23.0,30.0,34.0,16.0,45.0,19.0,26.0,3.0,13.0,69.0,49.0,24.0,41.0,29.0,28.0
Hoxa10,2.0,4.0,10.0,7.0,6.0,1.0,11.0,13.0,4.0,0.0,0.0,22.0,2.0,13.0,9.0,12.0,11.0
Hoxa11,1.0,0.0,6.0,1.0,0.0,0.0,6.0,0.0,1.0,0.0,1.0,1.0,0.0,0.0,1.0,2.0,1.0
Hoxa13,1.0,0.0,5.0,0.0,0.0,0.0,6.0,1.0,0.0,0.0,0.0,0.0,0.0,1.0,2.0,1.0,0.0
Hoxa2,1.0,1.0,5.0,6.0,2.0,8.0,5.0,1.0,4.0,0.0,2.0,5.0,1.0,3.0,5.0,8.0,2.0
Hoxa3,1.0,1.0,5.0,15.0,3.0,6.0,6.0,3.0,6.0,0.0,5.0,8.0,3.0,9.0,3.0,10.0,8.0
Hoxa4,2.0,4.0,5.0,4.0,7.0,4.0,6.0,4.0,6.0,0.0,0.0,7.0,1.0,7.0,4.0,7.0,8.0
Hoxa5,4.0,1.0,3.0,8.0,3.0,9.0,7.0,7.0,3.0,0.0,3.0,13.0,5.0,6.0,3.0,3.0,7.0
Hoxa7,10.0,3.0,3.0,7.0,11.0,9.0,5.0,18.0,3.0,0.0,2.0,22.0,1.0,21.0,4.0,11.0,23.0
Hoxa9,16.0,11.0,8.0,11.0,17.0,22.0,11.0,7.0,11.0,1.0,23.0,34.0,20.0,14.0,14.0,13.0,22.0
Hoxb1,0.0,0.0,2.0,1.0,0.0,2.0,3.0,4.0,1.0,0.0,2.0,4.0,3.0,0.0,1.0,0.0,3.0
Hoxb13,1.0,1.0,9.0,2.0,0.0,0.0,4.0,1.0,2.0,1.0,0.0,1.0,0.0,0.0,0.0,0.0,1.0
Hoxb2,4.0,0.0,5.0,23.0,6.0,4.0,5.0,9.0,3.0,0.0,4.0,13.0,5.0,1.0,11.0,20.0,11.0
Hoxb3,10.0,8.0,19.0,131.0,36.0,74.0,17.0,68.0,45.0,2.0,104.0,81.0,43.0,35.0,58.0,54.0,54.0
Hoxb4,3.0,2.0,6.0,62.0,13.0,36.0,11.0,34.0,17.0,1.0,19.0,47.0,17.0,17.0,37.0,45.0,31.0
Hoxb5,0.0,6.0,10.0,25.0,18.0,27.0,6.0,32.0,5.0,0.0,26.0,57.0,5.0,19.0,12.0,21.0,26.0
Hoxb6,13.0,3.0,7.0,22.0,21.0,53.0,10.0,49.0,5.0,2.0,24.0,73.0,14.0,20.0,17.0,48.0,32.0
Hoxb7,1.0,0.0,4.0,2.0,3.0,4.0,4.0,3.0,0.0,1.0,1.0,2.0,1.0,4.0,2.0,2.0,9.0
Hoxb8,2.0,3.0,5.0,23.0,11.0,25.0,6.0,56.0,1.0,1.0,8.0,47.0,2.0,27.0,11.0,9.0,15.0
Hoxb9,0.0,1.0,9.0,0.0,0.0,1.0,5.0,2.0,0.0,0.0,0.0,1.0,1.0,1.0,1.0,3.0,7.0
Hoxc10,0.0,0.0,3.0,0.0,0.0,0.0,4.0,0.0,1.0,0.0,0.0,1.0,0.0,0.0,1.0,0.0,1.0
Hoxc11,2.0,1.0,2.0,0.0,0.0,1.0,4.0,1.0,1.0,0.0,4.0,2.0,0.0,0.0,1.0,1.0,0.0
Hoxc12,1.0,0.0,0.0,2.0,1.0,1.0,4.0,1.0,2.0,0.0,3.0,3.0,0.0,0.0,2.0,0.0,3.0
Hoxc5,3.0,0.0,7.0,7.0,3.0,6.0,3.0,6.0,3.0,1.0,5.0,7.0,4.0,7.0,3.0,12.0,18.0
Hoxc6,14.0,14.0,11.0,73.0,37.0,59.0,23.0,72.0,18.0,3.0,39.0,109.0,25.0,59.0,25.0,83.0,97.0
Hoxc8,4.0,2.0,3.0,7.0,1.0,4.0,4.0,8.0,3.0,0.0,4.0,3.0,2.0,7.0,3.0,11.0,17.0
Hoxd1,0.0,0.0,7.0,0.0,0.0,0.0,5.0,1.0,0.0,0.0,0.0,0.0,1.0,0.0,0.0,1.0,1.0
Hoxd10,1.0,1.0,4.0,7.0,5.0,0.0,3.0,1.0,0.0,0.0,2.0,8.0,7.0,0.0,5.0,4.0,1.0
Hoxd11,2.0,2.0,5.0,0.0,2.0,1.0,4.0,0.0,1.0,1.0,2.0,1.0,1.0,1.0,2.0,2.0,1.0
Hoxd12,3.0,0.0,7.0,0.0,0.0,0.0,6.0,2.0,0.0,0.0,0.0,1.0,0.0,0.0,1.0,1.0,0.0
Hoxd13,0.0,0.0,8.0,0.0,0.0,0.0,4.0,0.0,1.0,0.0,0.0,0.0,0.0,0.0,0.0,0.0,1.0
Hoxd3,9.0,13.0,11.0,7.0,37.0,16.0,20.0,8.0,9.0,1.0,23.0,45.0,31.0,14.0,34.0,0.0,10.0
Hoxd4,3.0,4.0,4.0,31.0,8.0,3.0,4.0,5.0,12.0,0.0,3.0,34.0,10.0,12.0,14.0,27.0,13.0
Hoxd9,16.0,12.0,12.0,74.0,37.0,25.0,13.0,17.0,33.0,0.0,28.0,98.0,16.0,29.0,59.0,37.0,49.0
Hpcal4,2.0,4.0,2.0,1.0,1.0,1.0,3.0,2.0,1.0,1.0,2.0,2.0,1.0,1.0,2.0,0.0,0.0
Hpd,2.0,2.0,3.0,1.0,1.0,2.0,3.0,0.0,1.0,1.0,1.0,2.0,1.0,0.0,1.0,2.0,0.0
Hpgds,53.0,63.0,53.0,69.0,106.0,64.0,115.0,40.0,108.0,1.0,47.0,142.0,140.0,66.0,108.0,87.0,80.0
Hprt,119.0,107.0,114.0,394.0,257.0,201.0,193.0,143.0,199.0,16.0,196.0,462.0,301.0,173.0,353.0,305.0,258.0
Hps4,4.0,0.0,7.0,32.0,14.0,17.0,10.0,18.0,17.0,1.0,13.0,23.0,9.0,12.0,28.0,15.0,12.0
Hps5,31.0,26.0,38.0,147.0,96.0,79.0,64.0,76.0,78.0,6.0,55.0,154.0,71.0,105.0,97.0,131.0,108.0
Hps6,17.0,21.0,31.0,163.0,68.0,68.0,44.0,97.0,56.0,5.0,40.0,156.0,66.0,105.0,116.0,127.0,120.0
Hpse,14.0,4.0,26.0,37.0,45.0,19.0,50.0,27.0,31.0,4.0,41.0,52.0,15.0,10.0,51.0,57.0,18.0
Hpse2,4.0,2.0,6.0,0.0,1.0,0.0,2.0,1.0,0.0,2.0,1.0,3.0,0.0,0.0,1.0,3.0,2.0
Hr,101.0,126.0,105.0,494.0,213.0,328.0,114.0,289.0,259.0,7.0,124.0,465.0,270.0,280.0,201.0,269.0,216.0
Hras,6.0,7.0,4.0,23.0,7.0,14.0,9.0,6.0,6.0,0.0,11.0,20.0,16.0,16.0,11.0,21.0,14.0
Hrg,0.0,0.0,8.0,1.0,0.0,0.0,4.0,1.0,3.0,0.0,0.0,3.0,0.0,0.0,1.0,0.0,4.0
Hrh1,5.0,1.0,9.0,3.0,14.0,8.0,8.0,10.0,5.0,1.0,10.0,15.0,5.0,1.0,12.0,14.0,5.0
Hrh3,1.0,0.0,7.0,0.0,0.0,0.0,2.0,0.0,2.0,0.0,2.0,3.0,1.0,1.0,0.0,1.0,0.0
Hs3st2,1.0,0.0,5.0,0.0,1.0,1.0,3.0,1.0,1.0,0.0,0.0,2.0,0.0,0.0,0.0,0.0,2.0
Hsd17b3,1.0,0.0,6.0,1.0,1.0,0.0,8.0,2.0,2.0,0.0,1.0,1.0,1.0,2.0,2.0,3.0,2.0
Hsd17b4,40.0,46.0,35.0,186.0,125.0,146.0,67.0,97.0,118.0,3.0,78.0,234.0,100.0,114.0,193.0,155.0,162.0
Hsd17b7,85.0,160.0,77.0,332.0,306.0,314.0,125.0,120.0,254.0,8.0,41.0,495.0,281.0,209.0,315.0,338.0,346.0
Hsf1,13.0,17.0,35.0,128.0,48.0,56.0,33.0,74.0,51.0,1.0,44.0,113.0,44.0,68.0,72.0,90.0,101.0
Hsf2,20.0,6.0,11.0,39.0,17.0,41.0,10.0,31.0,38.0,2.0,16.0,55.0,19.0,37.0,39.0,47.0,56.0
Hspa1b,361.0,338.0,522.0,1308.0,787.0,799.0,512.0,424.0,970.0,35.0,278.0,1588.0,749.0,387.0,1159.0,866.0,778.0
Hspa5,3259.0,1039.0,1804.0,2258.0,1705.0,971.0,2675.0,2093.0,2094.0,211.0,1522.0,3298.0,3083.0,2713.0,2386.0,2694.0,2376.0
Hspa9,321.0,337.0,278.0,749.0,487.0,349.0,542.0,415.0,381.0,24.0,311.0,995.0,695.0,541.0,557.0,655.0,650.0
Hspb2,15.0,1.0,21.0,15.0,7.0,13.0,4.0,44.0,9.0,1.0,10.0,70.0,2.0,25.0,32.0,35.0,36.0
Hspb3,36.0,0.0,11.0,11.0,12.0,1.0,6.0,23.0,6.0,0.0,9.0,60.0,9.0,33.0,33.0,19.0,23.0
Hspd1,226.0,191.0,241.0,785.0,345.0,239.0,311.0,387.0,286.0,26.0,216.0,857.0,674.0,570.0,417.0,575.0,702.0
Hspg2,83.0,30.0,89.0,886.0,214.0,206.0,110.0,365.0,149.0,42.0,217.0,1135.0,155.0,446.0,506.0,901.0,624.0
Hsph1,146.0,80.0,101.0,213.0,105.0,96.0,111.0,161.0,159.0,13.0,119.0,327.0,176.0,199.0,166.0,195.0,223.0
Htr1a,0.0,1.0,3.0,0.0,1.0,0.0,5.0,0.0,1.0,1.0,0.0,1.0,0.0,0.0,4.0,1.0,1.0
Htr1b,2.0,5.0,5.0,4.0,5.0,1.0,9.0,2.0,0.0,0.0,0.0,4.0,19.0,7.0,0.0,7.0,4.0
Htr1d,1.0,2.0,2.0,4.0,10.0,2.0,5.0,0.0,5.0,0.0,3.0,3.0,1.0,1.0,6.0,2.0,3.0
Htr1f,2.0,0.0,7.0,3.0,2.0,1.0,8.0,2.0,2.0,0.0,2.0,3.0,2.0,0.0,1.0,1.0,3.0
Htr2a,5.0,1.0,7.0,19.0,6.0,4.0,12.0,8.0,8.0,2.0,9.0,14.0,5.0,13.0,12.0,47.0,22.0
Htr2b,0.0,0.0,8.0,1.0,3.0,2.0,6.0,3.0,1.0,0.0,2.0,0.0,0.0,0.0,6.0,1.0,0.0
Htr3b,0.0,0.0,1.0,1.0,1.0,1.0,1.0,0.0,0.0,0.0,1.0,0.0,2.0,0.0,3.0,1.0,2.0
Htr4,0.0,3.0,9.0,2.0,5.0,0.0,8.0,4.0,1.0,0.0,1.0,1.0,1.0,0.0,1.0,1.0,1.0
Htr7,5.0,3.0,10.0,14.0,7.0,2.0,14.0,13.0,15.0,2.0,13.0,11.0,13.0,13.0,19.0,21.0,21.0
Htra2,2.0,1.0,4.0,18.0,9.0,6.0,8.0,8.0,6.0,0.0,6.0,15.0,3.0,8.0,8.0,14.0,20.0
Htt,16.0,19.0,33.0,110.0,34.0,59.0,25.0,47.0,49.0,8.0,37.0,90.0,54.0,58.0,59.0,84.0,82.0
Huwe1,70.0,55.0,64.0,336.0,159.0,211.0,95.0,169.0,144.0,16.0,123.0,302.0,176.0,151.0,227.0,255.0,224.0
Ibsp,2.0,1.0,3.0,1.0,1.0,1.0,3.0,0.0,0.0,0.0,0.0,1.0,4.0,0.0,2.0,4.0,0.0
Icam1,56.0,77.0,96.0,226.0,174.0,96.0,187.0,161.0,160.0,12.0,142.0,336.0,153.0,178.0,193.0,211.0,170.0
Ick,85.0,82.0,35.0,45.0,115.0,60.0,92.0,21.0,58.0,3.0,64.0,150.0,144.0,21.0,80.0,61.0,65.0
Icos,2.0,3.0,4.0,10.0,11.0,9.0,9.0,2.0,2.0,0.0,7.0,18.0,7.0,4.0,6.0,5.0,5.0
Icosl,4.0,9.0,11.0,33.0,18.0,19.0,15.0,26.0,19.0,0.0,16.0,39.0,20.0,19.0,19.0,29.0,21.0
Id1,74.0,89.0,98.0,348.0,225.0,132.0,123.0,232.0,105.0,13.0,111.0,400.0,195.0,260.0,200.0,207.0,232.0
Id2,3.0,1.0,5.0,21.0,4.0,7.0,8.0,8.0,7.0,4.0,4.0,9.0,1.0,9.0,4.0,14.0,9.0
Id4,4.0,10.0,11.0,92.0,18.0,57.0,12.0,28.0,45.0,0.0,64.0,29.0,12.0,19.0,35.0,30.0,21.0
Idh1,11.0,16.0,11.0,152.0,69.0,77.0,24.0,74.0,41.0,3.0,54.0,138.0,47.0,35.0,77.0,110.0,74.0
Idh2,43.0,55.0,38.0,287.0,149.0,134.0,69.0,93.0,112.0,4.0,124.0,238.0,80.0,114.0,196.0,190.0,198.0
Idi1,43.0,63.0,64.0,139.0,66.0,130.0,81.0,67.0,110.0,2.0,32.0,136.0,153.0,112.0,87.0,113.0,77.0
Ido1,0.0,1.0,6.0,0.0,0.0,0.0,3.0,0.0,1.0,1.0,3.0,5.0,1.0,4.0,1.0,2.0,1.0
Ido2,3.0,2.0,1.0,0.0,0.0,1.0,1.0,1.0,0.0,0.0,3.0,1.0,2.0,0.0,1.0,0.0,1.0
Idua,24.0,15.0,37.0,109.0,108.0,70.0,38.0,57.0,64.0,4.0,68.0,160.0,57.0,54.0,157.0,122.0,110.0
Ifi204,14.0,14.0,51.0,36.0,13.0,9.0,61.0,101.0,34.0,9.0,18.0,41.0,24.0,34.0,40.0,89.0,38.0
Ifi208,13.0,6.0,55.0,21.0,6.0,3.0,67.0,59.0,41.0,4.0,20.0,27.0,21.0,17.0,22.0,28.0,14.0
Ifi209,35.0,21.0,147.0,69.0,23.0,8.0,193.0,182.0,96.0,19.0,39.0,50.0,79.0,61.0,62.0,90.0,31.0
Ifi27,158.0,104.0,102.0,311.0,304.0,263.0,156.0,223.0,249.0,24.0,210.0,507.0,227.0,293.0,425.0,404.0,316.0
Ifi44,67.0,4.0,33.0,15.0,10.0,12.0,41.0,15.0,26.0,6.0,36.0,72.0,13.0,12.0,54.0,32.0,21.0
Ifih1,48.0,30.0,54.0,66.0,42.0,69.0,82.0,94.0,69.0,8.0,43.0,140.0,68.0,50.0,86.0,100.0,59.0
Ifit1,16.0,13.0,55.0,21.0,8.0,6.0,58.0,77.0,34.0,4.0,21.0,43.0,41.0,16.0,21.0,56.0,8.0
Ifit3,551.0,498.0,489.0,666.0,1450.0,817.0,887.0,607.0,845.0,83.0,1170.0,1379.0,1033.0,549.0,1710.0,737.0,661.0
Ifnar1,7.0,10.0,24.0,46.0,34.0,18.0,26.0,37.0,19.0,4.0,24.0,52.0,17.0,24.0,42.0,43.0,35.0
Ifnar2,40.0,21.0,46.0,100.0,61.0,33.0,59.0,62.0,75.0,9.0,76.0,122.0,32.0,45.0,160.0,108.0,100.0
Ifnb1,2.0,2.0,7.0,0.0,4.0,0.0,6.0,5.0,1.0,0.0,0.0,1.0,1.0,0.0,0.0,1.0,1.0
Ifng,2.0,0.0,2.0,1.0,1.0,1.0,3.0,0.0,1.0,0.0,0.0,1.0,1.0,1.0,0.0,3.0,0.0
Ifngr1,134.0,94.0,125.0,427.0,328.0,253.0,225.0,180.0,303.0,19.0,211.0,574.0,239.0,283.0,662.0,537.0,441.0
Ifngr2,8.0,1.0,2.0,18.0,16.0,14.0,10.0,11.0,3.0,0.0,15.0,23.0,11.0,12.0,14.0,21.0,17.0
Ifnlr1,10.0,12.0,8.0,45.0,25.0,42.0,21.0,31.0,37.0,4.0,16.0,24.0,17.0,27.0,36.0,26.0,28.0
Ift122,10.0,9.0,10.0,55.0,31.0,30.0,15.0,27.0,16.0,0.0,36.0,55.0,22.0,25.0,29.0,29.0,35.0
Ift27,6.0,4.0,8.0,34.0,20.0,16.0,16.0,21.0,23.0,0.0,19.0,33.0,12.0,22.0,31.0,36.0,19.0
Ift88,26.0,32.0,22.0,126.0,67.0,87.0,56.0,61.0,45.0,2.0,69.0,130.0,80.0,73.0,60.0,89.0,88.0
Igdcc4,26.0,8.0,10.0,79.0,39.0,28.0,14.0,48.0,22.0,0.0,64.0,155.0,24.0,77.0,68.0,111.0,136.0
Igf1,19.0,19.0,33.0,126.0,218.0,153.0,52.0,96.0,91.0,0.0,186.0,325.0,39.0,83.0,342.0,192.0,121.0
Igf1r,114.0,77.0,124.0,275.0,131.0,133.0,132.0,203.0,112.0,8.0,131.0,274.0,242.0,182.0,194.0,204.0,211.0
Igf2,19.0,2.0,9.0,65.0,31.0,13.0,3.0,9.0,14.0,2.0,38.0,233.0,1.0,14.0,111.0,34.0,118.0
Igf2bp1,0.0,1.0,3.0,7.0,4.0,1.0,8.0,2.0,1.0,0.0,0.0,9.0,4.0,0.0,4.0,3.0,3.0
Igf2r,69.0,39.0,78.0,301.0,167.0,84.0,90.0,143.0,54.0,17.0,119.0,374.0,76.0,120.0,262.0,289.0,231.0
Igfbp1,1.0,1.0,5.0,2.0,1.0,2.0,3.0,1.0,1.0,0.0,0.0,3.0,0.0,1.0,2.0,2.0,2.0
Igfbp2,9.0,8.0,12.0,30.0,15.0,30.0,21.0,6.0,16.0,0.0,26.0,39.0,18.0,8.0,16.0,16.0,19.0
Igfbp3,74.0,69.0,129.0,360.0,227.0,191.0,223.0,166.0,527.0,20.0,118.0,593.0,208.0,279.0,355.0,491.0,483.0
Igfn1,0.0,2.0,0.0,1.0,2.0,1.0,5.0,0.0,2.0,2.0,6.0,31.0,5.0,3.0,0.0,11.0,12.0
Igha,2.0,2.0,4.0,4.0,13.0,6.0,2.0,2.0,4.0,0.0,3.0,10.0,1.0,1.0,6.0,6.0,4.0
Ighd,2.0,0.0,13.0,2.0,2.0,4.0,6.0,1.0,0.0,0.0,4.0,1.0,0.0,0.0,3.0,6.0,1.0
Ighm,11.0,1.0,9.0,30.0,83.0,49.0,18.0,24.0,46.0,0.0,71.0,56.0,10.0,15.0,85.0,38.0,25.0
Igkc,0.0,2.0,3.0,1.0,2.0,0.0,1.0,4.0,1.0,0.0,1.0,1.0,3.0,0.0,2.0,7.0,2.0
Igll1,3.0,2.0,4.0,0.0,4.0,3.0,1.0,1.0,1.0,0.0,6.0,3.0,3.0,0.0,2.0,0.0,3.0
Igsf11,0.0,1.0,9.0,7.0,0.0,1.0,7.0,5.0,0.0,3.0,1.0,10.0,0.0,2.0,0.0,1.0,1.0
Igsf21,2.0,2.0,4.0,1.0,1.0,0.0,7.0,1.0,2.0,1.0,0.0,1.0,1.0,0.0,2.0,2.0,1.0
Igsf5,2.0,1.0,13.0,0.0,0.0,0.0,6.0,2.0,0.0,2.0,0.0,0.0,0.0,0.0,1.0,1.0,0.0
Igsf8,53.0,45.0,41.0,146.0,144.0,65.0,105.0,101.0,58.0,8.0,53.0,189.0,135.0,79.0,131.0,128.0,105.0
Igsf9b,7.0,4.0,7.0,11.0,4.0,5.0,8.0,11.0,14.0,1.0,2.0,15.0,17.0,6.0,7.0,11.0,10.0
Igtp,15.0,5.0,29.0,19.0,14.0,10.0,27.0,36.0,35.0,5.0,19.0,36.0,18.0,25.0,35.0,39.0,15.0
Ihh,0.0,1.0,5.0,0.0,0.0,0.0,1.0,1.0,1.0,0.0,0.0,0.0,0.0,0.0,2.0,0.0,0.0
Ikbkb,131.0,107.0,149.0,520.0,258.0,300.0,245.0,336.0,286.0,34.0,208.0,517.0,298.0,262.0,346.0,402.0,328.0
Ikbkg,112.0,88.0,97.0,294.0,247.0,170.0,169.0,162.0,199.0,15.0,154.0,333.0,227.0,185.0,271.0,266.0,219.0
Ikzf1,22.0,8.0,52.0,62.0,64.0,34.0,74.0,37.0,77.0,20.0,47.0,63.0,44.0,28.0,117.0,96.0,65.0
Ikzf2,25.0,32.0,14.0,102.0,65.0,101.0,37.0,28.0,133.0,1.0,19.0,103.0,38.0,62.0,84.0,78.0,76.0
Il10,4.0,1.0,1.0,3.0,5.0,2.0,7.0,4.0,8.0,1.0,4.0,5.0,11.0,1.0,4.0,5.0,4.0
Il10ra,46.0,12.0,110.0,144.0,93.0,41.0,135.0,171.0,128.0,23.0,83.0,177.0,82.0,52.0,266.0,187.0,153.0
Il11,3.0,0.0,23.0,5.0,8.0,3.0,17.0,7.0,4.0,2.0,2.0,9.0,6.0,9.0,4.0,6.0,31.0
Il11ra1,21.0,43.0,36.0,174.0,104.0,119.0,61.0,179.0,103.0,1.0,165.0,245.0,72.0,201.0,85.0,240.0,172.0
Il12a,4.0,1.0,3.0,3.0,2.0,4.0,4.0,3.0,6.0,0.0,8.0,5.0,8.0,3.0,5.0,6.0,1.0
Il12b,4.0,3.0,11.0,5.0,11.0,10.0,13.0,3.0,8.0,1.0,8.0,8.0,5.0,4.0,7.0,10.0,8.0
Il12rb1,0.0,1.0,4.0,4.0,1.0,1.0,7.0,1.0,4.0,0.0,2.0,2.0,0.0,1.0,4.0,3.0,5.0
Il12rb2,5.0,5.0,5.0,5.0,15.0,33.0,13.0,3.0,35.0,0.0,3.0,8.0,11.0,10.0,16.0,16.0,10.0
Il13,2.0,8.0,11.0,2.0,9.0,4.0,10.0,5.0,2.0,0.0,8.0,15.0,7.0,2.0,7.0,7.0,2.0
Il13ra1,451.0,522.0,435.0,812.0,730.0,546.0,780.0,567.0,548.0,45.0,216.0,1261.0,1129.0,745.0,778.0,836.0,795.0
Il13ra2,5.0,25.0,12.0,24.0,1.0,7.0,16.0,26.0,7.0,0.0,1.0,11.0,54.0,20.0,27.0,35.0,38.0
Il15,22.0,5.0,27.0,28.0,3.0,21.0,39.0,41.0,18.0,3.0,11.0,32.0,9.0,14.0,26.0,28.0,30.0
Il15ra,16.0,25.0,31.0,51.0,29.0,36.0,29.0,27.0,53.0,3.0,30.0,86.0,28.0,35.0,53.0,85.0,52.0
Il17a,3.0,0.0,2.0,3.0,2.0,1.0,3.0,1.0,2.0,0.0,1.0,1.0,1.0,0.0,3.0,2.0,0.0
Il17f,0.0,0.0,4.0,0.0,0.0,0.0,3.0,1.0,3.0,1.0,1.0,1.0,0.0,0.0,0.0,1.0,0.0
Il17ra,52.0,40.0,100.0,182.0,99.0,73.0,137.0,133.0,103.0,14.0,75.0,186.0,119.0,139.0,139.0,197.0,206.0
Il17rb,5.0,0.0,2.0,17.0,8.0,5.0,0.0,7.0,5.0,0.0,1.0,13.0,6.0,3.0,2.0,5.0,1.0
Il17rc,107.0,134.0,103.0,493.0,254.0,317.0,170.0,259.0,336.0,3.0,63.0,512.0,426.0,398.0,297.0,390.0,341.0
Il18,5.0,1.0,7.0,57.0,9.0,27.0,12.0,20.0,28.0,0.0,4.0,60.0,13.0,13.0,57.0,39.0,32.0
Il18r1,4.0,10.0,7.0,10.0,14.0,9.0,9.0,5.0,20.0,0.0,4.0,7.0,12.0,8.0,8.0,4.0,6.0
Il18rap,16.0,2.0,40.0,64.0,26.0,12.0,34.0,42.0,24.0,3.0,15.0,43.0,39.0,22.0,46.0,73.0,45.0
Il1a,16.0,9.0,31.0,34.0,22.0,26.0,22.0,45.0,14.0,13.0,13.0,62.0,25.0,10.0,37.0,41.0,26.0
Il1f10,0.0,1.0,3.0,2.0,1.0,2.0,0.0,2.0,1.0,1.0,1.0,3.0,4.0,1.0,3.0,0.0,0.0
Il1f5,10.0,12.0,7.0,71.0,50.0,74.0,12.0,16.0,51.0,0.0,9.0,94.0,22.0,11.0,115.0,44.0,49.0
Il1r1,69.0,158.0,177.0,290.0,157.0,104.0,277.0,251.0,147.0,7.0,156.0,365.0,348.0,299.0,212.0,397.0,345.0
Il1rap,32.0,33.0,48.0,130.0,79.0,45.0,84.0,92.0,70.0,14.0,45.0,126.0,84.0,59.0,87.0,146.0,112.0
Il1rapl2,0.0,0.0,5.0,0.0,2.0,1.0,3.0,3.0,2.0,0.0,0.0,0.0,0.0,1.0,4.0,0.0,0.0
Il1rl1,27.0,0.0,18.0,35.0,7.0,4.0,31.0,6.0,1.0,2.0,7.0,15.0,19.0,6.0,24.0,68.0,86.0
Il1rn,116.0,78.0,535.0,174.0,133.0,105.0,456.0,430.0,238.0,25.0,34.0,208.0,216.0,49.0,237.0,219.0,159.0
Il2,10.0,19.0,4.0,10.0,19.0,26.0,18.0,6.0,14.0,0.0,22.0,37.0,22.0,10.0,15.0,13.0,19.0
Il21r,7.0,7.0,11.0,14.0,14.0,6.0,20.0,30.0,18.0,0.0,6.0,29.0,14.0,10.0,31.0,24.0,28.0
Il22,1.0,1.0,4.0,1.0,1.0,1.0,6.0,3.0,2.0,0.0,0.0,0.0,1.0,0.0,2.0,0.0,2.0
Il22ra1,4.0,6.0,7.0,17.0,13.0,24.0,17.0,14.0,20.0,0.0,2.0,25.0,21.0,12.0,16.0,17.0,13.0
Il22ra2,2.0,8.0,13.0,6.0,6.0,20.0,7.0,2.0,29.0,0.0,6.0,8.0,6.0,3.0,11.0,6.0,7.0
Il23a,2.0,0.0,2.0,0.0,0.0,1.0,2.0,0.0,3.0,0.0,0.0,1.0,1.0,0.0,0.0,0.0,0.0
Il23r,2.0,0.0,0.0,3.0,0.0,1.0,3.0,1.0,1.0,0.0,0.0,1.0,1.0,0.0,0.0,3.0,0.0
Il25,2.0,0.0,4.0,4.0,2.0,2.0,3.0,0.0,1.0,0.0,0.0,0.0,2.0,0.0,1.0,0.0,0.0
Il27,0.0,0.0,1.0,1.0,1.0,0.0,5.0,4.0,4.0,0.0,3.0,1.0,4.0,0.0,2.0,0.0,3.0
Il27ra,0.0,3.0,6.0,4.0,10.0,4.0,6.0,6.0,18.0,2.0,13.0,8.0,6.0,2.0,14.0,14.0,8.0
Il2ra,1.0,3.0,7.0,14.0,9.0,3.0,10.0,6.0,11.0,0.0,3.0,19.0,4.0,6.0,10.0,16.0,4.0
Il2rb,5.0,8.0,4.0,6.0,7.0,7.0,6.0,4.0,11.0,0.0,11.0,13.0,4.0,3.0,9.0,7.0,5.0
Il2rg,112.0,59.0,253.0,360.0,337.0,118.0,295.0,183.0,331.0,52.0,254.0,469.0,174.0,176.0,598.0,448.0,428.0
Il3,1.0,2.0,5.0,0.0,0.0,0.0,5.0,1.0,2.0,0.0,2.0,4.0,1.0,1.0,2.0,0.0,1.0
Il31,0.0,0.0,6.0,2.0,2.0,6.0,2.0,3.0,2.0,0.0,4.0,1.0,3.0,2.0,1.0,4.0,0.0
Il33,865.0,840.0,894.0,769.0,2729.0,194.0,1402.0,844.0,568.0,36.0,245.0,2793.0,2544.0,1330.0,1454.0,1658.0,1042.0
Il34,12.0,10.0,7.0,62.0,22.0,45.0,26.0,18.0,74.0,5.0,4.0,56.0,16.0,29.0,43.0,32.0,47.0
Il3ra,0.0,1.0,1.0,1.0,1.0,1.0,6.0,0.0,1.0,1.0,1.0,3.0,3.0,2.0,0.0,2.0,0.0
Il4,1.0,0.0,3.0,0.0,1.0,0.0,4.0,0.0,1.0,0.0,0.0,0.0,0.0,0.0,2.0,1.0,2.0
Il4ra,118.0,180.0,264.0,703.0,428.0,124.0,349.0,553.0,211.0,36.0,161.0,719.0,499.0,575.0,497.0,841.0,701.0
Il5,0.0,1.0,2.0,0.0,0.0,0.0,3.0,0.0,0.0,0.0,0.0,1.0,3.0,0.0,0.0,1.0,0.0
Il5ra,0.0,0.0,4.0,1.0,1.0,2.0,5.0,4.0,3.0,1.0,1.0,1.0,1.0,0.0,2.0,3.0,1.0
Il6ra,20.0,16.0,19.0,79.0,40.0,59.0,42.0,40.0,69.0,5.0,22.0,85.0,34.0,59.0,67.0,82.0,64.0
Il6st,25.0,8.0,37.0,89.0,51.0,52.0,37.0,97.0,68.0,11.0,47.0,129.0,46.0,95.0,79.0,101.0,78.0
Il7,3.0,1.0,5.0,6.0,2.0,1.0,9.0,5.0,1.0,0.0,2.0,8.0,7.0,1.0,1.0,3.0,3.0
Il7r,29.0,6.0,108.0,42.0,27.0,10.0,89.0,90.0,90.0,21.0,14.0,27.0,42.0,17.0,36.0,58.0,25.0
Ilf2,21.0,28.0,32.0,173.0,59.0,84.0,38.0,104.0,62.0,2.0,58.0,165.0,78.0,68.0,88.0,108.0,111.0
Ilk,24.0,11.0,22.0,132.0,96.0,52.0,43.0,58.0,40.0,11.0,66.0,151.0,54.0,55.0,151.0,148.0,120.0
Ilkap,56.0,42.0,60.0,249.0,138.0,113.0,73.0,118.0,154.0,15.0,99.0,255.0,114.0,160.0,155.0,206.0,150.0
Immt,153.0,128.0,159.0,491.0,299.0,265.0,262.0,314.0,227.0,16.0,233.0,685.0,338.0,317.0,344.0,423.0,414.0
Impact,55.0,51.0,54.0,230.0,127.0,115.0,89.0,147.0,126.0,14.0,106.0,254.0,97.0,157.0,160.0,215.0,224.0
Impad1,64.0,57.0,43.0,140.0,120.0,118.0,102.0,112.0,102.0,6.0,86.0,219.0,147.0,126.0,130.0,173.0,148.0
Ina,1.0,1.0,4.0,5.0,0.0,1.0,4.0,0.0,0.0,0.0,1.0,2.0,2.0,1.0,1.0,3.0,1.0
Ing3,15.0,14.0,18.0,72.0,30.0,43.0,36.0,60.0,30.0,4.0,44.0,95.0,24.0,25.0,59.0,69.0,67.0
Inha,4.0,0.0,0.0,13.0,4.0,6.0,5.0,5.0,3.0,0.0,2.0,10.0,1.0,2.0,5.0,14.0,4.0
Inhba,13.0,20.0,85.0,81.0,33.0,53.0,93.0,44.0,19.0,32.0,14.0,85.0,45.0,34.0,44.0,107.0,99.0
Inhbb,14.0,25.0,28.0,70.0,20.0,16.0,42.0,42.0,24.0,6.0,19.0,57.0,39.0,61.0,24.0,61.0,67.0
Inka2,3.0,2.0,2.0,21.0,10.0,13.0,6.0,8.0,10.0,0.0,2.0,32.0,9.0,8.0,9.0,13.0,13.0
Ino80d,76.0,74.0,98.0,339.0,218.0,233.0,136.0,161.0,176.0,23.0,152.0,403.0,190.0,168.0,218.0,255.0,239.0
Inpp1,2.0,4.0,3.0,19.0,7.0,12.0,6.0,13.0,12.0,2.0,15.0,26.0,6.0,9.0,14.0,25.0,10.0
Inpp4b,9.0,23.0,17.0,64.0,45.0,47.0,25.0,23.0,41.0,2.0,46.0,85.0,35.0,36.0,57.0,51.0,51.0
Inpp5b,55.0,42.0,40.0,150.0,120.0,101.0,80.0,75.0,114.0,7.0,85.0,211.0,104.0,76.0,152.0,121.0,126.0
Inpp5d,75.0,36.0,156.0,393.0,202.0,72.0,196.0,268.0,264.0,27.0,180.0,383.0,152.0,164.0,431.0,431.0,407.0
Inpp5e,6.0,5.0,10.0,41.0,17.0,30.0,13.0,26.0,34.0,4.0,19.0,50.0,10.0,24.0,36.0,30.0,35.0
Ins1,4.0,2.0,12.0,0.0,4.0,6.0,18.0,4.0,6.0,1.0,9.0,9.0,3.0,3.0,11.0,4.0,3.0
Insm1,1.0,1.0,3.0,0.0,0.0,1.0,2.0,0.0,1.0,1.0,2.0,0.0,0.0,0.0,0.0,2.0,0.0
Insr,10.0,9.0,14.0,89.0,41.0,44.0,24.0,71.0,39.0,2.0,17.0,129.0,26.0,65.0,53.0,78.0,64.0
Insrr,0.0,0.0,2.0,1.0,0.0,1.0,3.0,2.0,2.0,0.0,0.0,1.0,1.0,0.0,1.0,0.0,0.0
Ints11,11.0,18.0,17.0,75.0,31.0,31.0,19.0,42.0,26.0,3.0,31.0,82.0,32.0,36.0,42.0,63.0,32.0
Ints4,12.0,10.0,17.0,106.0,34.0,41.0,31.0,39.0,39.0,3.0,34.0,83.0,52.0,51.0,58.0,62.0,79.0
Invs,7.0,12.0,12.0,22.0,15.0,12.0,12.0,18.0,7.0,0.0,15.0,44.0,15.0,10.0,25.0,32.0,22.0
Ipmk,26.0,45.0,21.0,54.0,37.0,30.0,45.0,32.0,65.0,2.0,12.0,61.0,68.0,44.0,42.0,72.0,57.0
Ipo9,20.0,20.0,15.0,125.0,59.0,53.0,21.0,46.0,32.0,4.0,32.0,140.0,45.0,56.0,82.0,92.0,77.0
Iqgap1,198.0,203.0,287.0,727.0,502.0,388.0,458.0,482.0,430.0,43.0,289.0,808.0,581.0,419.0,627.0,656.0,531.0
Iqgap2,9.0,10.0,15.0,54.0,54.0,31.0,32.0,23.0,51.0,8.0,38.0,55.0,16.0,20.0,94.0,57.0,25.0
Iqgap3,1.0,3.0,5.0,15.0,6.0,10.0,4.0,12.0,3.0,4.0,8.0,11.0,6.0,2.0,10.0,10.0,18.0
Irak1,17.0,10.0,17.0,82.0,30.0,31.0,26.0,43.0,35.0,7.0,20.0,76.0,30.0,60.0,44.0,69.0,55.0
Irak2,14.0,4.0,31.0,39.0,18.0,12.0,30.0,40.0,16.0,8.0,8.0,39.0,11.0,9.0,38.0,35.0,36.0
Irak3,12.0,7.0,32.0,35.0,12.0,13.0,47.0,30.0,22.0,7.0,28.0,45.0,24.0,18.0,31.0,38.0,27.0
Ireb2,26.0,28.0,42.0,155.0,67.0,82.0,72.0,67.0,66.0,4.0,69.0,131.0,64.0,78.0,109.0,98.0,89.0
Irf1,54.0,42.0,71.0,154.0,123.0,59.0,105.0,150.0,118.0,15.0,114.0,216.0,92.0,88.0,155.0,188.0,133.0
Irf3,65.0,102.0,94.0,462.0,243.0,256.0,163.0,211.0,226.0,16.0,184.0,441.0,220.0,234.0,265.0,325.0,352.0
Irf4,6.0,2.0,6.0,17.0,24.0,27.0,6.0,3.0,23.0,0.0,22.0,30.0,7.0,1.0,30.0,26.0,23.0
Irf5,56.0,24.0,131.0,127.0,67.0,51.0,188.0,150.0,129.0,32.0,62.0,107.0,81.0,61.0,151.0,125.0,75.0
Irf7,19.0,1.0,21.0,12.0,6.0,3.0,35.0,28.0,19.0,3.0,6.0,8.0,12.0,8.0,26.0,21.0,9.0
Irf8,12.0,11.0,21.0,55.0,40.0,18.0,31.0,50.0,82.0,6.0,54.0,66.0,31.0,22.0,117.0,103.0,50.0
Irf9,56.0,40.0,92.0,117.0,66.0,84.0,93.0,121.0,129.0,10.0,59.0,167.0,103.0,74.0,108.0,123.0,83.0
Irs1,4.0,5.0,5.0,34.0,20.0,47.0,7.0,33.0,24.0,0.0,21.0,60.0,13.0,36.0,28.0,25.0,24.0
Irs2,16.0,10.0,26.0,86.0,56.0,29.0,40.0,64.0,37.0,4.0,28.0,86.0,35.0,30.0,46.0,67.0,53.0
Irx2,3.0,17.0,20.0,198.0,25.0,138.0,36.0,126.0,86.0,0.0,48.0,128.0,49.0,48.0,33.0,75.0,45.0
Irx3,78.0,130.0,100.0,650.0,265.0,183.0,209.0,181.0,184.0,5.0,33.0,777.0,368.0,243.0,263.0,345.0,275.0
Irx4,2.0,0.0,6.0,59.0,3.0,10.0,4.0,10.0,3.0,0.0,7.0,28.0,2.0,5.0,3.0,7.0,4.0
Irx5,7.0,12.0,11.0,40.0,17.0,15.0,14.0,23.0,21.0,0.0,11.0,41.0,28.0,24.0,17.0,26.0,19.0
Irx6,2.0,1.0,7.0,1.0,2.0,5.0,7.0,2.0,3.0,0.0,1.0,4.0,3.0,0.0,9.0,1.0,5.0
Isca1,13.0,16.0,18.0,43.0,16.0,23.0,27.0,30.0,16.0,3.0,17.0,70.0,20.0,43.0,21.0,43.0,45.0
Isg15,171.0,70.0,414.0,158.0,40.0,72.0,477.0,614.0,229.0,31.0,76.0,320.0,228.0,236.0,126.0,294.0,112.0
Isg20,20.0,11.0,54.0,19.0,12.0,3.0,65.0,66.0,21.0,3.0,13.0,31.0,23.0,15.0,21.0,24.0,25.0
Isl1,6.0,1.0,5.0,3.0,4.0,2.0,7.0,8.0,2.0,1.0,0.0,19.0,4.0,18.0,1.0,15.0,7.0
Itch,90.0,64.0,86.0,250.0,169.0,149.0,158.0,191.0,144.0,10.0,158.0,389.0,200.0,164.0,243.0,272.0,264.0
Itga1,31.0,45.0,81.0,205.0,136.0,67.0,103.0,136.0,80.0,35.0,197.0,550.0,108.0,138.0,269.0,267.0,196.0
Itga11,2.0,4.0,4.0,47.0,16.0,11.0,5.0,11.0,7.0,0.0,18.0,64.0,3.0,10.0,20.0,28.0,32.0
Itga2,59.0,81.0,79.0,132.0,165.0,34.0,133.0,95.0,42.0,22.0,36.0,236.0,154.0,61.0,139.0,132.0,97.0
Itga2b,8.0,10.0,25.0,32.0,15.0,18.0,27.0,22.0,25.0,2.0,20.0,53.0,38.0,43.0,38.0,62.0,34.0
Itga3,56.0,72.0,94.0,292.0,144.0,71.0,168.0,165.0,104.0,1.0,48.0,345.0,240.0,215.0,124.0,193.0,171.0
Itga4,23.0,10.0,35.0,82.0,61.0,21.0,52.0,59.0,73.0,9.0,71.0,107.0,42.0,26.0,122.0,70.0,56.0
Itga5,111.0,79.0,195.0,272.0,223.0,54.0,258.0,220.0,110.0,50.0,158.0,430.0,233.0,133.0,403.0,492.0,437.0
Itga6,90.0,153.0,136.0,430.0,377.0,145.0,292.0,203.0,231.0,17.0,64.0,866.0,469.0,328.0,278.0,344.0,249.0
Itga7,213.0,38.0,117.0,205.0,135.0,66.0,79.0,316.0,65.0,33.0,114.0,569.0,225.0,282.0,364.0,317.0,445.0
Itga8,3.0,2.0,3.0,19.0,16.0,23.0,4.0,12.0,9.0,1.0,20.0,28.0,16.0,7.0,16.0,13.0,14.0
Itga9,7.0,6.0,18.0,40.0,18.0,8.0,15.0,19.0,14.0,4.0,22.0,70.0,18.0,18.0,58.0,43.0,39.0
Itgae,3.0,12.0,6.0,11.0,12.0,12.0,12.0,12.0,33.0,0.0,11.0,6.0,3.0,3.0,16.0,11.0,6.0
Itgal,20.0,10.0,23.0,54.0,35.0,14.0,29.0,42.0,29.0,2.0,15.0,34.0,19.0,19.0,61.0,46.0,49.0
Itgam,220.0,82.0,736.0,573.0,404.0,80.0,1010.0,632.0,355.0,174.0,473.0,545.0,358.0,255.0,974.0,905.0,521.0
Itgav,62.0,43.0,71.0,312.0,144.0,103.0,135.0,132.0,111.0,30.0,85.0,323.0,147.0,134.0,273.0,280.0,296.0
Itgax,4.0,0.0,10.0,26.0,10.0,12.0,4.0,10.0,17.0,3.0,17.0,20.0,14.0,4.0,41.0,36.0,21.0
Itgb1,1426.0,1057.0,1507.0,3588.0,3318.0,990.0,2034.0,2005.0,1343.0,281.0,1716.0,5849.0,3128.0,2161.0,3890.0,4414.0,3858.0
Itgb2,179.0,60.0,580.0,459.0,329.0,108.0,857.0,430.0,395.0,116.0,355.0,368.0,243.0,168.0,713.0,736.0,357.0
Itgb3,17.0,5.0,11.0,64.0,24.0,13.0,24.0,22.0,15.0,2.0,32.0,77.0,18.0,15.0,53.0,108.0,88.0
Itgb4,362.0,676.0,398.0,1297.0,1208.0,367.0,1030.0,751.0,747.0,54.0,187.0,2361.0,1694.0,1137.0,816.0,1107.0,785.0
Itgb5,16.0,9.0,24.0,120.0,39.0,48.0,44.0,54.0,33.0,0.0,40.0,145.0,32.0,56.0,79.0,117.0,117.0
Itgb6,48.0,28.0,45.0,105.0,110.0,53.0,60.0,94.0,34.0,5.0,61.0,156.0,84.0,48.0,106.0,71.0,74.0
Itgb7,49.0,10.0,66.0,56.0,23.0,11.0,97.0,71.0,62.0,25.0,15.0,50.0,23.0,36.0,35.0,75.0,29.0
Itgb8,9.0,9.0,16.0,74.0,23.0,40.0,16.0,16.0,12.0,9.0,8.0,79.0,39.0,27.0,42.0,31.0,43.0
Itk,0.0,0.0,2.0,0.0,3.0,0.0,3.0,1.0,3.0,0.0,3.0,3.0,1.0,1.0,0.0,3.0,3.0
Itln1,1.0,0.0,3.0,0.0,2.0,1.0,0.0,3.0,1.0,0.0,1.0,3.0,0.0,2.0,1.0,0.0,0.0
Itpa,13.0,12.0,27.0,61.0,25.0,34.0,27.0,28.0,22.0,4.0,27.0,69.0,31.0,40.0,34.0,41.0,43.0
Itpkb,56.0,58.0,70.0,180.0,155.0,138.0,111.0,108.0,167.0,16.0,112.0,214.0,98.0,95.0,248.0,154.0,162.0
Itpr1,14.0,8.0,32.0,47.0,29.0,30.0,31.0,37.0,51.0,4.0,36.0,93.0,21.0,46.0,61.0,54.0,41.0
Itpr2,23.0,55.0,27.0,154.0,94.0,107.0,69.0,50.0,118.0,3.0,42.0,176.0,74.0,108.0,123.0,129.0,112.0
Itpr3,20.0,27.0,32.0,187.0,54.0,100.0,37.0,85.0,113.0,5.0,44.0,132.0,70.0,61.0,93.0,93.0,76.0
Itsn1,78.0,89.0,82.0,376.0,310.0,226.0,170.0,213.0,220.0,27.0,244.0,524.0,194.0,276.0,331.0,398.0,298.0
Itsn2,125.0,143.0,179.0,577.0,364.0,296.0,324.0,281.0,349.0,44.0,239.0,792.0,368.0,247.0,457.0,476.0,419.0
Ivd,9.0,12.0,13.0,70.0,39.0,55.0,22.0,40.0,26.0,3.0,49.0,92.0,33.0,59.0,51.0,53.0,58.0
Izumo1r,2.0,0.0,9.0,0.0,1.0,0.0,7.0,1.0,1.0,0.0,2.0,2.0,1.0,0.0,2.0,3.0,2.0
Jade1,8.0,3.0,8.0,25.0,16.0,21.0,16.0,15.0,16.0,0.0,14.0,29.0,11.0,14.0,20.0,30.0,17.0
Jade2,11.0,31.0,22.0,111.0,40.0,58.0,28.0,52.0,67.0,3.0,59.0,163.0,62.0,94.0,89.0,94.0,99.0
Jade3,7.0,10.0,4.0,42.0,22.0,27.0,17.0,13.0,8.0,0.0,10.0,34.0,17.0,13.0,20.0,24.0,32.0
Jag1,138.0,254.0,154.0,937.0,914.0,494.0,312.0,406.0,258.0,53.0,470.0,1141.0,510.0,333.0,510.0,713.0,566.0
Jag2,40.0,86.0,57.0,429.0,108.0,292.0,92.0,238.0,227.0,1.0,129.0,438.0,192.0,223.0,144.0,207.0,191.0
Jak1,388.0,336.0,342.0,936.0,958.0,561.0,643.0,423.0,570.0,52.0,585.0,1375.0,697.0,507.0,1200.0,1062.0,864.0
Jak2,97.0,109.0,196.0,321.0,183.0,128.0,235.0,258.0,196.0,20.0,150.0,378.0,295.0,243.0,243.0,354.0,298.0
Jak3,22.0,9.0,24.0,72.0,36.0,21.0,34.0,45.0,40.0,7.0,24.0,96.0,38.0,45.0,52.0,104.0,81.0
Jam2,9.0,7.0,25.0,34.0,60.0,38.0,25.0,35.0,47.0,1.0,63.0,181.0,17.0,40.0,73.0,78.0,48.0
Jam3,5.0,1.0,8.0,32.0,15.0,10.0,10.0,17.0,9.0,2.0,12.0,63.0,10.0,18.0,28.0,37.0,39.0
Jaml,17.0,12.0,22.0,45.0,13.0,28.0,21.0,23.0,63.0,7.0,23.0,27.0,30.0,13.0,34.0,46.0,29.0
Jarid2,111.0,116.0,178.0,394.0,283.0,178.0,280.0,246.0,185.0,17.0,124.0,488.0,309.0,233.0,272.0,351.0,328.0
Jazf1,3.0,1.0,7.0,6.0,11.0,15.0,9.0,7.0,7.0,1.0,10.0,14.0,3.0,5.0,14.0,11.0,13.0
Jchain,3.0,1.0,2.0,1.0,1.0,3.0,6.0,0.0,1.0,1.0,1.0,1.0,1.0,0.0,2.0,3.0,2.0
Jmjd6,64.0,34.0,84.0,184.0,83.0,83.0,90.0,109.0,79.0,21.0,51.0,206.0,120.0,104.0,114.0,195.0,144.0
Jph2,28.0,6.0,16.0,37.0,23.0,6.0,7.0,68.0,18.0,0.0,12.0,129.0,10.0,91.0,53.0,48.0,100.0
Jpt1,79.0,55.0,91.0,673.0,160.0,258.0,121.0,346.0,175.0,4.0,134.0,501.0,195.0,307.0,284.0,427.0,362.0
Jup,642.0,702.0,572.0,3755.0,3326.0,1681.0,1482.0,1524.0,1465.0,28.0,442.0,4608.0,2253.0,1221.0,2525.0,2195.0,1798.0
Kansl2,18.0,11.0,26.0,93.0,38.0,45.0,33.0,54.0,35.0,3.0,35.0,110.0,42.0,45.0,47.0,89.0,100.0
Kat14,56.0,46.0,38.0,239.0,114.0,140.0,66.0,117.0,126.0,4.0,130.0,236.0,111.0,106.0,166.0,177.0,172.0
Kat2a,44.0,41.0,39.0,228.0,77.0,97.0,57.0,117.0,102.0,4.0,66.0,206.0,119.0,117.0,69.0,157.0,154.0
Kat2b,7.0,8.0,10.0,22.0,14.0,15.0,16.0,21.0,15.0,4.0,16.0,41.0,17.0,26.0,18.0,27.0,26.0
Kat5,12.0,12.0,7.0,53.0,25.0,40.0,17.0,34.0,15.0,7.0,19.0,55.0,16.0,30.0,40.0,44.0,45.0
Kat6a,48.0,59.0,67.0,316.0,125.0,164.0,132.0,183.0,189.0,10.0,125.0,293.0,150.0,160.0,206.0,203.0,184.0
Kat6b,8.0,18.0,10.0,35.0,18.0,22.0,14.0,16.0,27.0,2.0,9.0,45.0,15.0,21.0,36.0,24.0,25.0
Kat8,19.0,13.0,16.0,72.0,26.0,36.0,25.0,42.0,26.0,3.0,19.0,94.0,34.0,53.0,37.0,57.0,56.0
Katna1,19.0,16.0,27.0,96.0,49.0,75.0,52.0,64.0,62.0,4.0,34.0,107.0,42.0,64.0,69.0,87.0,62.0
Katnal2,3.0,0.0,9.0,4.0,5.0,3.0,18.0,3.0,0.0,0.0,1.0,10.0,3.0,7.0,2.0,2.0,5.0
Kcna10,8.0,7.0,9.0,5.0,13.0,11.0,9.0,2.0,3.0,0.0,12.0,11.0,7.0,3.0,12.0,3.0,3.0
Kcna4,1.0,0.0,3.0,0.0,0.0,0.0,5.0,0.0,0.0,0.0,0.0,0.0,1.0,0.0,0.0,2.0,0.0
Kcnab2,2.0,2.0,2.0,31.0,19.0,16.0,10.0,15.0,14.0,1.0,12.0,28.0,11.0,4.0,22.0,34.0,13.0
Kcnab3,1.0,4.0,5.0,16.0,1.0,7.0,6.0,2.0,5.0,1.0,4.0,12.0,1.0,3.0,3.0,9.0,4.0
Kcnc1,7.0,5.0,4.0,8.0,10.0,7.0,13.0,7.0,4.0,0.0,10.0,33.0,9.0,6.0,5.0,11.0,18.0
Kcnc2,3.0,0.0,4.0,8.0,4.0,1.0,4.0,0.0,3.0,0.0,0.0,7.0,1.0,0.0,4.0,4.0,0.0
Kcnc4,10.0,4.0,15.0,14.0,5.0,9.0,8.0,36.0,7.0,0.0,13.0,71.0,19.0,79.0,18.0,32.0,45.0
Kcnf1,5.0,0.0,7.0,4.0,1.0,1.0,4.0,2.0,1.0,2.0,2.0,2.0,1.0,3.0,1.0,4.0,3.0
Kcng1,1.0,1.0,3.0,8.0,3.0,8.0,6.0,1.0,3.0,1.0,6.0,1.0,5.0,3.0,6.0,4.0,6.0
Kcng2,0.0,2.0,4.0,13.0,1.0,12.0,8.0,5.0,2.0,0.0,16.0,7.0,3.0,6.0,7.0,7.0,10.0
Kcnh1,2.0,2.0,13.0,41.0,11.0,21.0,8.0,5.0,13.0,0.0,10.0,46.0,11.0,18.0,22.0,23.0,8.0
Kcnh2,2.0,0.0,0.0,1.0,1.0,1.0,0.0,0.0,0.0,0.0,0.0,3.0,0.0,1.0,0.0,1.0,2.0
Kcnh5,0.0,0.0,5.0,0.0,0.0,0.0,7.0,0.0,1.0,0.0,1.0,0.0,1.0,0.0,6.0,0.0,0.0
Kcnh8,1.0,0.0,8.0,0.0,0.0,2.0,11.0,2.0,2.0,1.0,0.0,3.0,1.0,0.0,0.0,0.0,0.0
Kcnj10,2.0,3.0,10.0,4.0,1.0,1.0,5.0,5.0,1.0,0.0,2.0,8.0,3.0,3.0,3.0,2.0,3.0
Kcnj11,5.0,0.0,2.0,2.0,3.0,0.0,3.0,9.0,3.0,1.0,1.0,62.0,1.0,41.0,3.0,18.0,12.0
Kcnj2,67.0,24.0,23.0,70.0,93.0,56.0,51.0,68.0,75.0,1.0,39.0,235.0,45.0,110.0,68.0,102.0,98.0
Kcnj3,1.0,0.0,1.0,1.0,1.0,2.0,4.0,1.0,1.0,0.0,0.0,0.0,1.0,0.0,0.0,1.0,0.0
Kcnj5,0.0,0.0,5.0,0.0,1.0,1.0,2.0,3.0,1.0,0.0,1.0,0.0,0.0,0.0,0.0,0.0,0.0
Kcnj6,0.0,1.0,1.0,1.0,0.0,0.0,9.0,2.0,2.0,0.0,0.0,1.0,2.0,0.0,2.0,2.0,1.0
Kcnj8,1.0,6.0,8.0,8.0,9.0,8.0,12.0,3.0,13.0,3.0,8.0,44.0,7.0,12.0,13.0,17.0,12.0
Kcnj9,1.0,2.0,8.0,1.0,2.0,1.0,4.0,1.0,0.0,0.0,1.0,2.0,2.0,2.0,1.0,0.0,2.0
Kcnk10,4.0,3.0,15.0,3.0,5.0,5.0,10.0,5.0,5.0,1.0,5.0,7.0,3.0,5.0,9.0,10.0,7.0
Kcnk18,3.0,2.0,1.0,2.0,1.0,2.0,3.0,1.0,0.0,0.0,4.0,2.0,4.0,2.0,0.0,1.0,1.0
Kcnk2,3.0,10.0,6.0,20.0,11.0,20.0,11.0,6.0,14.0,0.0,10.0,22.0,14.0,32.0,10.0,22.0,16.0
Kcnk5,5.0,1.0,7.0,15.0,6.0,7.0,9.0,6.0,4.0,0.0,9.0,17.0,11.0,4.0,8.0,15.0,9.0
Kcnma1,3.0,0.0,5.0,2.0,4.0,2.0,3.0,9.0,3.0,0.0,4.0,25.0,3.0,10.0,7.0,6.0,11.0
Kcnmb2,2.0,0.0,4.0,1.0,1.0,2.0,11.0,4.0,0.0,0.0,0.0,0.0,2.0,0.0,0.0,0.0,0.0
Kcnn2,0.0,0.0,2.0,2.0,0.0,0.0,2.0,1.0,1.0,0.0,1.0,2.0,0.0,1.0,2.0,0.0,2.0
Kcnn4,9.0,5.0,33.0,74.0,32.0,8.0,38.0,37.0,17.0,8.0,30.0,55.0,31.0,23.0,54.0,47.0,75.0
Kcnq1,6.0,3.0,9.0,8.0,6.0,7.0,8.0,4.0,11.0,1.0,6.0,20.0,4.0,6.0,14.0,12.0,16.0
Kcnq3,1.0,0.0,2.0,1.0,5.0,3.0,5.0,1.0,2.0,1.0,3.0,4.0,3.0,2.0,1.0,4.0,2.0
Kcns2,0.0,0.0,6.0,1.0,2.0,0.0,12.0,1.0,2.0,0.0,1.0,1.0,0.0,0.0,5.0,2.0,0.0
Kcns3,2.0,4.0,4.0,21.0,12.0,13.0,14.0,6.0,7.0,0.0,4.0,22.0,8.0,13.0,23.0,12.0,14.0
Kcnt2,4.0,7.0,8.0,10.0,15.0,10.0,9.0,9.0,4.0,0.0,12.0,29.0,5.0,12.0,24.0,13.0,21.0
Kctd15,1.0,4.0,6.0,22.0,9.0,10.0,4.0,14.0,13.0,0.0,6.0,30.0,9.0,11.0,5.0,11.0,2.0
Kdf1,2.0,1.0,3.0,3.0,2.0,3.0,1.0,3.0,2.0,0.0,0.0,1.0,0.0,0.0,0.0,0.0,2.0
Kdm1a,8.0,5.0,20.0,58.0,13.0,39.0,26.0,39.0,19.0,6.0,24.0,50.0,38.0,30.0,38.0,48.0,48.0
Kdm1b,11.0,30.0,26.0,67.0,48.0,51.0,57.0,34.0,59.0,1.0,28.0,74.0,62.0,58.0,58.0,46.0,61.0
Kdm2a,34.0,29.0,54.0,139.0,75.0,86.0,74.0,102.0,75.0,9.0,50.0,172.0,70.0,89.0,85.0,129.0,107.0
Kdm2b,6.0,13.0,4.0,47.0,23.0,29.0,8.0,11.0,31.0,1.0,26.0,40.0,19.0,20.0,38.0,25.0,32.0
Kdm4a,37.0,42.0,52.0,259.0,123.0,154.0,92.0,139.0,109.0,12.0,96.0,272.0,115.0,115.0,150.0,145.0,161.0
Kdm4b,12.0,10.0,8.0,109.0,29.0,35.0,15.0,58.0,28.0,1.0,27.0,91.0,21.0,39.0,35.0,80.0,51.0
Kdm4c,42.0,29.0,36.0,124.0,91.0,86.0,62.0,68.0,84.0,9.0,59.0,150.0,76.0,85.0,112.0,107.0,94.0
Kdm5a,70.0,58.0,45.0,188.0,111.0,94.0,86.0,96.0,92.0,9.0,89.0,165.0,90.0,81.0,123.0,139.0,118.0
Kdm5b,150.0,132.0,151.0,696.0,499.0,386.0,277.0,342.0,283.0,37.0,257.0,736.0,375.0,220.0,488.0,498.0,481.0
Kdm5c,151.0,129.0,111.0,441.0,262.0,250.0,207.0,223.0,199.0,14.0,201.0,447.0,286.0,235.0,334.0,345.0,312.0
Kdm6a,25.0,34.0,29.0,108.0,57.0,68.0,43.0,74.0,77.0,1.0,56.0,114.0,64.0,49.0,81.0,87.0,73.0
Kdm6b,172.0,163.0,222.0,602.0,294.0,274.0,317.0,397.0,227.0,39.0,194.0,524.0,299.0,333.0,386.0,540.0,409.0
Kdm7a,26.0,19.0,45.0,81.0,42.0,33.0,48.0,49.0,47.0,5.0,33.0,75.0,58.0,70.0,52.0,70.0,45.0
Kdm8,5.0,12.0,4.0,19.0,14.0,12.0,15.0,12.0,6.0,0.0,2.0,30.0,12.0,22.0,5.0,20.0,20.0
Kdr,8.0,6.0,26.0,46.0,19.0,8.0,24.0,19.0,18.0,3.0,23.0,78.0,10.0,14.0,34.0,53.0,51.0
Keap1,13.0,14.0,25.0,102.0,48.0,43.0,47.0,42.0,43.0,5.0,27.0,96.0,41.0,57.0,52.0,74.0,67.0
Khdrbs1,131.0,115.0,133.0,562.0,297.0,343.0,182.0,309.0,229.0,20.0,218.0,595.0,319.0,238.0,431.0,433.0,423.0
Khdrbs2,1.0,1.0,18.0,2.0,0.0,0.0,18.0,3.0,1.0,0.0,1.0,1.0,2.0,1.0,1.0,0.0,1.0
Khsrp,25.0,26.0,33.0,172.0,69.0,54.0,36.0,56.0,55.0,3.0,37.0,146.0,62.0,68.0,90.0,141.0,98.0
Kif19a,1.0,2.0,4.0,1.0,7.0,3.0,6.0,4.0,5.0,0.0,5.0,4.0,4.0,6.0,7.0,2.0,7.0
Kif1b,77.0,42.0,81.0,238.0,175.0,137.0,115.0,137.0,135.0,8.0,104.0,359.0,149.0,153.0,208.0,204.0,251.0
Kif1c,135.0,147.0,179.0,634.0,404.0,403.0,254.0,450.0,342.0,26.0,233.0,827.0,396.0,366.0,448.0,504.0,506.0
Kif20a,37.0,36.0,16.0,216.0,98.0,114.0,74.0,74.0,62.0,1.0,89.0,202.0,85.0,87.0,129.0,177.0,182.0
Kif20b,3.0,17.0,11.0,71.0,17.0,33.0,23.0,22.0,13.0,0.0,24.0,55.0,31.0,21.0,21.0,49.0,52.0
Kif21b,9.0,6.0,23.0,39.0,24.0,8.0,43.0,36.0,18.0,8.0,22.0,29.0,15.0,25.0,37.0,29.0,27.0
Kif24,8.0,19.0,12.0,73.0,16.0,42.0,20.0,22.0,18.0,0.0,24.0,32.0,25.0,17.0,27.0,23.0,28.0
Kif2c,6.0,4.0,13.0,79.0,17.0,25.0,17.0,19.0,14.0,0.0,18.0,50.0,13.0,12.0,26.0,37.0,39.0
Kif3a,6.0,10.0,7.0,17.0,9.0,15.0,19.0,10.0,11.0,4.0,11.0,27.0,14.0,13.0,19.0,16.0,10.0
Kif3b,36.0,37.0,42.0,118.0,56.0,63.0,59.0,66.0,67.0,7.0,81.0,160.0,75.0,69.0,121.0,94.0,115.0
Kif4,5.0,12.0,4.0,59.0,27.0,34.0,26.0,27.0,15.0,0.0,28.0,61.0,28.0,15.0,30.0,42.0,47.0
Kif5a,1.0,0.0,5.0,5.0,3.0,1.0,4.0,2.0,6.0,1.0,3.0,8.0,5.0,2.0,1.0,5.0,2.0
Kif5b,293.0,225.0,225.0,881.0,544.0,509.0,406.0,426.0,442.0,36.0,375.0,1063.0,593.0,490.0,679.0,619.0,631.0
Kif5c,2.0,1.0,6.0,7.0,4.0,8.0,9.0,13.0,6.0,0.0,4.0,12.0,11.0,3.0,7.0,4.0,6.0
Kifap3,14.0,22.0,17.0,105.0,53.0,56.0,25.0,51.0,33.0,4.0,58.0,103.0,28.0,49.0,56.0,82.0,73.0
Kirrel,39.0,52.0,41.0,312.0,166.0,110.0,85.0,118.0,101.0,9.0,179.0,277.0,98.0,115.0,208.0,247.0,250.0
Kiss1,0.0,1.0,3.0,0.0,0.0,1.0,5.0,1.0,0.0,0.0,0.0,0.0,0.0,0.0,0.0,1.0,0.0
Kiss1r,7.0,11.0,3.0,5.0,8.0,12.0,7.0,4.0,4.0,1.0,9.0,19.0,6.0,2.0,3.0,5.0,10.0
Kit,43.0,31.0,15.0,86.0,51.0,59.0,42.0,42.0,35.0,2.0,68.0,142.0,53.0,21.0,86.0,70.0,92.0
Kitl,18.0,11.0,38.0,112.0,46.0,48.0,53.0,52.0,38.0,10.0,56.0,139.0,48.0,44.0,69.0,97.0,76.0
Kl,0.0,1.0,8.0,0.0,1.0,0.0,6.0,1.0,1.0,0.0,1.0,0.0,0.0,0.0,0.0,2.0,2.0
Klb,0.0,4.0,4.0,2.0,13.0,8.0,4.0,2.0,2.0,0.0,3.0,4.0,2.0,0.0,10.0,1.0,1.0
Klc1,43.0,60.0,71.0,351.0,191.0,128.0,98.0,182.0,162.0,15.0,72.0,386.0,131.0,142.0,205.0,272.0,210.0
Klc2,38.0,17.0,25.0,102.0,60.0,43.0,25.0,73.0,40.0,3.0,56.0,145.0,53.0,87.0,69.0,95.0,90.0
Klc3,23.0,50.0,38.0,301.0,128.0,177.0,88.0,139.0,155.0,3.0,41.0,272.0,134.0,96.0,147.0,147.0,107.0
Klf1,0.0,1.0,5.0,5.0,5.0,0.0,6.0,6.0,0.0,0.0,4.0,6.0,1.0,1.0,4.0,1.0,7.0
Klf10,19.0,7.0,24.0,100.0,38.0,24.0,24.0,42.0,20.0,5.0,12.0,110.0,30.0,44.0,44.0,70.0,58.0
Klf11,19.0,12.0,20.0,66.0,30.0,26.0,24.0,32.0,26.0,3.0,23.0,68.0,21.0,33.0,27.0,57.0,37.0
Klf12,10.0,3.0,9.0,38.0,29.0,38.0,14.0,24.0,28.0,0.0,8.0,71.0,19.0,24.0,41.0,41.0,44.0
Klf15,0.0,2.0,3.0,6.0,6.0,7.0,8.0,3.0,12.0,0.0,6.0,23.0,3.0,7.0,7.0,8.0,6.0
Klf17,3.0,4.0,9.0,2.0,1.0,2.0,16.0,3.0,2.0,0.0,10.0,4.0,1.0,1.0,3.0,3.0,2.0
Klf4,45.0,42.0,59.0,188.0,109.0,122.0,98.0,72.0,161.0,1.0,55.0,226.0,121.0,77.0,135.0,125.0,119.0
Klf5,436.0,361.0,420.0,2176.0,1132.0,1205.0,637.0,797.0,1108.0,28.0,209.0,1939.0,1040.0,721.0,1031.0,1161.0,1093.0
Klhl18,108.0,67.0,95.0,363.0,271.0,160.0,182.0,194.0,170.0,13.0,107.0,445.0,269.0,204.0,364.0,300.0,277.0
Klhl21,85.0,17.0,52.0,128.0,78.0,49.0,56.0,115.0,78.0,5.0,41.0,228.0,81.0,121.0,106.0,133.0,128.0
Klhl22,10.0,1.0,7.0,44.0,20.0,16.0,6.0,16.0,9.0,1.0,19.0,40.0,10.0,15.0,19.0,37.0,39.0
Klhl3,14.0,4.0,10.0,54.0,21.0,17.0,17.0,22.0,18.0,13.0,27.0,61.0,11.0,13.0,48.0,42.0,39.0
Klhl36,6.0,10.0,15.0,102.0,39.0,40.0,14.0,39.0,46.0,0.0,33.0,86.0,23.0,52.0,47.0,57.0,50.0
Klhl41,571.0,1.0,128.0,50.0,110.0,7.0,31.0,300.0,83.0,1.0,114.0,617.0,149.0,327.0,338.0,159.0,318.0
Klk5,39.0,18.0,6.0,45.0,52.0,50.0,26.0,15.0,42.0,0.0,6.0,82.0,45.0,23.0,118.0,47.0,60.0
Klk6,526.0,187.0,201.0,894.0,1209.0,359.0,460.0,234.0,220.0,11.0,5.0,1910.0,1019.0,357.0,1260.0,796.0,472.0
Klra8,6.0,4.0,21.0,3.0,5.0,2.0,14.0,3.0,2.0,0.0,1.0,1.0,1.0,2.0,3.0,2.0,2.0
Klrb1,1.0,0.0,2.0,1.0,0.0,1.0,1.0,2.0,2.0,0.0,0.0,0.0,0.0,0.0,1.0,2.0,0.0
Klrb1c,2.0,1.0,13.0,1.0,0.0,0.0,10.0,2.0,3.0,0.0,4.0,3.0,2.0,1.0,3.0,4.0,0.0
Klrc1,1.0,0.0,8.0,2.0,0.0,1.0,7.0,0.0,0.0,0.0,5.0,0.0,3.0,1.0,3.0,3.0,3.0
Klrd1,0.0,0.0,5.0,0.0,0.0,0.0,2.0,0.0,0.0,0.0,0.0,0.0,0.0,1.0,0.0,2.0,0.0
Klrg1,2.0,3.0,6.0,2.0,4.0,0.0,7.0,1.0,3.0,0.0,4.0,6.0,2.0,4.0,2.0,5.0,1.0
Klrk1,5.0,2.0,14.0,13.0,10.0,3.0,11.0,10.0,14.0,0.0,14.0,10.0,9.0,11.0,18.0,16.0,8.0
Kmt2a,36.0,59.0,74.0,238.0,129.0,150.0,89.0,126.0,109.0,12.0,135.0,218.0,132.0,126.0,154.0,195.0,136.0
Kmt2b,69.0,84.0,87.0,401.0,172.0,208.0,128.0,228.0,163.0,14.0,151.0,324.0,190.0,215.0,204.0,315.0,256.0
Kmt2c,24.0,26.0,27.0,133.0,49.0,71.0,34.0,79.0,73.0,4.0,55.0,157.0,47.0,64.0,89.0,92.0,96.0
Kmt2d,68.0,97.0,92.0,467.0,189.0,233.0,153.0,264.0,231.0,21.0,183.0,429.0,229.0,237.0,223.0,361.0,290.0
Kmt2e,60.0,68.0,94.0,310.0,187.0,223.0,164.0,196.0,260.0,26.0,131.0,353.0,150.0,148.0,226.0,248.0,216.0
Kmt5b,65.0,60.0,74.0,264.0,151.0,167.0,113.0,176.0,160.0,20.0,134.0,315.0,181.0,141.0,201.0,252.0,217.0
Kmt5c,3.0,2.0,9.0,45.0,15.0,13.0,8.0,17.0,18.0,1.0,18.0,33.0,11.0,16.0,20.0,33.0,39.0
Kndc1,0.0,1.0,6.0,3.0,1.0,1.0,11.0,3.0,0.0,0.0,3.0,1.0,3.0,0.0,0.0,4.0,3.0
Knl1,2.0,7.0,7.0,41.0,15.0,31.0,16.0,23.0,8.0,0.0,19.0,32.0,13.0,17.0,7.0,21.0,25.0
Knstrn,38.0,44.0,29.0,209.0,96.0,104.0,61.0,75.0,56.0,2.0,111.0,198.0,116.0,75.0,98.0,139.0,171.0
Kpna2,66.0,102.0,89.0,325.0,168.0,165.0,192.0,146.0,99.0,3.0,119.0,367.0,218.0,171.0,188.0,272.0,272.0
Kpnb1,301.0,314.0,295.0,1127.0,643.0,497.0,500.0,611.0,430.0,22.0,379.0,1302.0,839.0,640.0,706.0,1069.0,951.0
Kras,108.0,89.0,132.0,356.0,169.0,152.0,211.0,175.0,151.0,15.0,161.0,358.0,212.0,182.0,219.0,266.0,244.0
Kremen1,12.0,18.0,10.0,60.0,19.0,27.0,25.0,27.0,30.0,0.0,29.0,51.0,17.0,25.0,21.0,31.0,40.0
Kremen2,5.0,6.0,10.0,28.0,10.0,32.0,13.0,18.0,13.0,0.0,14.0,13.0,7.0,8.0,14.0,10.0,11.0
Krit1,6.0,10.0,14.0,39.0,23.0,25.0,23.0,25.0,19.0,1.0,25.0,41.0,14.0,19.0,20.0,48.0,23.0
Krt2,1.0,3.0,8.0,2.0,2.0,0.0,5.0,2.0,1.0,0.0,3.0,0.0,4.0,1.0,2.0,1.0,0.0
Krt20,1.0,2.0,11.0,3.0,6.0,6.0,5.0,1.0,4.0,0.0,4.0,7.0,2.0,2.0,6.0,1.0,5.0
Krt28,2.0,1.0,3.0,667.0,0.0,714.0,10.0,650.0,6.0,0.0,974.0,8.0,1.0,2.0,6.0,5.0,7.0
Krt40,0.0,2.0,4.0,1.0,0.0,1.0,0.0,0.0,0.0,0.0,1.0,0.0,2.0,0.0,0.0,0.0,0.0
Krt71,1.0,0.0,7.0,492.0,7.0,268.0,4.0,897.0,4.0,2.0,644.0,7.0,7.0,3.0,7.0,3.0,3.0
Krt76,0.0,0.0,0.0,1.0,0.0,0.0,3.0,3.0,1.0,0.0,0.0,1.0,0.0,0.0,0.0,1.0,1.0
Krt78,380.0,104.0,33.0,1083.0,467.0,538.0,62.0,43.0,973.0,0.0,168.0,986.0,146.0,144.0,1463.0,550.0,783.0
Krt79,33.0,113.0,22.0,446.0,58.0,261.0,96.0,172.0,95.0,0.0,104.0,218.0,238.0,66.0,129.0,79.0,88.0
Krt82,0.0,0.0,3.0,0.0,1.0,3.0,2.0,3.0,0.0,0.0,4.0,0.0,0.0,0.0,0.0,0.0,0.0
Ksr2,2.0,2.0,4.0,3.0,1.0,1.0,2.0,3.0,3.0,1.0,4.0,1.0,1.0,5.0,3.0,3.0,3.0
Kyat1,0.0,2.0,2.0,16.0,7.0,1.0,1.0,13.0,3.0,0.0,0.0,9.0,2.0,10.0,10.0,5.0,6.0
L1cam,3.0,19.0,9.0,75.0,40.0,46.0,28.0,23.0,37.0,5.0,20.0,72.0,30.0,19.0,34.0,54.0,45.0
L3hypdh,0.0,0.0,3.0,15.0,4.0,5.0,2.0,4.0,2.0,0.0,4.0,8.0,0.0,6.0,11.0,9.0,8.0
L3mbtl2,35.0,35.0,26.0,150.0,66.0,64.0,44.0,56.0,48.0,3.0,41.0,131.0,78.0,74.0,78.0,128.0,88.0
Lacc1,1.0,3.0,10.0,25.0,8.0,11.0,16.0,7.0,14.0,1.0,16.0,15.0,8.0,9.0,31.0,16.0,10.0
Lag3,4.0,5.0,13.0,12.0,10.0,10.0,7.0,8.0,15.0,0.0,20.0,14.0,9.0,12.0,15.0,16.0,11.0
Lama1,0.0,2.0,0.0,6.0,5.0,7.0,1.0,4.0,22.0,0.0,1.0,8.0,4.0,4.0,5.0,3.0,5.0
Lama2,11.0,8.0,9.0,122.0,69.0,122.0,22.0,54.0,40.0,1.0,58.0,258.0,17.0,60.0,99.0,85.0,76.0
Lama3,253.0,367.0,351.0,1499.0,1888.0,314.0,839.0,594.0,473.0,191.0,86.0,2479.0,981.0,547.0,923.0,1839.0,946.0
Lama4,42.0,55.0,61.0,250.0,135.0,72.0,80.0,97.0,96.0,10.0,175.0,355.0,101.0,139.0,276.0,441.0,345.0
Lama5,28.0,44.0,22.0,232.0,115.0,137.0,46.0,153.0,83.0,5.0,154.0,291.0,74.0,86.0,127.0,138.0,118.0
Lamb1,66.0,35.0,52.0,430.0,192.0,166.0,95.0,174.0,60.0,9.0,308.0,440.0,120.0,111.0,326.0,435.0,394.0
Lamb2,42.0,37.0,57.0,248.0,170.0,137.0,73.0,127.0,145.0,7.0,155.0,645.0,100.0,219.0,297.0,345.0,230.0
Lamb3,56.0,158.0,136.0,576.0,769.0,110.0,409.0,231.0,240.0,94.0,29.0,1143.0,346.0,181.0,406.0,619.0,361.0
Lamc1,155.0,106.0,160.0,802.0,464.0,397.0,260.0,397.0,254.0,26.0,525.0,1251.0,232.0,388.0,814.0,1031.0,896.0
Lamp1,185.0,181.0,238.0,865.0,774.0,519.0,493.0,461.0,481.0,75.0,609.0,1344.0,424.0,398.0,1083.0,866.0,737.0
Lamp2,502.0,457.0,497.0,1071.0,1041.0,794.0,858.0,684.0,888.0,65.0,631.0,1903.0,1119.0,985.0,1435.0,1385.0,1177.0
Lamp3,0.0,0.0,9.0,2.0,0.0,0.0,8.0,1.0,1.0,0.0,1.0,0.0,1.0,0.0,4.0,1.0,0.0
Lamp5,1.0,1.0,2.0,1.0,1.0,2.0,1.0,1.0,3.0,0.0,0.0,0.0,1.0,0.0,2.0,1.0,0.0
Lamtor1,25.0,14.0,33.0,124.0,40.0,38.0,34.0,82.0,37.0,6.0,14.0,139.0,54.0,86.0,62.0,106.0,85.0
Lamtor2,35.0,44.0,36.0,225.0,130.0,130.0,77.0,129.0,95.0,9.0,80.0,314.0,103.0,122.0,157.0,182.0,173.0
Lamtor3,194.0,165.0,163.0,849.0,441.0,377.0,281.0,365.0,370.0,22.0,253.0,870.0,381.0,433.0,631.0,681.0,519.0
Lamtor4,80.0,90.0,77.0,501.0,230.0,251.0,147.0,214.0,187.0,13.0,126.0,565.0,213.0,246.0,323.0,383.0,286.0
Lamtor5,3.0,1.0,30.0,13.0,9.0,8.0,19.0,17.0,14.0,3.0,4.0,11.0,14.0,5.0,10.0,13.0,11.0
Lancl2,10.0,18.0,17.0,63.0,22.0,38.0,18.0,33.0,31.0,0.0,18.0,59.0,28.0,41.0,48.0,45.0,42.0
Laptm4b,7.0,5.0,17.0,77.0,26.0,35.0,21.0,34.0,43.0,3.0,10.0,59.0,33.0,34.0,34.0,58.0,51.0
Large1,25.0,15.0,18.0,57.0,34.0,20.0,18.0,36.0,24.0,0.0,44.0,86.0,34.0,43.0,57.0,52.0,73.0
Large2,27.0,81.0,17.0,243.0,101.0,180.0,42.0,102.0,110.0,0.0,142.0,187.0,142.0,139.0,82.0,108.0,105.0
Lasp1,22.0,13.0,37.0,131.0,54.0,35.0,63.0,71.0,53.0,15.0,52.0,124.0,34.0,51.0,64.0,116.0,78.0
Lat,9.0,13.0,11.0,34.0,15.0,14.0,17.0,12.0,35.0,1.0,10.0,36.0,15.0,15.0,24.0,21.0,22.0
Lats1,27.0,50.0,40.0,141.0,92.0,92.0,70.0,62.0,75.0,4.0,64.0,141.0,97.0,76.0,83.0,79.0,92.0
Lats2,12.0,9.0,23.0,74.0,37.0,33.0,37.0,42.0,30.0,1.0,34.0,85.0,28.0,32.0,47.0,59.0,58.0
Lbr,15.0,19.0,27.0,140.0,37.0,67.0,40.0,93.0,32.0,3.0,67.0,146.0,54.0,61.0,53.0,78.0,67.0
Lbx1,5.0,1.0,3.0,4.0,1.0,0.0,1.0,3.0,0.0,0.0,1.0,20.0,0.0,11.0,1.0,8.0,9.0
Lck,0.0,2.0,6.0,8.0,5.0,6.0,11.0,5.0,8.0,1.0,3.0,3.0,2.0,2.0,6.0,7.0,4.0
Lcp2,30.0,24.0,80.0,149.0,95.0,35.0,105.0,131.0,79.0,25.0,74.0,154.0,58.0,39.0,192.0,144.0,125.0
Ldah,38.0,59.0,36.0,153.0,125.0,131.0,74.0,64.0,132.0,3.0,71.0,171.0,98.0,99.0,177.0,168.0,140.0
Ldb1,28.0,44.0,48.0,413.0,128.0,225.0,96.0,212.0,138.0,17.0,141.0,320.0,108.0,130.0,166.0,219.0,193.0
Ldb2,6.0,6.0,2.0,19.0,15.0,12.0,15.0,9.0,9.0,1.0,23.0,72.0,12.0,15.0,24.0,21.0,31.0
Ldha,14.0,11.0,31.0,46.0,25.0,12.0,34.0,84.0,18.0,6.0,2.0,124.0,28.0,72.0,14.0,55.0,35.0
Ldhb,17.0,32.0,15.0,73.0,49.0,57.0,27.0,28.0,39.0,3.0,34.0,127.0,46.0,63.0,76.0,39.0,45.0
Ldlr,87.0,79.0,78.0,122.0,106.0,64.0,79.0,103.0,95.0,3.0,28.0,232.0,135.0,131.0,91.0,112.0,134.0
Ldlrad4,9.0,11.0,14.0,34.0,30.0,25.0,18.0,26.0,28.0,1.0,24.0,59.0,24.0,30.0,55.0,45.0,58.0
Lect2,0.0,2.0,7.0,2.0,6.0,1.0,10.0,0.0,0.0,0.0,1.0,2.0,2.0,2.0,2.0,2.0,5.0
Lef1,0.0,1.0,1.0,14.0,1.0,12.0,8.0,10.0,2.0,0.0,10.0,2.0,1.0,2.0,0.0,4.0,4.0
Lefty1,1.0,3.0,6.0,5.0,0.0,1.0,4.0,1.0,3.0,2.0,0.0,5.0,4.0,2.0,2.0,1.0,4.0
Lefty2,3.0,1.0,2.0,4.0,3.0,2.0,6.0,2.0,3.0,0.0,0.0,6.0,2.0,1.0,4.0,4.0,7.0
Leo1,57.0,57.0,36.0,221.0,125.0,89.0,78.0,95.0,78.0,4.0,76.0,216.0,163.0,108.0,134.0,142.0,106.0
Lep,1.0,1.0,6.0,2.0,26.0,29.0,4.0,1.0,12.0,0.0,10.0,13.0,10.0,0.0,12.0,2.0,3.0
Lepr,9.0,19.0,8.0,45.0,45.0,116.0,21.0,47.0,40.0,0.0,70.0,93.0,17.0,21.0,49.0,25.0,18.0
Leprot,23.0,23.0,24.0,87.0,79.0,50.0,44.0,50.0,50.0,3.0,49.0,138.0,56.0,59.0,93.0,119.0,73.0
Letmd1,14.0,21.0,25.0,97.0,56.0,63.0,44.0,40.0,57.0,7.0,31.0,137.0,56.0,63.0,96.0,88.0,98.0
Lfng,8.0,5.0,14.0,78.0,47.0,40.0,29.0,64.0,43.0,2.0,49.0,68.0,26.0,38.0,67.0,54.0,37.0
Lgals9,129.0,84.0,204.0,665.0,353.0,179.0,335.0,488.0,337.0,48.0,257.0,952.0,258.0,286.0,602.0,728.0,444.0
Lgi3,1.0,0.0,4.0,0.0,0.0,2.0,2.0,1.0,1.0,0.0,1.0,4.0,0.0,0.0,3.0,5.0,4.0
Lgr4,10.0,26.0,7.0,107.0,22.0,82.0,13.0,49.0,39.0,1.0,59.0,53.0,32.0,46.0,23.0,44.0,30.0
Lgr5,8.0,26.0,11.0,176.0,53.0,115.0,22.0,95.0,39.0,0.0,102.0,114.0,37.0,54.0,24.0,36.0,19.0
Lgr6,5.0,25.0,7.0,126.0,27.0,70.0,28.0,62.0,71.0,1.0,20.0,119.0,45.0,56.0,41.0,71.0,42.0
Lhb,0.0,1.0,5.0,2.0,1.0,0.0,5.0,0.0,2.0,0.0,1.0,1.0,0.0,0.0,0.0,0.0,1.0
Lhcgr,0.0,0.0,4.0,2.0,0.0,2.0,2.0,1.0,1.0,0.0,1.0,1.0,0.0,0.0,1.0,0.0,0.0
Lhfpl5,1.0,2.0,5.0,1.0,2.0,0.0,9.0,3.0,2.0,0.0,0.0,2.0,1.0,1.0,3.0,4.0,5.0
Lhx1,1.0,0.0,7.0,0.0,0.0,0.0,1.0,0.0,2.0,1.0,0.0,0.0,0.0,1.0,1.0,2.0,0.0
Lhx2,0.0,5.0,6.0,51.0,11.0,42.0,10.0,28.0,11.0,0.0,23.0,14.0,6.0,10.0,5.0,7.0,13.0
Lhx3,2.0,1.0,8.0,6.0,6.0,3.0,4.0,2.0,4.0,0.0,6.0,4.0,1.0,2.0,8.0,4.0,7.0
Lhx4,1.0,0.0,8.0,2.0,0.0,2.0,3.0,3.0,1.0,0.0,2.0,1.0,2.0,0.0,3.0,2.0,0.0
Lhx5,4.0,1.0,5.0,1.0,3.0,5.0,9.0,3.0,3.0,0.0,2.0,5.0,3.0,2.0,4.0,5.0,3.0
Lhx6,1.0,1.0,7.0,12.0,11.0,3.0,4.0,4.0,5.0,3.0,10.0,28.0,2.0,1.0,8.0,17.0,13.0
Lhx8,2.0,1.0,5.0,1.0,2.0,3.0,3.0,5.0,5.0,2.0,2.0,9.0,3.0,0.0,11.0,3.0,4.0
Lhx9,0.0,0.0,10.0,1.0,2.0,0.0,15.0,1.0,1.0,0.0,4.0,5.0,3.0,0.0,1.0,3.0,1.0
Lif,56.0,28.0,420.0,54.0,34.0,30.0,506.0,78.0,64.0,17.0,23.0,39.0,46.0,17.0,62.0,124.0,41.0
Lifr,10.0,16.0,24.0,89.0,63.0,54.0,42.0,33.0,71.0,3.0,37.0,131.0,29.0,46.0,56.0,78.0,57.0
Lig4,5.0,11.0,12.0,33.0,22.0,17.0,11.0,19.0,17.0,1.0,17.0,40.0,24.0,14.0,19.0,23.0,31.0
Lilra5,1.0,0.0,6.0,3.0,1.0,0.0,5.0,0.0,0.0,0.0,0.0,0.0,0.0,0.0,1.0,2.0,1.0
Lima1,269.0,364.0,271.0,1151.0,892.0,460.0,537.0,595.0,494.0,29.0,485.0,1525.0,916.0,665.0,1015.0,1196.0,911.0
Limd1,34.0,39.0,46.0,241.0,84.0,132.0,67.0,113.0,135.0,15.0,86.0,242.0,83.0,129.0,160.0,167.0,157.0
Limk1,7.0,11.0,15.0,29.0,28.0,11.0,12.0,14.0,22.0,3.0,8.0,40.0,12.0,19.0,24.0,32.0,23.0
Limk2,98.0,219.0,114.0,797.0,501.0,476.0,237.0,338.0,369.0,6.0,225.0,773.0,470.0,301.0,441.0,489.0,427.0
Lin28a,0.0,0.0,6.0,0.0,0.0,0.0,6.0,1.0,0.0,0.0,1.0,0.0,0.0,0.0,1.0,1.0,0.0
Lin28b,1.0,0.0,3.0,0.0,0.0,0.0,4.0,0.0,0.0,0.0,1.0,1.0,1.0,0.0,0.0,0.0,1.0
Lin7c,42.0,39.0,31.0,108.0,75.0,71.0,66.0,73.0,76.0,5.0,40.0,149.0,97.0,89.0,72.0,106.0,111.0
Lingo1,7.0,10.0,2.0,12.0,16.0,9.0,8.0,5.0,5.0,0.0,14.0,24.0,16.0,7.0,17.0,11.0,14.0
Lipe,21.0,9.0,27.0,70.0,156.0,96.0,30.0,44.0,71.0,0.0,59.0,155.0,30.0,39.0,114.0,72.0,49.0
Lipg,149.0,150.0,164.0,73.0,111.0,57.0,230.0,128.0,211.0,9.0,56.0,229.0,354.0,172.0,232.0,117.0,77.0
Lipm,79.0,49.0,25.0,263.0,260.0,300.0,104.0,83.0,236.0,0.0,76.0,316.0,144.0,100.0,379.0,245.0,200.0
Litaf,65.0,34.0,84.0,128.0,87.0,74.0,117.0,160.0,105.0,17.0,49.0,196.0,142.0,120.0,127.0,182.0,154.0
Llgl2,6.0,6.0,18.0,45.0,20.0,24.0,26.0,18.0,27.0,1.0,7.0,47.0,32.0,19.0,38.0,23.0,27.0
Lmna,1240.0,1544.0,1585.0,7054.0,2887.0,2552.0,2925.0,2755.0,2742.0,128.0,1788.0,7367.0,4483.0,3446.0,4014.0,5394.0,4382.0
Lmnb1,111.0,88.0,151.0,749.0,260.0,370.0,233.0,354.0,213.0,9.0,386.0,483.0,283.0,211.0,380.0,493.0,368.0
Lmnb2,5.0,5.0,8.0,37.0,18.0,14.0,8.0,18.0,18.0,0.0,10.0,39.0,16.0,26.0,24.0,31.0,33.0
Lmo2,11.0,4.0,15.0,23.0,25.0,17.0,9.0,33.0,10.0,6.0,12.0,63.0,2.0,20.0,39.0,30.0,26.0
Lmo4,32.0,53.0,45.0,323.0,93.0,282.0,83.0,215.0,144.0,6.0,206.0,206.0,106.0,109.0,106.0,136.0,149.0
Lmx1a,4.0,2.0,5.0,5.0,0.0,8.0,5.0,2.0,4.0,0.0,3.0,6.0,2.0,1.0,7.0,8.0,4.0
Lmx1b,1.0,1.0,3.0,3.0,2.0,1.0,4.0,4.0,1.0,0.0,2.0,3.0,1.0,4.0,1.0,1.0,1.0
Lnpk,17.0,18.0,32.0,56.0,48.0,23.0,32.0,46.0,36.0,3.0,21.0,134.0,31.0,62.0,38.0,96.0,56.0
Lox,6.0,5.0,31.0,114.0,36.0,15.0,23.0,56.0,21.0,0.0,34.0,101.0,19.0,43.0,75.0,239.0,178.0
Loxl1,6.0,15.0,13.0,37.0,23.0,19.0,14.0,19.0,22.0,2.0,26.0,54.0,24.0,50.0,43.0,80.0,53.0
Lpar1,11.0,7.0,12.0,28.0,15.0,5.0,13.0,17.0,24.0,5.0,9.0,41.0,14.0,39.0,13.0,59.0,22.0
Lpar2,2.0,3.0,10.0,15.0,9.0,18.0,14.0,13.0,13.0,0.0,3.0,8.0,10.0,4.0,4.0,5.0,9.0
Lpar5,3.0,3.0,3.0,9.0,11.0,5.0,12.0,9.0,13.0,1.0,2.0,14.0,5.0,8.0,13.0,9.0,8.0
Lpar6,30.0,33.0,45.0,187.0,104.0,120.0,66.0,116.0,68.0,10.0,138.0,197.0,76.0,73.0,144.0,126.0,140.0
Lpin1,11.0,7.0,8.0,15.0,27.0,31.0,9.0,44.0,11.0,0.0,8.0,85.0,25.0,107.0,27.0,26.0,32.0
Lpin2,19.0,10.0,17.0,67.0,43.0,19.0,20.0,35.0,27.0,3.0,27.0,68.0,22.0,28.0,53.0,52.0,50.0
Lpin3,14.0,7.0,9.0,54.0,31.0,29.0,24.0,21.0,29.0,1.0,17.0,63.0,23.0,14.0,45.0,57.0,39.0
Lpl,119.0,57.0,76.0,774.0,1186.0,709.0,144.0,151.0,286.0,8.0,510.0,1249.0,166.0,243.0,1191.0,602.0,399.0
Lpp,74.0,84.0,84.0,447.0,224.0,159.0,153.0,279.0,159.0,10.0,151.0,546.0,226.0,210.0,286.0,420.0,321.0
Lratd2,29.0,39.0,39.0,103.0,49.0,50.0,60.0,62.0,61.0,7.0,41.0,146.0,79.0,82.0,68.0,83.0,73.0
Lrig1,34.0,29.0,33.0,474.0,94.0,225.0,48.0,155.0,96.0,2.0,131.0,273.0,78.0,123.0,98.0,141.0,106.0
Lrp1,321.0,395.0,600.0,1572.0,962.0,519.0,1113.0,995.0,795.0,117.0,833.0,1970.0,788.0,1026.0,1398.0,2011.0,1475.0
Lrp12,9.0,11.0,18.0,66.0,32.0,30.0,19.0,33.0,22.0,3.0,26.0,58.0,28.0,23.0,54.0,51.0,33.0
Lrp2,0.0,0.0,3.0,0.0,1.0,0.0,2.0,0.0,0.0,0.0,2.0,0.0,0.0,1.0,0.0,4.0,0.0
Lrp5,43.0,39.0,27.0,198.0,129.0,104.0,62.0,99.0,81.0,9.0,92.0,214.0,106.0,81.0,108.0,114.0,101.0
Lrp6,38.0,39.0,30.0,203.0,126.0,127.0,58.0,91.0,69.0,3.0,130.0,244.0,94.0,100.0,148.0,160.0,147.0
Lrp8,12.0,17.0,17.0,67.0,21.0,14.0,35.0,37.0,23.0,1.0,16.0,44.0,30.0,16.0,13.0,36.0,38.0
Lrpprc,35.0,34.0,37.0,154.0,71.0,58.0,55.0,98.0,67.0,3.0,57.0,164.0,68.0,89.0,80.0,84.0,93.0
Lrrc15,1.0,4.0,9.0,75.0,10.0,42.0,4.0,14.0,2.0,0.0,55.0,24.0,4.0,0.0,55.0,64.0,62.0
Lrrc52,1.0,2.0,4.0,1.0,1.0,1.0,10.0,2.0,1.0,0.0,2.0,4.0,1.0,0.0,3.0,0.0,1.0
Lrrc6,1.0,0.0,4.0,0.0,0.0,2.0,8.0,1.0,0.0,0.0,1.0,1.0,1.0,0.0,1.0,0.0,0.0
Lrrk1,8.0,16.0,25.0,121.0,65.0,37.0,38.0,31.0,52.0,3.0,45.0,107.0,34.0,44.0,55.0,75.0,71.0
Lrrk2,32.0,19.0,44.0,98.0,43.0,40.0,48.0,69.0,61.0,10.0,68.0,93.0,58.0,49.0,58.0,108.0,103.0
Lrrtm1,1.0,1.0,5.0,2.0,0.0,1.0,3.0,0.0,2.0,0.0,1.0,0.0,1.0,1.0,1.0,2.0,2.0
Lrrtm3,1.0,2.0,7.0,3.0,0.0,3.0,5.0,2.0,2.0,1.0,6.0,3.0,1.0,0.0,3.0,1.0,2.0
Lsm14a,251.0,183.0,232.0,761.0,476.0,450.0,345.0,392.0,397.0,36.0,457.0,827.0,482.0,357.0,657.0,631.0,502.0
Lsr,217.0,229.0,195.0,493.0,438.0,392.0,328.0,323.0,500.0,21.0,308.0,502.0,572.0,283.0,482.0,350.0,313.0
Lss,115.0,160.0,71.0,331.0,177.0,279.0,116.0,119.0,259.0,2.0,102.0,312.0,254.0,244.0,261.0,252.0,281.0
Lta,0.0,0.0,4.0,0.0,1.0,1.0,4.0,2.0,4.0,0.0,3.0,1.0,1.0,0.0,2.0,3.0,1.0
Lta4h,114.0,107.0,101.0,441.0,288.0,221.0,207.0,168.0,181.0,18.0,209.0,489.0,254.0,226.0,389.0,372.0,363.0
Ltb4r1,26.0,31.0,42.0,46.0,33.0,18.0,81.0,60.0,40.0,6.0,6.0,84.0,70.0,49.0,23.0,52.0,26.0
Ltbp1,73.0,187.0,71.0,382.0,210.0,222.0,223.0,198.0,218.0,7.0,111.0,546.0,322.0,294.0,306.0,255.0,231.0
Ltbr,33.0,29.0,25.0,88.0,49.0,51.0,56.0,63.0,53.0,3.0,36.0,128.0,87.0,84.0,79.0,108.0,96.0
Luc7l3,116.0,101.0,120.0,621.0,279.0,360.0,195.0,309.0,298.0,22.0,245.0,580.0,293.0,338.0,317.0,436.0,403.0
Lum,46.0,160.0,80.0,607.0,473.0,417.0,209.0,291.0,289.0,4.0,319.0,1188.0,163.0,442.0,686.0,761.0,693.0
Lurap1,3.0,0.0,7.0,4.0,0.0,5.0,14.0,7.0,2.0,2.0,4.0,7.0,3.0,5.0,1.0,4.0,4.0
Lvrn,18.0,75.0,57.0,164.0,115.0,55.0,88.0,101.0,130.0,1.0,160.0,321.0,214.0,140.0,120.0,140.0,121.0
Ly6g5b,2.0,6.0,15.0,5.0,3.0,8.0,4.0,3.0,3.0,0.0,6.0,7.0,6.0,2.0,7.0,2.0,5.0
Ly6g6d,1.0,0.0,6.0,2.0,1.0,10.0,3.0,18.0,0.0,0.0,27.0,2.0,1.0,1.0,1.0,0.0,0.0
Ly6g6e,8.0,6.0,9.0,29.0,20.0,28.0,17.0,11.0,31.0,1.0,10.0,40.0,20.0,20.0,37.0,30.0,33.0
Ly6h,3.0,1.0,8.0,4.0,7.0,5.0,7.0,4.0,4.0,0.0,12.0,7.0,10.0,3.0,9.0,2.0,3.0
Ly6i,0.0,3.0,6.0,5.0,1.0,1.0,4.0,9.0,2.0,0.0,0.0,4.0,2.0,3.0,2.0,3.0,1.0
Ly6k,14.0,24.0,12.0,17.0,50.0,24.0,39.0,11.0,28.0,1.0,36.0,67.0,55.0,19.0,54.0,10.0,27.0
Ly6m,18.0,19.0,33.0,28.0,54.0,23.0,50.0,9.0,45.0,1.0,8.0,84.0,58.0,20.0,91.0,31.0,33.0
Ly75,13.0,8.0,18.0,39.0,19.0,25.0,27.0,24.0,28.0,0.0,25.0,19.0,23.0,15.0,40.0,35.0,32.0
Ly86,14.0,6.0,15.0,42.0,46.0,18.0,16.0,44.0,17.0,3.0,36.0,88.0,29.0,33.0,128.0,62.0,38.0
Ly96,26.0,26.0,45.0,101.0,78.0,66.0,73.0,45.0,69.0,12.0,56.0,166.0,58.0,35.0,123.0,84.0,82.0
Lyar,13.0,15.0,20.0,94.0,18.0,23.0,29.0,55.0,30.0,0.0,11.0,92.0,46.0,67.0,37.0,58.0,64.0
Lyg1,3.0,1.0,9.0,0.0,2.0,3.0,8.0,4.0,2.0,0.0,0.0,3.0,5.0,2.0,2.0,2.0,0.0
Lyn,38.0,5.0,88.0,101.0,59.0,18.0,105.0,111.0,85.0,7.0,60.0,104.0,64.0,55.0,122.0,145.0,92.0
Lypd1,2.0,1.0,6.0,4.0,0.0,4.0,1.0,1.0,0.0,0.0,2.0,5.0,2.0,1.0,3.0,6.0,5.0
Lypd6,0.0,1.0,6.0,6.0,7.0,2.0,3.0,0.0,2.0,1.0,3.0,5.0,5.0,3.0,1.0,1.0,3.0
Lypd6b,14.0,18.0,22.0,50.0,52.0,51.0,19.0,23.0,55.0,0.0,20.0,49.0,30.0,38.0,56.0,53.0,50.0
Lyplal1,0.0,0.0,10.0,7.0,6.0,6.0,4.0,6.0,3.0,0.0,12.0,10.0,7.0,2.0,10.0,8.0,7.0
Lyst,74.0,63.0,112.0,215.0,166.0,134.0,170.0,182.0,164.0,33.0,118.0,179.0,174.0,93.0,221.0,187.0,199.0
Lyve1,20.0,22.0,15.0,63.0,133.0,11.0,30.0,31.0,32.0,0.0,61.0,207.0,50.0,62.0,123.0,81.0,50.0
Lyzl6,1.0,0.0,7.0,0.0,1.0,0.0,4.0,1.0,0.0,0.0,0.0,1.0,0.0,0.0,3.0,0.0,0.0
Lztr1,45.0,44.0,44.0,220.0,85.0,104.0,70.0,113.0,104.0,7.0,68.0,223.0,97.0,128.0,141.0,200.0,136.0
Mad1l1,41.0,58.0,61.0,392.0,168.0,167.0,107.0,155.0,136.0,12.0,111.0,343.0,151.0,155.0,181.0,258.0,246.0
Mad2l1,7.0,4.0,4.0,17.0,8.0,6.0,13.0,11.0,5.0,0.0,8.0,16.0,13.0,4.0,4.0,24.0,18.0
Mad2l2,15.0,9.0,16.0,50.0,23.0,22.0,15.0,27.0,34.0,0.0,19.0,48.0,29.0,29.0,33.0,49.0,52.0
Madcam1,1.0,1.0,7.0,0.0,3.0,0.0,8.0,0.0,1.0,0.0,0.0,1.0,0.0,0.0,1.0,1.0,0.0
Mael,2.0,0.0,3.0,0.0,2.0,1.0,3.0,1.0,3.0,0.0,4.0,2.0,5.0,0.0,0.0,1.0,0.0
Maf,230.0,122.0,265.0,1043.0,591.0,462.0,445.0,592.0,451.0,67.0,515.0,1244.0,345.0,406.0,849.0,779.0,651.0
Maf1,11.0,7.0,15.0,50.0,27.0,30.0,25.0,34.0,22.0,2.0,21.0,71.0,19.0,32.0,49.0,55.0,38.0
Mafa,23.0,1.0,10.0,23.0,23.0,12.0,5.0,14.0,7.0,2.0,8.0,94.0,11.0,49.0,37.0,24.0,47.0
Mafb,149.0,155.0,231.0,1526.0,551.0,749.0,388.0,746.0,457.0,79.0,307.0,1319.0,489.0,487.0,1008.0,1008.0,657.0
Maff,43.0,18.0,51.0,82.0,41.0,23.0,36.0,95.0,37.0,15.0,18.0,108.0,51.0,45.0,48.0,117.0,82.0
Mafk,1.0,1.0,4.0,4.0,0.0,1.0,4.0,6.0,3.0,1.0,1.0,7.0,1.0,5.0,0.0,8.0,1.0
Mag,2.0,1.0,8.0,4.0,4.0,4.0,4.0,6.0,4.0,1.0,2.0,16.0,4.0,5.0,6.0,5.0,7.0
Magoh,10.0,15.0,17.0,95.0,33.0,59.0,31.0,78.0,33.0,6.0,35.0,116.0,65.0,76.0,47.0,104.0,80.0
Maip1,29.0,15.0,9.0,56.0,24.0,21.0,22.0,36.0,17.0,4.0,28.0,80.0,37.0,46.0,49.0,69.0,54.0
Malt1,30.0,22.0,33.0,89.0,44.0,35.0,63.0,54.0,45.0,4.0,28.0,78.0,68.0,33.0,66.0,88.0,60.0
Maml1,14.0,10.0,23.0,51.0,21.0,33.0,24.0,37.0,20.0,0.0,16.0,75.0,26.0,25.0,46.0,51.0,36.0
Man2b2,40.0,39.0,48.0,222.0,192.0,136.0,74.0,92.0,122.0,12.0,147.0,308.0,83.0,137.0,222.0,270.0,202.0
Maoa,101.0,87.0,43.0,126.0,135.0,104.0,99.0,73.0,71.0,1.0,65.0,237.0,222.0,138.0,227.0,147.0,166.0
Maob,3.0,24.0,6.0,18.0,31.0,65.0,26.0,16.0,24.0,0.0,29.0,70.0,23.0,40.0,52.0,30.0,36.0
Map1b,32.0,54.0,35.0,85.0,78.0,83.0,43.0,24.0,37.0,4.0,78.0,149.0,95.0,48.0,115.0,69.0,103.0
Map1lc3a,298.0,303.0,156.0,417.0,388.0,449.0,294.0,270.0,384.0,9.0,309.0,846.0,609.0,365.0,714.0,392.0,422.0
Map2,77.0,69.0,32.0,236.0,152.0,178.0,83.0,56.0,209.0,1.0,43.0,262.0,130.0,86.0,301.0,163.0,172.0
Map2k1,78.0,36.0,106.0,197.0,121.0,51.0,149.0,113.0,44.0,22.0,57.0,209.0,119.0,70.0,146.0,164.0,140.0
Map2k2,53.0,44.0,66.0,359.0,136.0,148.0,92.0,204.0,128.0,9.0,98.0,322.0,112.0,122.0,186.0,273.0,248.0
Map2k3,3.0,3.0,8.0,10.0,10.0,5.0,6.0,6.0,12.0,0.0,6.0,13.0,3.0,12.0,0.0,12.0,4.0
Map2k4,52.0,66.0,52.0,116.0,114.0,124.0,98.0,65.0,112.0,3.0,58.0,139.0,158.0,76.0,168.0,123.0,119.0
Map2k5,6.0,2.0,8.0,33.0,13.0,12.0,16.0,21.0,15.0,0.0,12.0,33.0,14.0,23.0,36.0,39.0,24.0
Map3k1,81.0,55.0,43.0,189.0,111.0,156.0,87.0,151.0,114.0,6.0,135.0,174.0,106.0,115.0,193.0,146.0,141.0
Map3k11,28.0,35.0,36.0,152.0,66.0,65.0,52.0,80.0,66.0,6.0,69.0,186.0,73.0,76.0,86.0,97.0,89.0
Map3k14,42.0,31.0,55.0,181.0,109.0,62.0,106.0,97.0,101.0,7.0,76.0,235.0,107.0,107.0,181.0,229.0,170.0
Map3k15,5.0,3.0,8.0,15.0,14.0,10.0,21.0,13.0,11.0,6.0,14.0,18.0,8.0,4.0,19.0,13.0,12.0
Map3k5,35.0,27.0,43.0,152.0,68.0,89.0,66.0,101.0,55.0,2.0,87.0,134.0,112.0,76.0,94.0,108.0,95.0
Map3k7,22.0,23.0,30.0,89.0,62.0,49.0,45.0,48.0,53.0,0.0,26.0,116.0,56.0,62.0,44.0,78.0,75.0
Map3k8,43.0,31.0,84.0,158.0,70.0,55.0,75.0,102.0,85.0,7.0,60.0,154.0,75.0,58.0,115.0,135.0,103.0
Map4,41.0,26.0,46.0,143.0,107.0,73.0,74.0,122.0,84.0,1.0,73.0,263.0,65.0,106.0,142.0,159.0,171.0
Map4k4,253.0,297.0,422.0,1169.0,689.0,521.0,590.0,714.0,419.0,82.0,502.0,1323.0,822.0,592.0,790.0,952.0,910.0
Map6,1.0,0.0,5.0,8.0,3.0,1.0,9.0,3.0,2.0,0.0,1.0,10.0,2.0,2.0,3.0,6.0,1.0
Map7,132.0,175.0,66.0,400.0,309.0,331.0,196.0,168.0,273.0,4.0,188.0,450.0,429.0,231.0,253.0,231.0,247.0
Map9,5.0,9.0,5.0,8.0,8.0,12.0,7.0,7.0,13.0,0.0,10.0,8.0,5.0,3.0,5.0,8.0,5.0
Mapk1,67.0,78.0,102.0,389.0,203.0,235.0,154.0,171.0,177.0,11.0,166.0,449.0,206.0,182.0,302.0,288.0,240.0
Mapk10,3.0,2.0,3.0,1.0,6.0,5.0,11.0,1.0,3.0,1.0,0.0,5.0,1.0,0.0,3.0,3.0,2.0
Mapk11,8.0,8.0,15.0,41.0,18.0,17.0,11.0,29.0,11.0,2.0,14.0,50.0,34.0,30.0,35.0,35.0,33.0
Mapk14,9.0,7.0,14.0,42.0,20.0,22.0,24.0,28.0,24.0,3.0,16.0,69.0,22.0,30.0,44.0,50.0,43.0
Mapk3,8.0,3.0,14.0,54.0,10.0,19.0,11.0,29.0,25.0,5.0,5.0,68.0,14.0,27.0,20.0,30.0,27.0
Mapk7,10.0,5.0,18.0,88.0,20.0,28.0,18.0,49.0,21.0,2.0,21.0,65.0,14.0,36.0,48.0,73.0,58.0
Mapk8,44.0,26.0,40.0,127.0,79.0,71.0,49.0,76.0,59.0,8.0,49.0,165.0,51.0,92.0,95.0,124.0,120.0
Mapk8ip1,14.0,13.0,18.0,64.0,32.0,43.0,27.0,19.0,40.0,2.0,40.0,89.0,31.0,27.0,57.0,43.0,39.0
Mapk8ip2,1.0,1.0,5.0,9.0,1.0,2.0,8.0,3.0,0.0,0.0,4.0,0.0,0.0,0.0,3.0,0.0,0.0
Mapk9,13.0,12.0,17.0,46.0,29.0,23.0,18.0,36.0,29.0,4.0,19.0,71.0,23.0,35.0,28.0,59.0,44.0
Mapkap1,13.0,16.0,16.0,84.0,31.0,44.0,17.0,33.0,27.0,5.0,34.0,74.0,37.0,34.0,44.0,44.0,31.0
Mapkapk2,91.0,77.0,141.0,234.0,145.0,116.0,183.0,179.0,136.0,17.0,131.0,291.0,158.0,152.0,190.0,255.0,178.0
Mapre1,12.0,14.0,39.0,140.0,47.0,50.0,38.0,96.0,43.0,3.0,29.0,137.0,51.0,84.0,56.0,92.0,80.0
Mapre2,68.0,32.0,57.0,137.0,168.0,69.0,82.0,79.0,96.0,8.0,58.0,229.0,97.0,90.0,183.0,193.0,132.0
Mapt,12.0,4.0,9.0,16.0,14.0,9.0,6.0,28.0,11.0,2.0,8.0,87.0,14.0,53.0,12.0,36.0,33.0
March2,6.0,10.0,27.0,45.0,28.0,25.0,20.0,33.0,40.0,3.0,21.0,65.0,12.0,36.0,32.0,53.0,52.0
March5,3.0,2.0,16.0,21.0,5.0,7.0,3.0,12.0,4.0,1.0,2.0,16.0,3.0,11.0,6.0,15.0,10.0
Marcks,130.0,109.0,192.0,825.0,263.0,303.0,225.0,389.0,227.0,27.0,294.0,754.0,330.0,405.0,571.0,728.0,528.0
Marcksl1,70.0,56.0,166.0,378.0,161.0,172.0,189.0,342.0,94.0,26.0,118.0,274.0,144.0,96.0,202.0,273.0,209.0
Marco,0.0,0.0,1.0,1.0,3.0,6.0,2.0,0.0,1.0,1.0,3.0,1.0,0.0,2.0,4.0,1.0,0.0
Mark2,202.0,210.0,169.0,616.0,497.0,447.0,278.0,268.0,433.0,16.0,275.0,618.0,444.0,465.0,538.0,447.0,398.0
Mark3,37.0,58.0,59.0,221.0,118.0,119.0,93.0,115.0,91.0,12.0,76.0,222.0,126.0,131.0,121.0,143.0,140.0
Marveld2,6.0,12.0,13.0,35.0,27.0,40.0,11.0,18.0,49.0,1.0,31.0,28.0,15.0,25.0,34.0,39.0,40.0
Mas1,0.0,0.0,5.0,0.0,2.0,0.0,1.0,0.0,0.0,0.0,0.0,0.0,0.0,2.0,2.0,0.0,0.0
Mast2,42.0,25.0,53.0,215.0,72.0,75.0,51.0,89.0,53.0,9.0,75.0,263.0,86.0,114.0,121.0,173.0,182.0
Mast3,18.0,19.0,19.0,102.0,66.0,58.0,25.0,40.0,51.0,3.0,42.0,115.0,47.0,43.0,97.0,65.0,71.0
Matn1,2.0,1.0,6.0,1.0,4.0,2.0,6.0,1.0,5.0,0.0,2.0,5.0,5.0,3.0,2.0,2.0,2.0
Mavs,25.0,28.0,25.0,96.0,49.0,51.0,39.0,50.0,53.0,1.0,40.0,129.0,61.0,48.0,77.0,55.0,85.0
Max,86.0,45.0,61.0,168.0,90.0,89.0,100.0,129.0,136.0,4.0,75.0,206.0,125.0,140.0,123.0,170.0,134.0
Maz,20.0,17.0,20.0,70.0,25.0,47.0,24.0,45.0,42.0,2.0,63.0,64.0,45.0,36.0,39.0,68.0,44.0
Mbd2,153.0,156.0,169.0,318.0,290.0,293.0,268.0,318.0,244.0,21.0,204.0,432.0,416.0,288.0,248.0,345.0,311.0
Mbd3,171.0,207.0,165.0,1025.0,400.0,514.0,319.0,418.0,362.0,28.0,322.0,912.0,542.0,448.0,554.0,621.0,616.0
Mbd5,9.0,2.0,8.0,30.0,16.0,24.0,13.0,10.0,15.0,1.0,16.0,32.0,12.0,18.0,35.0,31.0,37.0
Mbl1,0.0,0.0,5.0,2.0,0.0,3.0,9.0,0.0,3.0,0.0,0.0,1.0,1.0,0.0,2.0,2.0,0.0
Mbl2,0.0,0.0,2.0,1.0,1.0,0.0,6.0,1.0,0.0,0.0,0.0,1.0,0.0,0.0,0.0,1.0,0.0
Mbnl1,42.0,39.0,42.0,141.0,135.0,131.0,70.0,123.0,129.0,8.0,66.0,321.0,114.0,179.0,146.0,162.0,143.0
Mboat1,44.0,40.0,34.0,83.0,87.0,78.0,88.0,59.0,65.0,4.0,49.0,113.0,148.0,91.0,66.0,57.0,52.0
Mboat7,44.0,78.0,61.0,275.0,150.0,163.0,124.0,174.0,135.0,8.0,117.0,302.0,161.0,146.0,207.0,246.0,193.0
Mbtd1,52.0,61.0,47.0,134.0,91.0,116.0,74.0,93.0,109.0,6.0,110.0,182.0,112.0,86.0,120.0,108.0,117.0
Mc1r,0.0,0.0,5.0,11.0,1.0,5.0,6.0,0.0,6.0,0.0,4.0,3.0,0.0,1.0,1.0,0.0,1.0
Mc3r,0.0,0.0,3.0,1.0,1.0,0.0,4.0,0.0,1.0,0.0,1.0,0.0,0.0,0.0,1.0,1.0,0.0
Mc4r,1.0,0.0,5.0,0.0,0.0,1.0,1.0,0.0,1.0,0.0,0.0,2.0,3.0,0.0,1.0,1.0,1.0
Mc5r,0.0,0.0,2.0,6.0,4.0,4.0,4.0,2.0,8.0,0.0,2.0,8.0,0.0,3.0,5.0,2.0,3.0
Mcam,71.0,45.0,104.0,325.0,207.0,99.0,147.0,141.0,101.0,37.0,268.0,701.0,127.0,138.0,357.0,382.0,463.0
Mcl1,239.0,160.0,586.0,1257.0,397.0,379.0,678.0,1474.0,578.0,185.0,301.0,1445.0,571.0,638.0,784.0,1409.0,971.0
Mcm2,36.0,53.0,36.0,260.0,118.0,133.0,67.0,68.0,79.0,4.0,105.0,174.0,114.0,92.0,119.0,165.0,120.0
Mcph1,12.0,25.0,21.0,141.0,55.0,62.0,40.0,65.0,43.0,5.0,59.0,118.0,60.0,46.0,59.0,93.0,86.0
Mctp2,15.0,22.0,25.0,69.0,43.0,37.0,34.0,51.0,29.0,5.0,19.0,72.0,58.0,48.0,30.0,56.0,43.0
Mcu,15.0,5.0,13.0,42.0,26.0,17.0,24.0,30.0,20.0,2.0,16.0,83.0,23.0,64.0,48.0,40.0,46.0
Mcub,4.0,6.0,20.0,22.0,21.0,14.0,36.0,22.0,21.0,4.0,34.0,44.0,20.0,24.0,30.0,46.0,32.0
Mcur1,4.0,4.0,8.0,30.0,15.0,19.0,7.0,19.0,18.0,1.0,9.0,35.0,14.0,15.0,18.0,28.0,23.0
Mdk,8.0,11.0,15.0,139.0,40.0,110.0,24.0,28.0,34.0,3.0,59.0,103.0,19.0,17.0,58.0,69.0,96.0
Mdm2,207.0,141.0,256.0,407.0,274.0,219.0,363.0,253.0,232.0,57.0,177.0,527.0,339.0,243.0,354.0,430.0,450.0
Mdm4,82.0,71.0,64.0,347.0,186.0,222.0,93.0,169.0,167.0,6.0,155.0,343.0,177.0,185.0,176.0,283.0,242.0
Mdp1,11.0,16.0,7.0,66.0,30.0,40.0,22.0,36.0,40.0,2.0,25.0,82.0,28.0,37.0,50.0,60.0,49.0
Me1,7.0,10.0,10.0,32.0,17.0,33.0,11.0,11.0,15.0,0.0,9.0,34.0,16.0,15.0,30.0,27.0,27.0
Meaf6,5.0,22.0,20.0,52.0,25.0,36.0,15.0,23.0,23.0,1.0,18.0,62.0,36.0,31.0,28.0,44.0,49.0
Mecom,7.0,3.0,12.0,16.0,15.0,3.0,8.0,10.0,13.0,0.0,11.0,49.0,7.0,9.0,25.0,27.0,35.0
Mecp2,19.0,18.0,38.0,118.0,72.0,76.0,33.0,86.0,73.0,8.0,47.0,143.0,36.0,83.0,79.0,104.0,112.0
Med1,28.0,23.0,31.0,133.0,82.0,87.0,58.0,81.0,59.0,7.0,59.0,150.0,68.0,81.0,123.0,117.0,89.0
Med12,19.0,9.0,13.0,62.0,40.0,25.0,17.0,22.0,36.0,4.0,29.0,60.0,37.0,39.0,53.0,67.0,49.0
Med14,6.0,12.0,13.0,37.0,22.0,34.0,18.0,33.0,34.0,3.0,9.0,58.0,17.0,24.0,30.0,29.0,37.0
Med15,55.0,42.0,72.0,210.0,118.0,108.0,115.0,112.0,112.0,18.0,95.0,232.0,114.0,105.0,159.0,215.0,187.0
Med21,29.0,22.0,32.0,108.0,41.0,36.0,45.0,48.0,42.0,5.0,42.0,106.0,55.0,44.0,78.0,77.0,72.0
Med24,20.0,12.0,12.0,54.0,15.0,23.0,20.0,45.0,18.0,2.0,24.0,52.0,20.0,25.0,31.0,35.0,41.0
Med6,44.0,35.0,67.0,188.0,98.0,89.0,66.0,68.0,66.0,4.0,72.0,158.0,100.0,71.0,115.0,127.0,116.0
Medag,39.0,32.0,50.0,102.0,49.0,19.0,75.0,56.0,48.0,3.0,73.0,168.0,91.0,87.0,101.0,160.0,90.0
Mef2a,56.0,44.0,53.0,231.0,162.0,123.0,100.0,124.0,124.0,13.0,71.0,299.0,95.0,118.0,255.0,220.0,211.0
Mef2c,3.0,0.0,2.0,5.0,9.0,1.0,4.0,16.0,2.0,0.0,3.0,44.0,2.0,46.0,5.0,11.0,16.0
Mef2d,8.0,2.0,33.0,52.0,16.0,15.0,22.0,54.0,21.0,2.0,12.0,101.0,18.0,67.0,25.0,50.0,43.0
Megf11,0.0,0.0,11.0,3.0,0.0,1.0,5.0,3.0,0.0,0.0,2.0,4.0,1.0,1.0,5.0,0.0,2.0
Mei4,1.0,2.0,3.0,0.0,1.0,1.0,3.0,0.0,0.0,0.0,0.0,1.0,1.0,1.0,0.0,0.0,1.0
Meiob,0.0,0.0,0.0,2.0,0.0,0.0,2.0,1.0,0.0,0.0,0.0,3.0,3.0,0.0,1.0,2.0,0.0
Meis1,29.0,30.0,20.0,151.0,82.0,73.0,40.0,44.0,75.0,0.0,47.0,131.0,64.0,72.0,55.0,101.0,76.0
Meis2,23.0,10.0,12.0,55.0,33.0,38.0,24.0,16.0,21.0,2.0,18.0,51.0,24.0,24.0,28.0,73.0,45.0
Meis3,14.0,11.0,20.0,71.0,44.0,33.0,26.0,21.0,38.0,5.0,39.0,54.0,32.0,38.0,49.0,62.0,37.0
Memo1,16.0,19.0,40.0,77.0,44.0,64.0,31.0,50.0,35.0,3.0,35.0,84.0,41.0,39.0,33.0,52.0,55.0
Men1,19.0,11.0,17.0,168.0,42.0,70.0,30.0,73.0,57.0,5.0,43.0,126.0,60.0,55.0,72.0,87.0,90.0
Meox1,8.0,5.0,15.0,31.0,15.0,10.0,14.0,13.0,6.0,3.0,10.0,53.0,1.0,11.0,43.0,34.0,34.0
Meox2,19.0,12.0,17.0,106.0,97.0,65.0,32.0,51.0,85.0,3.0,114.0,324.0,36.0,62.0,228.0,159.0,120.0
Mep1a,0.0,1.0,2.0,1.0,0.0,1.0,4.0,1.0,2.0,1.0,2.0,4.0,0.0,0.0,1.0,1.0,0.0
Mep1b,0.0,3.0,8.0,3.0,3.0,2.0,6.0,2.0,1.0,0.0,0.0,2.0,2.0,0.0,1.0,2.0,1.0
Mepe,0.0,2.0,5.0,0.0,2.0,2.0,9.0,1.0,2.0,0.0,6.0,2.0,2.0,1.0,4.0,4.0,1.0
Mertk,5.0,3.0,9.0,76.0,37.0,32.0,17.0,40.0,19.0,4.0,38.0,63.0,10.0,28.0,55.0,42.0,38.0
Mesp1,1.0,0.0,3.0,2.0,1.0,1.0,1.0,1.0,1.0,0.0,1.0,2.0,3.0,0.0,1.0,0.0,0.0
Mesp2,1.0,1.0,2.0,3.0,1.0,5.0,1.0,1.0,2.0,0.0,4.0,2.0,2.0,1.0,3.0,2.0,1.0
Mest,20.0,4.0,13.0,130.0,37.0,7.0,12.0,6.0,6.0,2.0,58.0,125.0,8.0,8.0,172.0,92.0,139.0
Met,26.0,17.0,47.0,89.0,62.0,23.0,40.0,45.0,33.0,5.0,12.0,83.0,51.0,31.0,50.0,44.0,58.0
Metrnl,3.0,0.0,6.0,15.0,4.0,6.0,18.0,10.0,7.0,1.0,2.0,10.0,5.0,4.0,10.0,13.0,16.0
Mettl14,22.0,29.0,26.0,134.0,64.0,64.0,32.0,59.0,47.0,1.0,47.0,156.0,48.0,61.0,64.0,91.0,86.0
Mettl21c,1.0,2.0,2.0,0.0,1.0,2.0,4.0,0.0,0.0,0.0,0.0,0.0,0.0,0.0,1.0,0.0,0.0
Mettl3,21.0,15.0,28.0,82.0,46.0,57.0,29.0,60.0,68.0,3.0,38.0,120.0,45.0,44.0,63.0,79.0,58.0
Mettl7b,9.0,7.0,3.0,9.0,5.0,11.0,15.0,5.0,7.0,1.0,2.0,10.0,24.0,12.0,12.0,2.0,6.0
Mfap5,58.0,3.0,30.0,256.0,137.0,53.0,35.0,65.0,47.0,6.0,303.0,562.0,40.0,77.0,427.0,599.0,267.0
Mfn1,19.0,11.0,17.0,69.0,31.0,37.0,32.0,44.0,35.0,0.0,15.0,91.0,41.0,54.0,42.0,50.0,36.0
Mfn2,32.0,14.0,26.0,112.0,54.0,52.0,39.0,72.0,49.0,5.0,47.0,171.0,58.0,91.0,70.0,91.0,91.0
Mfrp,1.0,1.0,1.0,1.0,0.0,1.0,2.0,1.0,0.0,1.0,1.0,2.0,0.0,0.0,0.0,3.0,1.0
Mfsd2a,16.0,24.0,11.0,75.0,27.0,49.0,25.0,33.0,28.0,0.0,36.0,49.0,49.0,34.0,31.0,26.0,33.0
Mfsd2b,1.0,1.0,7.0,9.0,2.0,4.0,2.0,4.0,4.0,0.0,2.0,6.0,2.0,4.0,3.0,2.0,4.0
Mia,0.0,0.0,3.0,2.0,0.0,5.0,3.0,1.0,0.0,0.0,0.0,2.0,1.0,0.0,1.0,2.0,0.0
Mia2,182.0,132.0,108.0,444.0,362.0,312.0,218.0,216.0,287.0,18.0,216.0,582.0,343.0,299.0,370.0,410.0,370.0
Mib1,98.0,134.0,94.0,494.0,306.0,318.0,205.0,206.0,208.0,11.0,288.0,563.0,298.0,231.0,357.0,370.0,357.0
Micu1,33.0,21.0,42.0,90.0,91.0,72.0,48.0,59.0,82.0,8.0,70.0,146.0,57.0,73.0,128.0,132.0,100.0
Micu2,65.0,78.0,51.0,335.0,208.0,237.0,128.0,131.0,236.0,18.0,148.0,322.0,137.0,167.0,291.0,267.0,244.0
Miga1,4.0,5.0,16.0,20.0,8.0,8.0,24.0,13.0,6.0,0.0,13.0,14.0,7.0,12.0,12.0,18.0,7.0
Miga2,36.0,60.0,35.0,236.0,85.0,124.0,53.0,104.0,125.0,2.0,63.0,226.0,124.0,107.0,165.0,165.0,144.0
Minar2,0.0,1.0,9.0,2.0,2.0,1.0,5.0,5.0,1.0,0.0,2.0,1.0,0.0,0.0,1.0,2.0,3.0
Mindy1,17.0,20.0,31.0,130.0,61.0,62.0,49.0,90.0,55.0,6.0,38.0,135.0,55.0,69.0,60.0,121.0,72.0
Mip,2.0,1.0,2.0,0.0,5.0,3.0,2.0,0.0,1.0,0.0,2.0,2.0,2.0,0.0,2.0,2.0,0.0
Misp,2.0,1.0,4.0,2.0,0.0,1.0,5.0,4.0,0.0,0.0,1.0,3.0,2.0,3.0,0.0,2.0,2.0
Mitf,11.0,13.0,20.0,66.0,29.0,16.0,45.0,23.0,35.0,3.0,35.0,53.0,28.0,28.0,49.0,37.0,32.0
Mixl1,2.0,0.0,5.0,0.0,0.0,1.0,5.0,0.0,2.0,0.0,1.0,0.0,1.0,0.0,3.0,0.0,1.0
Mki67,43.0,72.0,36.0,448.0,155.0,291.0,122.0,210.0,107.0,1.0,182.0,378.0,151.0,117.0,143.0,259.0,242.0
Mkks,5.0,4.0,3.0,13.0,6.0,5.0,4.0,10.0,9.0,1.0,9.0,15.0,3.0,11.0,15.0,11.0,6.0
Mkln1,25.0,20.0,38.0,124.0,61.0,61.0,37.0,84.0,58.0,7.0,40.0,184.0,75.0,102.0,92.0,129.0,117.0
Mknk1,32.0,23.0,37.0,108.0,83.0,78.0,51.0,68.0,86.0,11.0,89.0,138.0,71.0,53.0,148.0,111.0,88.0
Mknk2,49.0,27.0,54.0,323.0,127.0,154.0,37.0,204.0,104.0,6.0,64.0,529.0,67.0,342.0,131.0,349.0,276.0
Mkx,2.0,3.0,12.0,21.0,4.0,18.0,14.0,6.0,9.0,0.0,9.0,34.0,7.0,10.0,6.0,18.0,11.0
Mlc1,3.0,2.0,7.0,1.0,0.0,0.0,4.0,3.0,1.0,0.0,1.0,1.0,1.0,0.0,0.0,2.0,2.0
Mlec,38.0,77.0,51.0,204.0,106.0,106.0,86.0,112.0,144.0,4.0,90.0,224.0,114.0,126.0,143.0,168.0,153.0
Mlf1,9.0,1.0,6.0,5.0,26.0,3.0,3.0,14.0,7.0,0.0,5.0,36.0,8.0,25.0,5.0,14.0,13.0
Mlh1,33.0,35.0,35.0,191.0,83.0,101.0,53.0,81.0,87.0,4.0,71.0,184.0,102.0,104.0,89.0,138.0,136.0
Mlkl,21.0,23.0,36.0,69.0,56.0,20.0,62.0,55.0,45.0,2.0,22.0,102.0,46.0,52.0,33.0,99.0,48.0
Mllt10,13.0,9.0,18.0,74.0,26.0,50.0,22.0,39.0,28.0,5.0,29.0,62.0,16.0,31.0,29.0,43.0,43.0
Mllt6,38.0,30.0,64.0,256.0,91.0,104.0,67.0,144.0,100.0,11.0,88.0,231.0,99.0,114.0,112.0,195.0,159.0
Mlph,3.0,3.0,5.0,23.0,4.0,12.0,9.0,5.0,7.0,1.0,20.0,8.0,6.0,3.0,10.0,8.0,7.0
Mlst8,11.0,15.0,18.0,86.0,40.0,55.0,24.0,45.0,39.0,1.0,37.0,93.0,41.0,38.0,59.0,71.0,50.0
Mlx,17.0,24.0,22.0,88.0,37.0,33.0,31.0,51.0,40.0,3.0,15.0,91.0,64.0,56.0,49.0,63.0,57.0
Mlxipl,1.0,0.0,8.0,4.0,8.0,9.0,8.0,8.0,4.0,1.0,5.0,41.0,14.0,22.0,3.0,15.0,11.0
Mlycd,4.0,5.0,3.0,16.0,10.0,5.0,6.0,18.0,9.0,1.0,0.0,40.0,12.0,10.0,8.0,28.0,16.0
Mmd2,0.0,1.0,7.0,0.0,1.0,0.0,4.0,3.0,0.0,0.0,3.0,1.0,1.0,1.0,1.0,2.0,1.0
Mme,1.0,5.0,9.0,25.0,17.0,19.0,15.0,17.0,10.0,0.0,15.0,48.0,12.0,29.0,11.0,21.0,12.0
Mmp12,144.0,56.0,54.0,317.0,218.0,182.0,112.0,122.0,138.0,94.0,164.0,266.0,146.0,132.0,364.0,470.0,314.0
Mmp13,214.0,142.0,417.0,735.0,444.0,6.0,168.0,270.0,31.0,330.0,7.0,650.0,271.0,15.0,762.0,408.0,372.0
Mmp14,231.0,288.0,338.0,1294.0,659.0,610.0,544.0,444.0,386.0,95.0,683.0,1476.0,516.0,436.0,1242.0,1189.0,959.0
Mmp15,3.0,5.0,9.0,39.0,11.0,10.0,16.0,14.0,12.0,4.0,11.0,60.0,8.0,18.0,23.0,27.0,26.0
Mmp16,0.0,3.0,5.0,3.0,1.0,2.0,8.0,2.0,4.0,0.0,1.0,14.0,3.0,2.0,4.0,3.0,8.0
Mmp2,84.0,121.0,97.0,718.0,394.0,261.0,285.0,227.0,231.0,12.0,527.0,1226.0,203.0,358.0,771.0,967.0,894.0
Mmp25,7.0,11.0,20.0,19.0,15.0,6.0,22.0,18.0,21.0,2.0,15.0,30.0,18.0,4.0,12.0,18.0,16.0
Mmp28,18.0,22.0,19.0,88.0,64.0,50.0,34.0,27.0,69.0,2.0,17.0,125.0,46.0,69.0,96.0,82.0,67.0
Mmp3,40.0,100.0,76.0,181.0,98.0,24.0,144.0,118.0,44.0,9.0,87.0,260.0,190.0,183.0,128.0,226.0,175.0
Mmp7,1.0,0.0,8.0,0.0,0.0,2.0,7.0,0.0,0.0,0.0,2.0,2.0,3.0,0.0,2.0,1.0,2.0
Mmp9,236.0,249.0,130.0,702.0,497.0,19.0,143.0,278.0,64.0,215.0,28.0,618.0,119.0,31.0,441.0,424.0,388.0
Mmrn1,0.0,0.0,6.0,6.0,14.0,3.0,6.0,0.0,1.0,0.0,2.0,14.0,1.0,1.0,9.0,5.0,3.0
Mms19,27.0,26.0,33.0,148.0,55.0,80.0,40.0,72.0,60.0,8.0,49.0,112.0,52.0,68.0,92.0,95.0,98.0
Mmut,34.0,43.0,31.0,147.0,100.0,108.0,64.0,81.0,67.0,5.0,75.0,208.0,117.0,99.0,116.0,122.0,122.0
Mnx1,4.0,4.0,6.0,9.0,8.0,11.0,3.0,1.0,6.0,0.0,4.0,11.0,13.0,4.0,6.0,9.0,10.0
Mob2,39.0,31.0,34.0,168.0,96.0,126.0,63.0,87.0,116.0,9.0,89.0,266.0,105.0,106.0,134.0,146.0,124.0
Mog,5.0,4.0,9.0,1.0,4.0,0.0,6.0,2.0,4.0,0.0,3.0,8.0,3.0,1.0,10.0,6.0,4.0
Mos,0.0,2.0,3.0,2.0,1.0,1.0,3.0,0.0,0.0,1.0,0.0,4.0,3.0,0.0,2.0,1.0,1.0
Mov10l1,1.0,1.0,9.0,2.0,3.0,1.0,7.0,0.0,2.0,0.0,3.0,1.0,4.0,0.0,2.0,1.0,2.0
Moxd1,40.0,161.0,48.0,437.0,307.0,218.0,122.0,172.0,162.0,7.0,67.0,609.0,360.0,313.0,169.0,290.0,182.0
Mpc1,12.0,10.0,33.0,39.0,30.0,24.0,28.0,33.0,32.0,0.0,19.0,61.0,23.0,32.0,26.0,41.0,41.0
Mpc2,31.0,44.0,27.0,83.0,65.0,85.0,44.0,67.0,74.0,1.0,55.0,130.0,72.0,63.0,107.0,92.0,83.0
Mpi,10.0,8.0,9.0,34.0,19.0,21.0,11.0,28.0,14.0,0.0,18.0,56.0,14.0,10.0,16.0,27.0,30.0
Mpl,1.0,3.0,7.0,1.0,3.0,2.0,10.0,3.0,0.0,0.0,0.0,3.0,0.0,0.0,0.0,4.0,1.0
Mplkip,4.0,10.0,5.0,30.0,7.0,11.0,4.0,23.0,12.0,2.0,5.0,29.0,14.0,15.0,26.0,22.0,22.0
Mpp2,2.0,2.0,10.0,13.0,7.0,11.0,16.0,9.0,9.0,1.0,7.0,19.0,4.0,6.0,11.0,17.0,16.0
Mpp3,2.0,1.0,6.0,9.0,8.0,0.0,8.0,12.0,4.0,0.0,8.0,32.0,7.0,10.0,7.0,4.0,6.0
Mprip,252.0,323.0,258.0,1102.0,809.0,704.0,463.0,502.0,598.0,31.0,634.0,1365.0,710.0,532.0,846.0,782.0,733.0
Mrc1,14.0,26.0,33.0,112.0,150.0,72.0,42.0,61.0,96.0,13.0,83.0,239.0,47.0,105.0,175.0,185.0,94.0
Mre11a,25.0,38.0,34.0,118.0,60.0,74.0,50.0,69.0,71.0,10.0,62.0,128.0,79.0,94.0,84.0,103.0,89.0
Mrgprf,3.0,7.0,5.0,39.0,18.0,10.0,18.0,22.0,9.0,0.0,25.0,62.0,14.0,27.0,34.0,48.0,44.0
Mrm3,6.0,5.0,8.0,29.0,12.0,15.0,12.0,16.0,13.0,0.0,8.0,28.0,7.0,12.0,11.0,29.0,16.0
Mrnip,2.0,0.0,3.0,7.0,2.0,4.0,4.0,2.0,2.0,1.0,2.0,9.0,1.0,5.0,5.0,4.0,3.0
Mrtfa,1.0,0.0,6.0,7.0,0.0,3.0,4.0,4.0,0.0,0.0,2.0,4.0,4.0,1.0,3.0,6.0,7.0
Ms4a1,1.0,3.0,3.0,3.0,3.0,1.0,7.0,2.0,4.0,1.0,2.0,8.0,3.0,3.0,4.0,2.0,2.0
Ms4a2,0.0,2.0,6.0,5.0,4.0,3.0,6.0,1.0,2.0,0.0,3.0,15.0,4.0,4.0,5.0,4.0,3.0
Ms4a7,35.0,11.0,43.0,142.0,88.0,24.0,44.0,34.0,65.0,17.0,105.0,131.0,38.0,32.0,304.0,130.0,117.0
Msh2,16.0,26.0,14.0,143.0,68.0,125.0,47.0,62.0,48.0,1.0,61.0,127.0,60.0,57.0,129.0,103.0,78.0
Msi1,1.0,2.0,7.0,17.0,4.0,12.0,4.0,12.0,5.0,1.0,10.0,7.0,3.0,4.0,4.0,4.0,3.0
Msln,12.0,4.0,8.0,16.0,6.0,3.0,10.0,3.0,5.0,2.0,5.0,12.0,3.0,0.0,47.0,3.0,17.0
Msmo1,255.0,672.0,228.0,879.0,503.0,1059.0,439.0,398.0,950.0,14.0,202.0,1091.0,873.0,633.0,1040.0,902.0,1023.0
Msn,1754.0,1477.0,2307.0,3805.0,2843.0,1190.0,3608.0,2558.0,2048.0,356.0,2338.0,4980.0,3672.0,1847.0,4229.0,4078.0,3701.0
Msr1,38.0,15.0,90.0,73.0,35.0,8.0,119.0,81.0,45.0,27.0,29.0,51.0,47.0,47.0,82.0,106.0,71.0
Msra,31.0,26.0,23.0,51.0,71.0,54.0,46.0,46.0,45.0,1.0,67.0,89.0,60.0,32.0,99.0,54.0,69.0
Msrb1,134.0,149.0,79.0,140.0,220.0,162.0,184.0,129.0,137.0,5.0,169.0,379.0,229.0,102.0,249.0,188.0,239.0
Mst1,6.0,9.0,7.0,20.0,19.0,21.0,12.0,9.0,23.0,0.0,5.0,18.0,21.0,13.0,17.0,21.0,21.0
Mst1r,11.0,6.0,22.0,54.0,40.0,20.0,26.0,22.0,25.0,1.0,6.0,77.0,21.0,31.0,27.0,52.0,37.0
Mstn,7.0,1.0,5.0,0.0,39.0,2.0,10.0,9.0,7.0,0.0,2.0,140.0,4.0,35.0,1.0,17.0,9.0
Msx1,3.0,1.0,5.0,37.0,3.0,34.0,7.0,28.0,3.0,0.0,20.0,20.0,1.0,4.0,12.0,8.0,2.0
Msx2,3.0,6.0,6.0,23.0,7.0,29.0,4.0,34.0,4.0,0.0,46.0,7.0,5.0,8.0,5.0,3.0,3.0
Mta1,10.0,14.0,31.0,109.0,54.0,69.0,33.0,56.0,39.0,1.0,37.0,121.0,45.0,51.0,59.0,92.0,74.0
Mta2,347.0,496.0,327.0,1437.0,899.0,949.0,598.0,635.0,725.0,26.0,631.0,1417.0,982.0,698.0,1074.0,1016.0,859.0
Mta3,47.0,90.0,71.0,363.0,237.0,259.0,133.0,156.0,223.0,11.0,166.0,379.0,201.0,159.0,298.0,256.0,240.0
Mtch1,65.0,72.0,75.0,389.0,168.0,194.0,89.0,141.0,172.0,6.0,162.0,437.0,140.0,233.0,299.0,332.0,305.0
Mtch2,69.0,57.0,47.0,168.0,136.0,130.0,115.0,108.0,115.0,3.0,80.0,217.0,144.0,95.0,156.0,163.0,125.0
Mtcl1,3.0,1.0,6.0,12.0,6.0,6.0,2.0,7.0,0.0,1.0,6.0,11.0,5.0,5.0,12.0,22.0,10.0
Mtf1,3.0,1.0,8.0,18.0,9.0,9.0,10.0,13.0,6.0,0.0,6.0,20.0,13.0,6.0,13.0,18.0,10.0
Mtf2,13.0,23.0,26.0,80.0,36.0,40.0,30.0,50.0,30.0,3.0,32.0,64.0,38.0,37.0,33.0,55.0,50.0
Mtfp1,6.0,3.0,5.0,5.0,6.0,2.0,6.0,5.0,2.0,0.0,3.0,10.0,6.0,10.0,4.0,5.0,6.0
Mthfr,16.0,7.0,40.0,39.0,15.0,9.0,58.0,48.0,33.0,6.0,21.0,45.0,18.0,28.0,44.0,39.0,25.0
Mtif2,26.0,30.0,21.0,109.0,40.0,65.0,34.0,68.0,46.0,4.0,35.0,107.0,69.0,68.0,45.0,82.0,69.0
Mtmr12,29.0,39.0,45.0,187.0,94.0,135.0,59.0,85.0,90.0,9.0,85.0,187.0,82.0,86.0,123.0,133.0,123.0
Mtnr1a,0.0,0.0,8.0,2.0,1.0,0.0,6.0,4.0,2.0,1.0,1.0,2.0,1.0,0.0,2.0,6.0,0.0
Mtnr1b,0.0,0.0,4.0,0.0,0.0,0.0,2.0,1.0,1.0,0.0,1.0,1.0,0.0,0.0,0.0,0.0,0.0
Mtor,111.0,117.0,93.0,301.0,202.0,183.0,148.0,161.0,173.0,17.0,182.0,379.0,249.0,175.0,227.0,282.0,217.0
Mtrex,41.0,52.0,48.0,172.0,82.0,111.0,62.0,103.0,90.0,6.0,85.0,183.0,91.0,101.0,111.0,124.0,107.0
Mttp,3.0,1.0,5.0,3.0,3.0,3.0,3.0,1.0,4.0,0.0,2.0,2.0,1.0,0.0,5.0,4.0,2.0
Mturn,3.0,1.0,3.0,54.0,14.0,19.0,8.0,10.0,22.0,3.0,30.0,46.0,10.0,12.0,19.0,30.0,25.0
Mtus1,28.0,39.0,39.0,137.0,113.0,101.0,75.0,68.0,110.0,10.0,83.0,194.0,111.0,99.0,133.0,136.0,118.0
Mtx1,36.0,18.0,22.0,152.0,62.0,46.0,46.0,88.0,47.0,5.0,29.0,144.0,82.0,101.0,85.0,146.0,105.0
Muc1,2.0,0.0,2.0,2.0,0.0,0.0,1.0,2.0,2.0,0.0,0.0,2.0,4.0,2.0,1.0,4.0,0.0
Muc2,4.0,0.0,3.0,2.0,1.0,0.0,1.0,4.0,1.0,1.0,1.0,2.0,0.0,1.0,1.0,1.0,0.0
Muc20,1.0,0.0,5.0,0.0,1.0,0.0,5.0,0.0,0.0,0.0,0.0,2.0,0.0,1.0,0.0,0.0,1.0
Muc5ac,2.0,4.0,12.0,4.0,8.0,4.0,12.0,3.0,9.0,1.0,4.0,5.0,3.0,1.0,2.0,2.0,7.0
Mus81,15.0,13.0,10.0,63.0,27.0,40.0,11.0,37.0,15.0,2.0,18.0,55.0,26.0,24.0,37.0,68.0,41.0
Musk,2.0,0.0,2.0,8.0,1.0,0.0,1.0,16.0,0.0,0.0,1.0,22.0,3.0,27.0,11.0,18.0,16.0
Mxd1,359.0,191.0,972.0,662.0,424.0,193.0,945.0,1241.0,484.0,89.0,145.0,892.0,609.0,177.0,823.0,771.0,553.0
Mxd4,8.0,17.0,13.0,72.0,36.0,70.0,20.0,29.0,61.0,1.0,24.0,64.0,16.0,21.0,36.0,40.0,42.0
Myb,1.0,3.0,5.0,35.0,4.0,22.0,13.0,30.0,10.0,1.0,21.0,8.0,2.0,5.0,5.0,7.0,2.0
Mybbp1a,129.0,89.0,95.0,332.0,164.0,115.0,150.0,176.0,120.0,5.0,122.0,318.0,289.0,241.0,194.0,236.0,242.0
Mybl2,2.0,3.0,12.0,18.0,5.0,8.0,14.0,9.0,2.0,0.0,6.0,11.0,6.0,6.0,6.0,14.0,10.0
Mybpc3,2.0,1.0,3.0,6.0,3.0,3.0,4.0,3.0,4.0,0.0,3.0,2.0,3.0,1.0,3.0,0.0,2.0
Mybph,368.0,1.0,68.0,115.0,38.0,6.0,26.0,107.0,37.0,0.0,50.0,732.0,162.0,543.0,434.0,254.0,428.0
Myc,70.0,113.0,106.0,263.0,141.0,112.0,193.0,180.0,131.0,18.0,83.0,337.0,255.0,165.0,164.0,303.0,240.0
Mycbp2,19.0,23.0,27.0,106.0,74.0,77.0,31.0,60.0,71.0,3.0,57.0,121.0,37.0,67.0,79.0,79.0,78.0
Mycl,1.0,7.0,4.0,71.0,26.0,80.0,13.0,21.0,26.0,0.0,36.0,26.0,11.0,15.0,20.0,21.0,25.0
Mycn,1.0,0.0,3.0,94.0,17.0,85.0,9.0,57.0,8.0,0.0,67.0,15.0,2.0,11.0,5.0,10.0,2.0
Myd88,204.0,167.0,194.0,483.0,285.0,168.0,332.0,460.0,287.0,12.0,140.0,512.0,554.0,538.0,446.0,569.0,380.0
Myf5,2.0,2.0,10.0,14.0,4.0,6.0,9.0,5.0,6.0,0.0,3.0,22.0,1.0,4.0,13.0,9.0,13.0
Myf6,120.0,1.0,75.0,8.0,30.0,5.0,16.0,218.0,29.0,1.0,75.0,526.0,39.0,714.0,25.0,227.0,291.0
Myh1,187.0,4.0,88.0,39.0,136.0,6.0,14.0,361.0,66.0,1.0,19.0,1439.0,91.0,1125.0,348.0,161.0,200.0
Myh10,18.0,5.0,9.0,68.0,18.0,50.0,12.0,25.0,15.0,1.0,36.0,51.0,11.0,12.0,73.0,69.0,68.0
Myh11,23.0,95.0,48.0,162.0,201.0,151.0,48.0,78.0,102.0,2.0,256.0,550.0,103.0,62.0,391.0,151.0,154.0
Myh2,205.0,1.0,53.0,3.0,215.0,1.0,3.0,196.0,13.0,0.0,259.0,958.0,4.0,491.0,30.0,22.0,226.0
Myh3,41.0,1.0,2.0,137.0,7.0,0.0,5.0,1.0,2.0,0.0,17.0,61.0,3.0,0.0,511.0,16.0,145.0
Myh4,3204.0,10.0,786.0,92.0,2185.0,25.0,124.0,3030.0,1183.0,3.0,122.0,6793.0,802.0,6043.0,625.0,2610.0,3316.0
Myh7,1.0,0.0,6.0,0.0,0.0,0.0,6.0,0.0,1.0,0.0,2.0,2.0,1.0,1.0,1.0,0.0,1.0
Myh8,31.0,1.0,6.0,41.0,6.0,2.0,6.0,2.0,3.0,0.0,19.0,41.0,7.0,15.0,284.0,13.0,76.0
Myh9,212.0,170.0,200.0,795.0,505.0,247.0,419.0,361.0,250.0,33.0,324.0,921.0,516.0,355.0,717.0,589.0,606.0
Myl2,12.0,11.0,12.0,6.0,16.0,10.0,15.0,5.0,3.0,0.0,18.0,25.0,18.0,2.0,11.0,9.0,8.0
Mymk,16.0,1.0,7.0,43.0,7.0,5.0,6.0,3.0,2.0,0.0,5.0,29.0,4.0,2.0,78.0,6.0,40.0
Myo10,79.0,72.0,73.0,301.0,133.0,141.0,115.0,126.0,74.0,7.0,102.0,340.0,191.0,174.0,189.0,210.0,251.0
Myo16,5.0,12.0,7.0,23.0,7.0,24.0,19.0,11.0,17.0,0.0,7.0,22.0,5.0,5.0,12.0,16.0,8.0
Myo18a,304.0,227.0,154.0,599.0,600.0,394.0,352.0,294.0,381.0,8.0,290.0,887.0,607.0,411.0,623.0,447.0,478.0
Myo1c,184.0,148.0,204.0,591.0,472.0,309.0,337.0,325.0,359.0,37.0,250.0,702.0,426.0,324.0,524.0,612.0,529.0
Myo1d,41.0,57.0,68.0,152.0,102.0,93.0,56.0,89.0,82.0,3.0,70.0,210.0,133.0,106.0,114.0,122.0,124.0
Myo1e,125.0,160.0,147.0,438.0,325.0,191.0,238.0,203.0,196.0,19.0,146.0,634.0,386.0,246.0,435.0,310.0,326.0
Myo5a,34.0,48.0,50.0,224.0,176.0,150.0,92.0,95.0,150.0,11.0,150.0,272.0,103.0,86.0,202.0,191.0,145.0
Myo6,34.0,34.0,28.0,191.0,110.0,137.0,63.0,83.0,93.0,2.0,52.0,247.0,81.0,79.0,227.0,139.0,126.0
Myo7a,1.0,4.0,9.0,88.0,38.0,21.0,12.0,12.0,19.0,0.0,34.0,84.0,8.0,8.0,41.0,67.0,90.0
Myo9a,20.0,33.0,41.0,126.0,75.0,101.0,59.0,68.0,87.0,2.0,82.0,136.0,73.0,72.0,101.0,111.0,82.0
Myocd,1.0,1.0,4.0,4.0,2.0,2.0,2.0,2.0,1.0,0.0,1.0,2.0,1.0,0.0,1.0,3.0,1.0
Myod1,11.0,0.0,5.0,19.0,7.0,0.0,5.0,18.0,1.0,0.0,6.0,88.0,1.0,79.0,27.0,28.0,56.0
Myog,101.0,3.0,28.0,120.0,13.0,2.0,2.0,53.0,16.0,0.0,39.0,272.0,18.0,342.0,221.0,107.0,292.0
Myrf,4.0,0.0,6.0,2.0,0.0,0.0,7.0,3.0,1.0,0.0,2.0,0.0,0.0,2.0,0.0,0.0,1.0
Myt1,2.0,1.0,6.0,1.0,1.0,1.0,1.0,2.0,2.0,0.0,1.0,0.0,1.0,0.0,0.0,2.0,0.0
Mzb1,1.0,1.0,11.0,4.0,5.0,2.0,6.0,2.0,4.0,0.0,2.0,7.0,2.0,0.0,2.0,5.0,2.0
Naa15,86.0,98.0,78.0,415.0,252.0,242.0,170.0,222.0,172.0,9.0,135.0,436.0,261.0,221.0,289.0,277.0,270.0
Naaa,40.0,25.0,33.0,77.0,131.0,86.0,93.0,56.0,200.0,6.0,156.0,177.0,69.0,64.0,188.0,135.0,97.0
Nadk2,8.0,7.0,3.0,24.0,13.0,8.0,9.0,13.0,10.0,0.0,15.0,31.0,6.0,14.0,15.0,19.0,27.0
Nae1,70.0,66.0,63.0,233.0,131.0,140.0,101.0,113.0,112.0,13.0,123.0,264.0,143.0,129.0,172.0,186.0,160.0
Nagk,11.0,21.0,28.0,81.0,71.0,52.0,42.0,46.0,57.0,7.0,42.0,115.0,42.0,40.0,89.0,79.0,58.0
Naip1,0.0,0.0,9.0,0.0,2.0,0.0,9.0,2.0,1.0,1.0,0.0,3.0,2.0,0.0,2.0,3.0,4.0
Naip5,1.0,0.0,5.0,2.0,0.0,6.0,5.0,8.0,1.0,0.0,0.0,3.0,0.0,3.0,2.0,3.0,2.0
Nampt,218.0,132.0,266.0,362.0,217.0,299.0,339.0,352.0,266.0,46.0,214.0,461.0,257.0,237.0,423.0,420.0,344.0
Nanog,0.0,2.0,7.0,1.0,1.0,0.0,8.0,3.0,2.0,0.0,0.0,0.0,2.0,0.0,0.0,0.0,1.0
Nat1,1.0,0.0,4.0,1.0,0.0,0.0,3.0,1.0,0.0,1.0,0.0,1.0,0.0,0.0,3.0,2.0,0.0
Nbn,3.0,13.0,15.0,47.0,32.0,29.0,15.0,18.0,30.0,3.0,32.0,51.0,25.0,32.0,25.0,32.0,30.0
Nbr1,107.0,82.0,70.0,258.0,218.0,184.0,125.0,173.0,146.0,10.0,128.0,359.0,173.0,145.0,223.0,203.0,231.0
Ncam1,11.0,4.0,4.0,66.0,6.0,15.0,7.0,14.0,10.0,1.0,18.0,52.0,7.0,14.0,81.0,32.0,68.0
Ncam2,1.0,1.0,6.0,2.0,3.0,3.0,4.0,1.0,9.0,0.0,2.0,5.0,2.0,5.0,1.0,6.0,1.0
Ncan,2.0,3.0,3.0,0.0,1.0,3.0,4.0,3.0,4.0,0.0,1.0,3.0,0.0,0.0,6.0,1.0,4.0
Ncaph,5.0,3.0,5.0,63.0,23.0,15.0,6.0,27.0,11.0,2.0,13.0,64.0,12.0,15.0,25.0,44.0,31.0
Ncbp2,12.0,6.0,20.0,55.0,14.0,32.0,18.0,16.0,21.0,0.0,12.0,41.0,21.0,37.0,16.0,42.0,43.0
Ncf1,57.0,21.0,218.0,189.0,186.0,99.0,408.0,223.0,138.0,44.0,220.0,242.0,67.0,81.0,307.0,266.0,172.0
Ncf4,12.0,3.0,44.0,55.0,22.0,9.0,49.0,82.0,30.0,9.0,20.0,44.0,22.0,21.0,65.0,72.0,54.0
Nck1,9.0,5.0,20.0,65.0,44.0,40.0,24.0,35.0,28.0,4.0,27.0,114.0,28.0,39.0,59.0,76.0,68.0
Ncl,19.0,11.0,33.0,86.0,35.0,28.0,34.0,59.0,28.0,3.0,15.0,73.0,52.0,41.0,40.0,71.0,69.0
Ncoa1,17.0,24.0,20.0,78.0,74.0,57.0,50.0,44.0,62.0,9.0,57.0,101.0,46.0,37.0,75.0,65.0,52.0
Ncoa2,8.0,7.0,21.0,88.0,44.0,52.0,28.0,52.0,38.0,3.0,40.0,90.0,31.0,30.0,55.0,55.0,46.0
Ncoa3,20.0,28.0,44.0,137.0,98.0,71.0,94.0,73.0,84.0,11.0,72.0,123.0,61.0,51.0,122.0,116.0,78.0
Ncor1,26.0,60.0,61.0,302.0,135.0,193.0,119.0,187.0,153.0,16.0,124.0,295.0,112.0,128.0,189.0,206.0,189.0
Ncor2,9.0,16.0,34.0,259.0,43.0,97.0,28.0,135.0,56.0,3.0,54.0,212.0,59.0,89.0,86.0,106.0,117.0
Ncr1,9.0,10.0,9.0,67.0,18.0,28.0,14.0,13.0,21.0,1.0,16.0,46.0,14.0,24.0,65.0,36.0,44.0
Ncstn,149.0,153.0,131.0,451.0,444.0,282.0,301.0,212.0,261.0,20.0,327.0,611.0,327.0,208.0,545.0,497.0,420.0
Ndc1,36.0,34.0,26.0,122.0,51.0,56.0,56.0,41.0,34.0,3.0,55.0,114.0,94.0,64.0,52.0,81.0,82.0
Ndc80,8.0,15.0,10.0,75.0,32.0,45.0,30.0,34.0,26.0,0.0,33.0,55.0,51.0,27.0,62.0,47.0,64.0
Nde1,51.0,64.0,50.0,273.0,162.0,163.0,113.0,110.0,119.0,2.0,140.0,278.0,138.0,121.0,170.0,189.0,206.0
Ndel1,251.0,294.0,281.0,466.0,466.0,275.0,397.0,283.0,432.0,26.0,264.0,702.0,568.0,344.0,553.0,543.0,437.0
Ndn,14.0,9.0,18.0,66.0,38.0,31.0,27.0,24.0,26.0,4.0,45.0,125.0,15.0,27.0,87.0,93.0,63.0
Ndor1,18.0,14.0,23.0,95.0,53.0,55.0,26.0,44.0,52.0,2.0,27.0,93.0,52.0,56.0,64.0,87.0,73.0
Ndrg2,101.0,16.0,40.0,89.0,109.0,53.0,24.0,277.0,52.0,1.0,44.0,676.0,65.0,437.0,90.0,277.0,246.0
Ndrg4,10.0,8.0,14.0,72.0,40.0,23.0,21.0,24.0,25.0,2.0,42.0,84.0,21.0,32.0,63.0,129.0,65.0
Ndst1,10.0,6.0,14.0,48.0,19.0,24.0,20.0,27.0,14.0,7.0,23.0,50.0,23.0,20.0,28.0,26.0,35.0
Ndst2,18.0,9.0,30.0,151.0,34.0,47.0,39.0,106.0,60.0,4.0,41.0,121.0,39.0,77.0,52.0,105.0,80.0
Ndst3,0.0,1.0,6.0,6.0,1.0,5.0,5.0,2.0,6.0,0.0,2.0,3.0,0.0,1.0,2.0,2.0,1.0
Ndufa12,2.0,7.0,13.0,31.0,7.0,7.0,9.0,14.0,7.0,0.0,6.0,18.0,11.0,13.0,11.0,14.0,21.0
Ndufa9,34.0,36.0,37.0,176.0,90.0,98.0,67.0,116.0,72.0,3.0,79.0,260.0,104.0,120.0,147.0,154.0,138.0
Ndufaf6,25.0,14.0,11.0,68.0,30.0,26.0,27.0,46.0,23.0,2.0,29.0,67.0,31.0,58.0,37.0,61.0,49.0
Ndufs1,96.0,74.0,96.0,398.0,221.0,201.0,160.0,222.0,165.0,4.0,149.0,516.0,223.0,220.0,323.0,303.0,301.0
Ndufs4,12.0,14.0,20.0,43.0,21.0,34.0,21.0,37.0,29.0,4.0,21.0,92.0,34.0,41.0,33.0,47.0,35.0
Ndufv2,3.0,3.0,6.0,28.0,4.0,13.0,6.0,23.0,6.0,1.0,5.0,38.0,6.0,36.0,12.0,31.0,23.0
Neat1,2015.0,1167.0,1732.0,5395.0,3038.0,2708.0,2006.0,3757.0,2735.0,286.0,1257.0,7427.0,3491.0,5091.0,2594.0,6704.0,5726.0
Nectin2,4.0,3.0,6.0,28.0,12.0,24.0,11.0,23.0,22.0,3.0,31.0,33.0,14.0,10.0,33.0,24.0,43.0
Nectin3,19.0,14.0,8.0,65.0,23.0,66.0,24.0,46.0,56.0,2.0,61.0,53.0,26.0,26.0,46.0,42.0,59.0
Nedd4,158.0,179.0,185.0,1302.0,612.0,760.0,319.0,614.0,425.0,48.0,685.0,1577.0,466.0,499.0,1034.0,1121.0,1207.0
Nedd4l,27.0,23.0,48.0,94.0,47.0,39.0,51.0,45.0,57.0,6.0,33.0,120.0,70.0,50.0,87.0,59.0,69.0
Nefh,4.0,6.0,11.0,2.0,8.0,6.0,15.0,4.0,7.0,1.0,10.0,15.0,12.0,2.0,11.0,5.0,5.0
Nefl,0.0,4.0,2.0,2.0,0.0,0.0,4.0,0.0,1.0,0.0,2.0,1.0,1.0,0.0,4.0,9.0,0.0
Nefm,3.0,1.0,8.0,2.0,2.0,3.0,11.0,2.0,1.0,0.0,0.0,2.0,4.0,3.0,4.0,5.0,2.0
Neil1,14.0,28.0,15.0,67.0,49.0,56.0,30.0,46.0,40.0,5.0,52.0,88.0,48.0,33.0,49.0,49.0,50.0
Nek2,1.0,2.0,7.0,27.0,3.0,13.0,10.0,11.0,2.0,0.0,12.0,17.0,7.0,6.0,6.0,17.0,8.0
Nek7,33.0,30.0,56.0,132.0,79.0,70.0,67.0,109.0,93.0,7.0,45.0,171.0,100.0,86.0,90.0,122.0,136.0
Nelfb,29.0,35.0,46.0,178.0,92.0,70.0,64.0,112.0,93.0,11.0,56.0,166.0,85.0,78.0,83.0,140.0,110.0
Nelfe,19.0,17.0,25.0,79.0,53.0,44.0,47.0,49.0,51.0,4.0,36.0,85.0,59.0,44.0,55.0,65.0,62.0
Nell1,0.0,2.0,2.0,0.0,1.0,2.0,1.0,1.0,2.0,0.0,0.0,1.0,0.0,1.0,0.0,1.0,2.0
Neo1,37.0,29.0,27.0,269.0,103.0,214.0,30.0,126.0,56.0,3.0,192.0,204.0,69.0,80.0,138.0,140.0,135.0
Nes,109.0,6.0,45.0,166.0,32.0,10.0,15.0,69.0,13.0,4.0,70.0,196.0,28.0,58.0,347.0,96.0,323.0
Neu1,31.0,23.0,57.0,144.0,87.0,65.0,84.0,93.0,66.0,15.0,76.0,159.0,64.0,68.0,163.0,158.0,126.0
Neurod1,0.0,0.0,5.0,0.0,0.0,1.0,8.0,1.0,1.0,1.0,0.0,0.0,0.0,0.0,0.0,2.0,0.0
Neurod2,4.0,1.0,7.0,0.0,3.0,2.0,2.0,0.0,1.0,0.0,1.0,0.0,2.0,0.0,2.0,0.0,1.0
Neurod4,1.0,0.0,3.0,1.0,0.0,3.0,4.0,0.0,0.0,0.0,2.0,1.0,1.0,0.0,2.0,1.0,0.0
Neurod6,1.0,0.0,5.0,0.0,1.0,2.0,7.0,1.0,0.0,0.0,0.0,3.0,0.0,0.0,0.0,2.0,0.0
Neurog1,2.0,1.0,5.0,0.0,0.0,0.0,2.0,1.0,0.0,0.0,0.0,0.0,0.0,0.0,0.0,0.0,0.0
Neurog2,0.0,1.0,2.0,0.0,0.0,1.0,4.0,0.0,1.0,0.0,1.0,2.0,0.0,0.0,1.0,1.0,1.0
Neurog3,0.0,1.0,5.0,1.0,0.0,0.0,6.0,0.0,1.0,0.0,0.0,3.0,0.0,0.0,3.0,2.0,0.0
Nf1,30.0,49.0,39.0,149.0,74.0,72.0,72.0,92.0,70.0,9.0,92.0,177.0,78.0,74.0,88.0,122.0,108.0
Nf2,32.0,34.0,29.0,161.0,53.0,87.0,55.0,71.0,55.0,2.0,60.0,177.0,63.0,84.0,74.0,107.0,93.0
Nfat5,98.0,85.0,98.0,248.0,177.0,158.0,130.0,165.0,162.0,10.0,98.0,349.0,196.0,148.0,179.0,211.0,209.0
Nfatc1,35.0,38.0,42.0,344.0,69.0,67.0,50.0,93.0,94.0,4.0,34.0,327.0,88.0,144.0,152.0,182.0,200.0
Nfatc2,22.0,10.0,14.0,78.0,48.0,70.0,19.0,24.0,83.0,1.0,50.0,128.0,31.0,68.0,132.0,95.0,88.0
Nfatc3,16.0,18.0,20.0,71.0,45.0,48.0,43.0,68.0,43.0,2.0,28.0,74.0,41.0,37.0,51.0,57.0,65.0
Nfe2,0.0,1.0,12.0,3.0,1.0,2.0,8.0,7.0,1.0,0.0,2.0,4.0,0.0,0.0,0.0,6.0,3.0
Nfe2l1,252.0,154.0,163.0,498.0,424.0,334.0,272.0,378.0,347.0,25.0,241.0,854.0,406.0,403.0,591.0,531.0,577.0
Nfe2l2,98.0,123.0,153.0,387.0,313.0,130.0,247.0,223.0,182.0,13.0,121.0,577.0,266.0,267.0,323.0,415.0,349.0
Nfia,0.0,8.0,8.0,33.0,31.0,37.0,11.0,13.0,26.0,0.0,19.0,49.0,17.0,22.0,33.0,30.0,30.0
Nfib,170.0,318.0,135.0,1122.0,541.0,1071.0,242.0,594.0,466.0,7.0,781.0,1125.0,527.0,557.0,730.0,683.0,597.0
Nfil3,71.0,26.0,79.0,162.0,40.0,68.0,111.0,145.0,48.0,32.0,64.0,166.0,110.0,105.0,99.0,133.0,121.0
Nfix,95.0,124.0,56.0,636.0,239.0,496.0,148.0,273.0,325.0,2.0,315.0,607.0,233.0,301.0,387.0,419.0,325.0
Nfkb1,38.0,67.0,68.0,205.0,114.0,96.0,97.0,116.0,113.0,7.0,58.0,218.0,154.0,121.0,125.0,173.0,163.0
Nfkb2,83.0,58.0,111.0,189.0,129.0,75.0,150.0,138.0,131.0,13.0,137.0,251.0,141.0,106.0,169.0,199.0,192.0
Nfkbib,56.0,43.0,71.0,216.0,87.0,90.0,90.0,160.0,120.0,10.0,67.0,217.0,116.0,113.0,154.0,151.0,134.0
Nfkbie,32.0,27.0,100.0,108.0,59.0,30.0,92.0,79.0,69.0,9.0,65.0,124.0,61.0,54.0,97.0,103.0,80.0
Nfu1,5.0,0.0,8.0,7.0,4.0,4.0,7.0,2.0,4.0,1.0,4.0,11.0,5.0,5.0,4.0,7.0,11.0
Nfya,9.0,16.0,20.0,87.0,35.0,40.0,30.0,56.0,47.0,4.0,37.0,90.0,36.0,31.0,59.0,47.0,53.0
Nfyc,8.0,16.0,9.0,54.0,28.0,25.0,22.0,15.0,19.0,0.0,14.0,60.0,13.0,20.0,32.0,38.0,29.0
Ngb,5.0,1.0,6.0,12.0,4.0,6.0,5.0,3.0,5.0,1.0,3.0,7.0,0.0,9.0,3.0,9.0,7.0
Ngf,3.0,7.0,21.0,10.0,10.0,2.0,13.0,17.0,6.0,1.0,1.0,29.0,10.0,5.0,5.0,27.0,12.0
Ngfr,1.0,8.0,3.0,40.0,15.0,25.0,13.0,7.0,39.0,7.0,6.0,33.0,16.0,18.0,17.0,20.0,12.0
Nhlh1,0.0,0.0,2.0,0.0,1.0,1.0,3.0,0.0,0.0,0.0,0.0,1.0,0.0,0.0,0.0,3.0,0.0
Nhlh2,1.0,0.0,6.0,0.0,0.0,0.0,4.0,0.0,0.0,0.0,1.0,3.0,1.0,0.0,1.0,0.0,1.0
Nhsl1,30.0,65.0,36.0,315.0,146.0,163.0,64.0,112.0,164.0,0.0,99.0,268.0,150.0,169.0,139.0,177.0,127.0
Nid1,59.0,27.0,70.0,330.0,273.0,175.0,92.0,160.0,114.0,22.0,298.0,560.0,89.0,166.0,457.0,549.0,362.0
Nid2,15.0,4.0,13.0,155.0,62.0,39.0,23.0,40.0,24.0,5.0,86.0,177.0,28.0,38.0,130.0,199.0,228.0
Ninl,4.0,3.0,7.0,16.0,7.0,14.0,8.0,5.0,5.0,0.0,14.0,9.0,5.0,10.0,8.0,9.0,16.0
Nipbl,7.0,13.0,24.0,66.0,22.0,49.0,22.0,50.0,42.0,2.0,27.0,75.0,31.0,38.0,25.0,43.0,32.0
Nipsnap2,9.0,7.0,12.0,50.0,40.0,25.0,20.0,39.0,28.0,1.0,23.0,110.0,25.0,51.0,44.0,44.0,54.0
Nkain1,5.0,0.0,2.0,14.0,3.0,0.0,6.0,2.0,1.0,0.0,2.0,9.0,5.0,10.0,4.0,9.0,4.0
Nkain3,5.0,0.0,8.0,1.0,0.0,0.0,3.0,3.0,0.0,0.0,4.0,7.0,3.0,1.0,1.0,1.0,2.0
Nkd2,4.0,5.0,10.0,44.0,8.0,36.0,14.0,21.0,9.0,4.0,51.0,28.0,12.0,17.0,14.0,25.0,17.0
Nkx2-1,1.0,0.0,5.0,0.0,0.0,2.0,3.0,0.0,0.0,0.0,1.0,0.0,0.0,0.0,2.0,1.0,0.0
Nkx2-2,4.0,5.0,3.0,0.0,4.0,3.0,16.0,1.0,2.0,1.0,10.0,7.0,6.0,1.0,3.0,2.0,1.0
Nkx2-5,0.0,0.0,4.0,0.0,0.0,0.0,9.0,0.0,0.0,0.0,0.0,1.0,2.0,0.0,0.0,1.0,0.0
Nkx3-1,1.0,0.0,9.0,0.0,0.0,1.0,5.0,1.0,0.0,0.0,1.0,0.0,0.0,0.0,0.0,0.0,0.0
Nkx3-2,1.0,4.0,4.0,5.0,6.0,1.0,11.0,1.0,4.0,0.0,6.0,11.0,7.0,0.0,8.0,8.0,5.0
Nkx6-1,0.0,0.0,8.0,0.0,0.0,1.0,6.0,2.0,2.0,0.0,0.0,2.0,2.0,0.0,0.0,0.0,0.0
Nkx6-2,0.0,0.0,1.0,1.0,1.0,0.0,5.0,0.0,0.0,0.0,0.0,2.0,0.0,2.0,0.0,0.0,1.0
Nlgn2,16.0,11.0,19.0,78.0,26.0,24.0,24.0,58.0,18.0,5.0,29.0,57.0,35.0,56.0,30.0,92.0,55.0
Nlgn3,3.0,2.0,2.0,10.0,3.0,7.0,2.0,4.0,5.0,0.0,7.0,8.0,1.0,4.0,9.0,7.0,5.0
Nlk,9.0,8.0,6.0,40.0,17.0,13.0,9.0,26.0,13.0,4.0,14.0,49.0,18.0,19.0,28.0,30.0,28.0
Nlrc4,2.0,5.0,8.0,14.0,14.0,4.0,17.0,11.0,7.0,4.0,15.0,13.0,7.0,5.0,12.0,7.0,12.0
Nlrp12,5.0,2.0,13.0,11.0,4.0,1.0,22.0,10.0,2.0,1.0,2.0,7.0,13.0,5.0,2.0,18.0,15.0
Nlrp3,9.0,12.0,72.0,54.0,13.0,5.0,48.0,68.0,14.0,12.0,7.0,22.0,17.0,11.0,42.0,69.0,45.0
Nlrp4e,1.0,0.0,3.0,1.0,1.0,3.0,3.0,2.0,3.0,0.0,2.0,4.0,3.0,0.0,3.0,2.0,2.0
Nlrp4f,1.0,0.0,4.0,0.0,0.0,0.0,4.0,0.0,0.0,0.0,0.0,2.0,1.0,2.0,0.0,1.0,1.0
Nlrp6,1.0,0.0,4.0,1.0,1.0,0.0,2.0,0.0,1.0,0.0,0.0,1.0,0.0,0.0,0.0,1.0,0.0
Nlrp9b,0.0,0.0,7.0,1.0,1.0,0.0,5.0,1.0,1.0,0.0,0.0,1.0,2.0,2.0,1.0,2.0,0.0
Nmb,29.0,29.0,24.0,19.0,63.0,50.0,31.0,35.0,35.0,3.0,42.0,82.0,49.0,26.0,65.0,33.0,38.0
Nme5,2.0,0.0,5.0,2.0,0.0,2.0,6.0,1.0,1.0,0.0,1.0,3.0,0.0,1.0,1.0,2.0,2.0
Nmrk1,8.0,1.0,12.0,16.0,8.0,9.0,13.0,19.0,4.0,6.0,11.0,17.0,4.0,8.0,17.0,18.0,12.0
Nmt1,37.0,18.0,30.0,85.0,63.0,39.0,58.0,51.0,46.0,3.0,32.0,102.0,51.0,53.0,83.0,78.0,78.0
Nmu,60.0,116.0,59.0,37.0,106.0,102.0,96.0,17.0,67.0,5.0,90.0,183.0,175.0,38.0,134.0,45.0,79.0
Nmur1,0.0,1.0,2.0,3.0,1.0,2.0,3.0,0.0,0.0,0.0,2.0,2.0,4.0,1.0,0.0,1.0,1.0
Nobox,1.0,1.0,3.0,2.0,1.0,2.0,5.0,0.0,3.0,2.0,0.0,5.0,5.0,1.0,3.0,1.0,3.0
Noct,48.0,42.0,95.0,87.0,69.0,34.0,104.0,124.0,57.0,18.0,26.0,165.0,115.0,64.0,84.0,134.0,99.0
Nod1,5.0,6.0,13.0,42.0,17.0,26.0,13.0,25.0,20.0,1.0,11.0,54.0,19.0,26.0,43.0,49.0,38.0
Nod2,1.0,3.0,9.0,9.0,3.0,2.0,1.0,7.0,1.0,0.0,1.0,8.0,7.0,4.0,4.0,10.0,5.0
Nodal,1.0,5.0,10.0,5.0,7.0,1.0,6.0,1.0,6.0,0.0,9.0,6.0,8.0,5.0,7.0,1.0,3.0
Nog,16.0,6.0,9.0,7.0,8.0,8.0,3.0,37.0,4.0,0.0,17.0,81.0,10.0,92.0,3.0,67.0,37.0
Nos1ap,3.0,7.0,7.0,21.0,12.0,12.0,12.0,8.0,17.0,0.0,15.0,22.0,16.0,5.0,5.0,8.0,11.0
Nos2,5.0,4.0,22.0,32.0,8.0,5.0,31.0,41.0,7.0,16.0,6.0,11.0,8.0,4.0,18.0,118.0,20.0
Nos3,8.0,2.0,18.0,22.0,17.0,3.0,11.0,21.0,10.0,7.0,18.0,46.0,18.0,19.0,25.0,29.0,31.0
Nosip,107.0,95.0,82.0,357.0,235.0,218.0,196.0,202.0,187.0,6.0,182.0,484.0,243.0,218.0,354.0,300.0,284.0
Notch1,59.0,50.0,58.0,483.0,148.0,347.0,100.0,258.0,165.0,16.0,230.0,380.0,145.0,187.0,183.0,236.0,220.0
Notch2,57.0,52.0,81.0,247.0,170.0,121.0,149.0,179.0,138.0,20.0,132.0,298.0,135.0,104.0,166.0,200.0,179.0
Notch3,11.0,9.0,17.0,116.0,48.0,51.0,33.0,71.0,27.0,4.0,31.0,156.0,51.0,57.0,66.0,96.0,61.0
Notch4,18.0,4.0,24.0,51.0,20.0,15.0,27.0,38.0,12.0,7.0,22.0,100.0,16.0,20.0,41.0,45.0,75.0
Noto,0.0,0.0,5.0,0.0,0.0,1.0,5.0,1.0,2.0,1.0,0.0,0.0,1.0,0.0,2.0,0.0,0.0
Nova2,0.0,3.0,7.0,6.0,9.0,2.0,3.0,5.0,1.0,1.0,6.0,12.0,4.0,4.0,8.0,7.0,13.0
Nox1,1.0,1.0,2.0,0.0,1.0,0.0,1.0,2.0,1.0,0.0,0.0,0.0,0.0,0.0,3.0,1.0,1.0
Nox3,0.0,0.0,2.0,1.0,1.0,1.0,2.0,2.0,0.0,0.0,0.0,2.0,2.0,3.0,0.0,3.0,0.0
Nox4,1.0,3.0,3.0,27.0,30.0,18.0,8.0,14.0,12.0,0.0,41.0,66.0,7.0,24.0,48.0,38.0,29.0
Noxo1,1.0,0.0,2.0,5.0,1.0,2.0,2.0,1.0,3.0,1.0,3.0,8.0,2.0,1.0,4.0,2.0,2.0
Npas1,0.0,1.0,8.0,0.0,4.0,4.0,6.0,0.0,2.0,1.0,1.0,3.0,0.0,2.0,5.0,1.0,5.0
Npas2,2.0,4.0,7.0,14.0,10.0,10.0,8.0,7.0,3.0,0.0,5.0,15.0,10.0,14.0,7.0,12.0,18.0
Npas4,2.0,2.0,10.0,3.0,2.0,2.0,3.0,2.0,2.0,0.0,2.0,10.0,5.0,1.0,6.0,2.0,4.0
Npbwr1,0.0,1.0,4.0,2.0,2.0,9.0,10.0,2.0,9.0,0.0,2.0,5.0,5.0,2.0,6.0,10.0,4.0
Npc1,27.0,33.0,62.0,183.0,122.0,115.0,93.0,134.0,126.0,23.0,87.0,239.0,74.0,82.0,160.0,167.0,145.0
Npc1l1,2.0,0.0,6.0,2.0,0.0,1.0,2.0,0.0,1.0,0.0,1.0,7.0,0.0,1.0,2.0,2.0,1.0
Npepps,126.0,144.0,123.0,382.0,264.0,209.0,194.0,263.0,216.0,16.0,119.0,532.0,331.0,289.0,317.0,375.0,280.0
Npffr2,1.0,0.0,3.0,1.0,0.0,0.0,2.0,0.0,3.0,0.0,1.0,1.0,0.0,0.0,0.0,0.0,1.0
Nphs1,2.0,0.0,10.0,3.0,2.0,3.0,9.0,2.0,5.0,0.0,1.0,4.0,1.0,2.0,2.0,0.0,1.0
Nphs2,0.0,3.0,4.0,3.0,1.0,1.0,5.0,1.0,1.0,0.0,2.0,0.0,1.0,1.0,2.0,1.0,2.0
Nploc4,57.0,43.0,43.0,171.0,88.0,84.0,84.0,147.0,100.0,4.0,85.0,269.0,123.0,115.0,151.0,193.0,159.0
Nppa,2.0,7.0,6.0,2.0,6.0,8.0,5.0,2.0,5.0,0.0,7.0,16.0,7.0,1.0,9.0,2.0,7.0
Nppb,16.0,30.0,21.0,9.0,17.0,0.0,55.0,16.0,6.0,1.0,8.0,53.0,31.0,39.0,30.0,18.0,22.0
Npr1,12.0,10.0,7.0,33.0,39.0,21.0,8.0,25.0,35.0,0.0,26.0,114.0,13.0,28.0,54.0,63.0,40.0
Npsr1,10.0,10.0,4.0,4.0,14.0,10.0,16.0,4.0,0.0,0.0,1.0,16.0,9.0,5.0,15.0,4.0,12.0
Nptx2,6.0,27.0,12.0,36.0,5.0,22.0,5.0,17.0,11.0,0.0,20.0,12.0,17.0,20.0,6.0,21.0,19.0
Nptxr,3.0,2.0,6.0,8.0,4.0,3.0,6.0,4.0,4.0,0.0,3.0,10.0,4.0,4.0,5.0,10.0,12.0
Npy1r,0.0,1.0,2.0,3.0,4.0,3.0,2.0,3.0,3.0,0.0,2.0,14.0,1.0,0.0,6.0,2.0,3.0
Npy2r,0.0,0.0,5.0,1.0,1.0,0.0,7.0,0.0,1.0,0.0,0.0,1.0,1.0,1.0,1.0,0.0,0.0
Npy4r,0.0,0.0,4.0,1.0,0.0,3.0,6.0,1.0,1.0,2.0,1.0,6.0,2.0,2.0,2.0,2.0,0.0
Nqo1,27.0,19.0,22.0,40.0,67.0,16.0,26.0,43.0,13.0,0.0,6.0,78.0,57.0,30.0,37.0,52.0,41.0
Nr0b1,0.0,1.0,5.0,2.0,0.0,1.0,4.0,2.0,0.0,0.0,3.0,0.0,1.0,2.0,0.0,2.0,1.0
Nr0b2,0.0,0.0,1.0,2.0,0.0,0.0,2.0,3.0,0.0,0.0,0.0,0.0,0.0,1.0,1.0,0.0,1.0
Nr1d1,11.0,16.0,14.0,113.0,83.0,71.0,30.0,52.0,75.0,1.0,30.0,219.0,32.0,145.0,73.0,140.0,104.0
Nr1h2,63.0,48.0,79.0,326.0,118.0,164.0,98.0,154.0,153.0,18.0,105.0,267.0,127.0,155.0,177.0,246.0,167.0
Nr1h3,6.0,6.0,22.0,40.0,39.0,23.0,27.0,32.0,39.0,7.0,20.0,73.0,11.0,23.0,67.0,55.0,57.0
Nr1h4,6.0,4.0,4.0,0.0,13.0,14.0,8.0,5.0,6.0,0.0,13.0,13.0,6.0,4.0,21.0,10.0,11.0
Nr1i2,0.0,0.0,2.0,1.0,0.0,1.0,5.0,2.0,1.0,0.0,3.0,0.0,0.0,2.0,1.0,0.0,0.0
Nr2c2,15.0,16.0,28.0,109.0,45.0,54.0,29.0,75.0,47.0,7.0,34.0,90.0,40.0,57.0,63.0,89.0,72.0
Nr2e1,1.0,1.0,9.0,6.0,0.0,1.0,2.0,2.0,0.0,0.0,4.0,2.0,2.0,1.0,1.0,2.0,1.0
Nr2e3,1.0,0.0,5.0,3.0,1.0,0.0,3.0,2.0,1.0,0.0,1.0,2.0,0.0,0.0,0.0,1.0,1.0
Nr2f1,2.0,2.0,10.0,47.0,15.0,16.0,15.0,14.0,11.0,3.0,17.0,71.0,16.0,11.0,19.0,64.0,26.0
Nr2f2,17.0,12.0,13.0,61.0,56.0,35.0,18.0,34.0,34.0,6.0,34.0,155.0,25.0,49.0,95.0,54.0,65.0
Nr3c1,56.0,58.0,68.0,232.0,153.0,169.0,106.0,125.0,171.0,25.0,156.0,330.0,131.0,133.0,235.0,259.0,204.0
Nr3c2,5.0,6.0,8.0,11.0,4.0,6.0,10.0,7.0,1.0,0.0,2.0,21.0,4.0,7.0,5.0,4.0,5.0
Nr4a1,13.0,10.0,21.0,50.0,16.0,8.0,24.0,47.0,23.0,3.0,11.0,81.0,22.0,40.0,17.0,53.0,38.0
Nr4a2,2.0,6.0,6.0,17.0,3.0,7.0,14.0,4.0,3.0,4.0,8.0,14.0,10.0,9.0,6.0,16.0,12.0
Nr4a3,4.0,4.0,15.0,36.0,6.0,3.0,12.0,14.0,12.0,1.0,11.0,19.0,8.0,10.0,16.0,36.0,14.0
Nr5a1,0.0,0.0,6.0,0.0,1.0,1.0,2.0,0.0,0.0,0.0,0.0,1.0,1.0,1.0,0.0,1.0,0.0
Nr5a2,1.0,0.0,12.0,4.0,1.0,1.0,7.0,1.0,1.0,0.0,3.0,7.0,4.0,1.0,7.0,8.0,2.0
Nr6a1,2.0,3.0,15.0,16.0,16.0,14.0,6.0,6.0,5.0,0.0,6.0,20.0,15.0,3.0,8.0,15.0,10.0
Nrarp,1.0,1.0,8.0,35.0,7.0,3.0,5.0,19.0,5.0,1.0,3.0,29.0,12.0,19.0,13.0,9.0,15.0
Nras,23.0,24.0,19.0,73.0,33.0,40.0,19.0,50.0,38.0,2.0,22.0,86.0,49.0,53.0,38.0,68.0,57.0
Nrcam,6.0,5.0,11.0,14.0,10.0,7.0,21.0,5.0,11.0,4.0,9.0,20.0,9.0,18.0,8.0,7.0,3.0
Nrep,25.0,8.0,14.0,266.0,138.0,149.0,23.0,51.0,53.0,4.0,179.0,227.0,34.0,60.0,324.0,203.0,235.0
Nrf1,14.0,14.0,19.0,85.0,30.0,48.0,37.0,53.0,29.0,3.0,43.0,92.0,48.0,32.0,42.0,68.0,41.0
Nrg1,62.0,101.0,141.0,141.0,160.0,5.0,94.0,44.0,55.0,12.0,22.0,411.0,214.0,122.0,74.0,199.0,119.0
Nrip1,16.0,17.0,22.0,37.0,37.0,24.0,22.0,32.0,20.0,2.0,21.0,82.0,31.0,29.0,34.0,43.0,48.0
Nrip3,1.0,2.0,5.0,6.0,3.0,7.0,3.0,1.0,9.0,0.0,2.0,5.0,2.0,5.0,2.0,9.0,1.0
Nrn1,2.0,2.0,2.0,3.0,1.0,4.0,11.0,3.0,3.0,0.0,1.0,3.0,4.0,1.0,4.0,4.0,0.0
Nrp1,50.0,25.0,45.0,235.0,346.0,134.0,87.0,99.0,156.0,4.0,354.0,473.0,61.0,114.0,431.0,277.0,229.0
Nrp2,6.0,12.0,17.0,169.0,51.0,146.0,35.0,97.0,48.0,12.0,100.0,103.0,28.0,37.0,80.0,62.0,119.0
Nsf,23.0,34.0,52.0,156.0,88.0,73.0,71.0,95.0,85.0,7.0,52.0,160.0,72.0,77.0,140.0,161.0,139.0
Nsmce3,4.0,2.0,6.0,17.0,2.0,6.0,8.0,5.0,7.0,0.0,4.0,18.0,4.0,5.0,3.0,4.0,3.0
Nsmf,13.0,14.0,11.0,56.0,26.0,30.0,17.0,35.0,24.0,0.0,34.0,73.0,31.0,30.0,29.0,43.0,43.0
Nsun2,159.0,125.0,89.0,347.0,233.0,171.0,151.0,164.0,137.0,11.0,127.0,342.0,334.0,205.0,238.0,305.0,263.0
Nt5c1b,1.0,1.0,4.0,0.0,3.0,2.0,4.0,1.0,0.0,0.0,4.0,1.0,2.0,3.0,1.0,1.0,2.0
Nt5e,6.0,15.0,31.0,103.0,102.0,39.0,34.0,71.0,28.0,15.0,46.0,109.0,44.0,27.0,75.0,96.0,90.0
Ntf3,8.0,9.0,12.0,15.0,19.0,24.0,18.0,7.0,16.0,0.0,12.0,33.0,12.0,8.0,13.0,14.0,14.0
Ntf5,11.0,9.0,9.0,43.0,21.0,30.0,10.0,19.0,14.0,1.0,12.0,39.0,29.0,14.0,11.0,12.0,15.0
Nthl1,4.0,1.0,0.0,9.0,2.0,8.0,4.0,7.0,5.0,2.0,3.0,16.0,4.0,9.0,4.0,5.0,7.0
Ntmt1,17.0,8.0,17.0,106.0,31.0,47.0,26.0,40.0,32.0,1.0,30.0,88.0,43.0,56.0,44.0,79.0,63.0
Ntn1,10.0,9.0,6.0,65.0,13.0,47.0,14.0,31.0,14.0,0.0,28.0,77.0,12.0,29.0,28.0,62.0,44.0
Ntn4,2.0,0.0,5.0,14.0,6.0,10.0,5.0,14.0,3.0,0.0,9.0,26.0,6.0,8.0,12.0,24.0,10.0
Ntng1,4.0,6.0,6.0,6.0,3.0,7.0,4.0,7.0,4.0,0.0,7.0,13.0,5.0,0.0,2.0,3.0,5.0
Ntng2,18.0,12.0,23.0,75.0,41.0,30.0,21.0,45.0,31.0,3.0,30.0,94.0,31.0,19.0,43.0,47.0,58.0
Ntrk2,14.0,29.0,19.0,58.0,148.0,87.0,61.0,31.0,110.0,1.0,120.0,188.0,94.0,62.0,126.0,64.0,35.0
Ntrk3,1.0,1.0,3.0,4.0,3.0,2.0,5.0,2.0,1.0,0.0,4.0,2.0,1.0,2.0,4.0,3.0,2.0
Nts,3.0,0.0,7.0,5.0,12.0,1.0,6.0,0.0,0.0,0.0,0.0,6.0,0.0,1.0,17.0,4.0,4.0
Ntsr1,0.0,2.0,1.0,0.0,6.0,2.0,6.0,0.0,2.0,0.0,4.0,3.0,3.0,0.0,2.0,2.0,2.0
Ntsr2,6.0,2.0,5.0,0.0,8.0,0.0,8.0,7.0,3.0,0.0,5.0,28.0,5.0,15.0,6.0,7.0,10.0
Nuak2,19.0,19.0,31.0,92.0,78.0,24.0,51.0,35.0,46.0,3.0,12.0,135.0,58.0,28.0,52.0,93.0,72.0
Nubpl,1.0,2.0,2.0,2.0,0.0,2.0,4.0,2.0,0.0,0.0,1.0,4.0,0.0,0.0,2.0,1.0,2.0
Numb,15.0,14.0,23.0,105.0,61.0,54.0,31.0,52.0,40.0,5.0,51.0,132.0,45.0,40.0,93.0,72.0,73.0
Nup155,13.0,14.0,20.0,71.0,30.0,31.0,35.0,42.0,26.0,5.0,33.0,74.0,35.0,38.0,41.0,69.0,69.0
Nup205,23.0,29.0,34.0,127.0,52.0,61.0,43.0,76.0,40.0,2.0,36.0,113.0,78.0,73.0,78.0,81.0,70.0
Nup62,6.0,3.0,11.0,48.0,16.0,17.0,9.0,30.0,16.0,3.0,5.0,45.0,13.0,32.0,17.0,23.0,27.0
Nup98,82.0,80.0,139.0,307.0,198.0,153.0,195.0,187.0,200.0,12.0,167.0,293.0,218.0,158.0,211.0,264.0,218.0
Nxn,24.0,30.0,21.0,140.0,60.0,96.0,34.0,63.0,40.0,0.0,38.0,133.0,72.0,66.0,67.0,134.0,128.0
Nxph2,1.0,0.0,6.0,0.0,1.0,0.0,7.0,0.0,1.0,0.0,0.0,0.0,0.0,0.0,0.0,1.0,1.0
Nxph4,12.0,8.0,13.0,46.0,39.0,9.0,12.0,15.0,4.0,1.0,2.0,52.0,9.0,7.0,44.0,32.0,18.0
Nyap1,5.0,4.0,17.0,48.0,7.0,30.0,8.0,14.0,22.0,0.0,9.0,24.0,9.0,16.0,12.0,11.0,14.0
Nyap2,1.0,4.0,6.0,1.0,4.0,0.0,6.0,4.0,1.0,0.0,0.0,1.0,0.0,1.0,1.0,0.0,3.0
Oasl2,342.0,131.0,617.0,401.0,146.0,139.0,932.0,841.0,579.0,90.0,254.0,547.0,389.0,364.0,432.0,613.0,270.0
Oc90,1.0,0.0,4.0,2.0,1.0,1.0,7.0,1.0,2.0,0.0,2.0,1.0,0.0,1.0,3.0,2.0,0.0
Oca2,1.0,0.0,1.0,6.0,1.0,7.0,7.0,0.0,0.0,1.0,10.0,1.0,0.0,1.0,0.0,4.0,1.0
Ocln,2.0,5.0,14.0,24.0,15.0,31.0,13.0,25.0,17.0,1.0,17.0,24.0,24.0,7.0,14.0,18.0,15.0
Ocstamp,0.0,0.0,8.0,3.0,0.0,1.0,0.0,4.0,1.0,0.0,1.0,2.0,0.0,1.0,0.0,0.0,2.0
Odam,0.0,1.0,3.0,0.0,0.0,0.0,11.0,0.0,0.0,1.0,0.0,0.0,0.0,0.0,1.0,0.0,0.0
Odc1,358.0,350.0,558.0,432.0,206.0,179.0,702.0,517.0,310.0,16.0,159.0,747.0,1190.0,815.0,339.0,394.0,427.0
Odf2,11.0,14.0,19.0,101.0,46.0,50.0,25.0,55.0,49.0,3.0,38.0,95.0,40.0,29.0,54.0,59.0,70.0
Odr4,5.0,6.0,12.0,49.0,26.0,29.0,29.0,37.0,34.0,2.0,19.0,70.0,12.0,27.0,31.0,56.0,32.0
Ofd1,19.0,18.0,16.0,80.0,42.0,36.0,19.0,33.0,46.0,5.0,29.0,63.0,34.0,26.0,45.0,45.0,58.0
Ogdh,31.0,33.0,41.0,168.0,89.0,74.0,74.0,128.0,74.0,3.0,40.0,268.0,88.0,128.0,99.0,181.0,141.0
Ogg1,8.0,5.0,14.0,25.0,13.0,17.0,15.0,13.0,8.0,1.0,10.0,25.0,16.0,12.0,12.0,11.0,14.0
Ogn,12.0,2.0,7.0,77.0,98.0,55.0,7.0,14.0,55.0,0.0,99.0,137.0,7.0,36.0,135.0,92.0,53.0
Ogt,50.0,51.0,42.0,250.0,133.0,119.0,75.0,123.0,114.0,11.0,71.0,253.0,114.0,140.0,151.0,224.0,225.0
Olfm3,2.0,1.0,6.0,2.0,1.0,2.0,6.0,3.0,0.0,0.0,6.0,4.0,4.0,2.0,1.0,2.0,2.0
Olfr17,1.0,1.0,5.0,0.0,0.0,0.0,5.0,0.0,2.0,0.0,0.0,0.0,0.0,0.0,0.0,2.0,0.0
Olig1,2.0,0.0,6.0,2.0,1.0,1.0,2.0,1.0,0.0,0.0,1.0,1.0,1.0,0.0,2.0,3.0,1.0
Olig2,3.0,0.0,4.0,3.0,7.0,1.0,4.0,1.0,1.0,0.0,2.0,2.0,5.0,4.0,2.0,14.0,7.0
Olr1,8.0,6.0,31.0,13.0,31.0,5.0,26.0,22.0,13.0,3.0,11.0,27.0,17.0,2.0,41.0,14.0,28.0
Omp,2.0,4.0,3.0,8.0,10.0,6.0,9.0,6.0,14.0,0.0,10.0,21.0,9.0,10.0,10.0,12.0,9.0
Onecut1,3.0,2.0,5.0,3.0,5.0,2.0,4.0,0.0,4.0,0.0,1.0,3.0,5.0,0.0,1.0,4.0,3.0
Onecut2,2.0,0.0,0.0,0.0,0.0,2.0,6.0,1.0,1.0,0.0,5.0,2.0,3.0,0.0,8.0,0.0,7.0
Onecut3,22.0,60.0,22.0,40.0,83.0,67.0,67.0,18.0,63.0,3.0,77.0,112.0,136.0,40.0,112.0,46.0,52.0
Opa1,29.0,22.0,30.0,134.0,73.0,63.0,46.0,73.0,59.0,5.0,44.0,175.0,73.0,92.0,87.0,132.0,108.0
Opalin,1.0,0.0,8.0,2.0,0.0,0.0,7.0,0.0,2.0,0.0,0.0,0.0,0.0,0.0,0.0,1.0,1.0
Opn1mw,0.0,1.0,2.0,0.0,0.0,1.0,1.0,0.0,0.0,0.0,0.0,2.0,1.0,1.0,1.0,1.0,0.0
Opn1sw,1.0,0.0,7.0,1.0,2.0,0.0,8.0,2.0,1.0,0.0,1.0,3.0,1.0,1.0,1.0,1.0,2.0
Opn3,3.0,2.0,4.0,3.0,4.0,3.0,8.0,4.0,4.0,0.0,0.0,6.0,1.0,5.0,3.0,6.0,5.0
Opn4,12.0,12.0,6.0,7.0,17.0,15.0,15.0,4.0,9.0,1.0,20.0,25.0,14.0,4.0,16.0,6.0,16.0
Oprd1,2.0,1.0,7.0,1.0,1.0,2.0,5.0,3.0,0.0,1.0,2.0,0.0,1.0,1.0,0.0,1.0,1.0
Oprk1,1.0,0.0,10.0,0.0,0.0,0.0,6.0,2.0,3.0,0.0,0.0,1.0,0.0,2.0,0.0,3.0,0.0
Oprl1,0.0,0.0,6.0,1.0,0.0,0.0,1.0,1.0,2.0,0.0,1.0,0.0,1.0,0.0,0.0,3.0,2.0
Oprm1,1.0,0.0,2.0,1.0,0.0,0.0,7.0,2.0,0.0,0.0,1.0,1.0,0.0,0.0,2.0,0.0,1.0
Orai1,8.0,6.0,10.0,15.0,32.0,17.0,10.0,11.0,16.0,1.0,11.0,31.0,25.0,16.0,25.0,21.0,22.0
Orc1,9.0,9.0,10.0,40.0,22.0,17.0,19.0,14.0,11.0,0.0,10.0,39.0,16.0,9.0,21.0,28.0,29.0
Orm1,46.0,55.0,11.0,56.0,39.0,85.0,75.0,39.0,190.0,0.0,30.0,54.0,137.0,77.0,147.0,70.0,74.0
Osgep,18.0,14.0,25.0,108.0,66.0,106.0,43.0,77.0,51.0,1.0,56.0,136.0,38.0,67.0,66.0,73.0,90.0
Osm,2.0,5.0,36.0,17.0,5.0,4.0,23.0,47.0,5.0,9.0,3.0,12.0,6.0,2.0,11.0,44.0,11.0
Osmr,195.0,183.0,298.0,338.0,228.0,155.0,347.0,374.0,256.0,17.0,162.0,799.0,635.0,543.0,338.0,676.0,426.0
Osr1,13.0,4.0,11.0,45.0,20.0,13.0,13.0,44.0,19.0,0.0,26.0,84.0,18.0,34.0,42.0,106.0,43.0
Osr2,2.0,6.0,2.0,37.0,11.0,10.0,8.0,9.0,9.0,0.0,13.0,23.0,5.0,7.0,16.0,52.0,9.0
Otc,0.0,1.0,2.0,1.0,1.0,1.0,3.0,1.0,2.0,1.0,0.0,3.0,2.0,0.0,4.0,2.0,2.0
Otof,24.0,26.0,8.0,22.0,39.0,45.0,23.0,10.0,27.0,0.0,24.0,80.0,33.0,8.0,35.0,15.0,39.0
Otp,0.0,0.0,4.0,0.0,0.0,0.0,4.0,0.0,1.0,0.0,0.0,0.0,0.0,0.0,0.0,1.0,0.0
Otud5,52.0,55.0,76.0,239.0,127.0,156.0,109.0,145.0,135.0,15.0,86.0,249.0,141.0,125.0,185.0,224.0,158.0
Otud7b,10.0,11.0,23.0,55.0,25.0,30.0,19.0,35.0,17.0,2.0,26.0,73.0,19.0,30.0,31.0,60.0,38.0
Otx1,1.0,4.0,2.0,4.0,5.0,3.0,4.0,0.0,3.0,0.0,0.0,1.0,8.0,4.0,3.0,2.0,4.0
Otx2,0.0,0.0,3.0,1.0,0.0,0.0,2.0,1.0,0.0,0.0,0.0,1.0,1.0,0.0,0.0,2.0,0.0
Ovol1,46.0,25.0,26.0,125.0,96.0,91.0,72.0,66.0,68.0,3.0,58.0,222.0,76.0,43.0,92.0,77.0,57.0
Oxtr,1.0,3.0,5.0,3.0,4.0,9.0,11.0,3.0,10.0,0.0,3.0,10.0,4.0,3.0,5.0,5.0,5.0
P2rx3,5.0,3.0,5.0,4.0,12.0,5.0,6.0,3.0,3.0,0.0,0.0,12.0,7.0,2.0,10.0,3.0,11.0
P2rx4,23.0,15.0,25.0,54.0,48.0,31.0,45.0,45.0,49.0,5.0,38.0,94.0,44.0,37.0,107.0,74.0,32.0
P2rx7,15.0,20.0,28.0,73.0,53.0,43.0,48.0,59.0,38.0,8.0,67.0,92.0,37.0,44.0,111.0,70.0,55.0
P2ry1,1.0,3.0,4.0,10.0,4.0,5.0,5.0,4.0,1.0,0.0,1.0,12.0,5.0,4.0,6.0,5.0,5.0
P2ry13,4.0,5.0,14.0,20.0,10.0,6.0,13.0,21.0,12.0,0.0,7.0,24.0,9.0,11.0,24.0,11.0,20.0
P2ry2,8.0,3.0,5.0,11.0,9.0,4.0,9.0,16.0,4.0,1.0,5.0,30.0,7.0,18.0,10.0,12.0,13.0
P3h1,53.0,18.0,47.0,273.0,100.0,81.0,42.0,95.0,86.0,4.0,179.0,217.0,83.0,120.0,255.0,428.0,347.0
P3h3,7.0,7.0,13.0,74.0,22.0,26.0,20.0,23.0,27.0,4.0,22.0,72.0,21.0,29.0,40.0,78.0,70.0
P4hb,1386.0,864.0,1026.0,3439.0,2608.0,1253.0,1826.0,1829.0,1481.0,186.0,1496.0,4203.0,2592.0,1861.0,3628.0,4030.0,3183.0
Pa2g4,118.0,178.0,131.0,471.0,296.0,251.0,277.0,253.0,242.0,11.0,157.0,508.0,446.0,281.0,313.0,361.0,328.0
Pacsin3,210.0,99.0,93.0,381.0,397.0,130.0,159.0,260.0,163.0,7.0,112.0,925.0,351.0,459.0,358.0,389.0,415.0
Padi2,12.0,2.0,13.0,24.0,24.0,3.0,8.0,14.0,21.0,2.0,20.0,65.0,14.0,21.0,20.0,20.0,23.0
Padi4,5.0,2.0,24.0,68.0,38.0,12.0,46.0,32.0,12.0,2.0,28.0,33.0,13.0,10.0,13.0,57.0,29.0
Pafah1b1,62.0,65.0,66.0,271.0,126.0,157.0,110.0,196.0,125.0,8.0,79.0,362.0,156.0,204.0,179.0,240.0,214.0
Pafah1b2,86.0,91.0,63.0,203.0,137.0,122.0,134.0,112.0,125.0,8.0,109.0,232.0,204.0,140.0,183.0,198.0,146.0
Pafah1b3,36.0,38.0,28.0,153.0,90.0,113.0,52.0,69.0,58.0,10.0,73.0,159.0,80.0,43.0,110.0,104.0,92.0
Pah,0.0,0.0,2.0,0.0,0.0,0.0,2.0,0.0,0.0,0.0,3.0,0.0,0.0,1.0,0.0,0.0,2.0
Paip1,185.0,191.0,141.0,591.0,324.0,363.0,268.0,300.0,311.0,32.0,298.0,651.0,344.0,340.0,459.0,508.0,461.0
Pak1,67.0,55.0,65.0,173.0,118.0,67.0,96.0,70.0,91.0,4.0,56.0,186.0,168.0,104.0,135.0,134.0,182.0
Pak2,112.0,102.0,140.0,345.0,212.0,200.0,235.0,189.0,206.0,28.0,168.0,421.0,284.0,217.0,248.0,282.0,260.0
Pak3,37.0,28.0,15.0,98.0,44.0,83.0,36.0,35.0,70.0,1.0,47.0,52.0,75.0,59.0,80.0,57.0,54.0
Pakap,61.0,21.0,64.0,164.0,62.0,64.0,55.0,69.0,59.0,16.0,107.0,222.0,63.0,68.0,164.0,183.0,146.0
Pald1,5.0,4.0,5.0,30.0,11.0,14.0,7.0,4.0,9.0,2.0,22.0,38.0,8.0,12.0,29.0,30.0,26.0
Palmd,7.0,11.0,16.0,97.0,34.0,49.0,27.0,59.0,41.0,1.0,25.0,96.0,54.0,54.0,46.0,60.0,40.0
Panx1,2.0,5.0,17.0,31.0,21.0,27.0,18.0,31.0,24.0,0.0,8.0,61.0,25.0,18.0,34.0,41.0,31.0
Panx2,0.0,0.0,1.0,3.0,1.0,1.0,2.0,3.0,4.0,0.0,2.0,3.0,0.0,1.0,4.0,2.0,1.0
Panx3,1.0,2.0,8.0,6.0,0.0,15.0,8.0,1.0,7.0,0.0,0.0,9.0,3.0,2.0,13.0,9.0,9.0
Pard3,39.0,69.0,55.0,270.0,153.0,231.0,85.0,119.0,153.0,6.0,114.0,270.0,139.0,120.0,169.0,204.0,192.0
Pard6a,3.0,2.0,4.0,11.0,5.0,6.0,7.0,6.0,4.0,0.0,4.0,14.0,1.0,8.0,6.0,10.0,15.0
Pard6b,5.0,9.0,12.0,27.0,14.0,9.0,6.0,8.0,10.0,1.0,8.0,25.0,11.0,9.0,9.0,7.0,13.0
Park7,61.0,49.0,43.0,231.0,132.0,102.0,82.0,181.0,96.0,9.0,43.0,446.0,115.0,246.0,129.0,281.0,223.0
Parp1,41.0,32.0,21.0,192.0,92.0,132.0,64.0,91.0,85.0,6.0,96.0,209.0,81.0,75.0,175.0,150.0,136.0
Parp2,20.0,22.0,32.0,144.0,51.0,72.0,28.0,70.0,49.0,1.0,55.0,126.0,58.0,51.0,79.0,89.0,99.0
Parpbp,3.0,5.0,9.0,28.0,12.0,16.0,9.0,10.0,4.0,0.0,9.0,38.0,8.0,13.0,10.0,29.0,33.0
Parva,26.0,34.0,43.0,244.0,128.0,85.0,77.0,98.0,74.0,6.0,93.0,223.0,84.0,95.0,192.0,249.0,213.0
Parvb,37.0,5.0,41.0,52.0,51.0,8.0,45.0,58.0,36.0,5.0,37.0,117.0,20.0,35.0,86.0,87.0,102.0
Patj,10.0,9.0,16.0,75.0,37.0,31.0,26.0,28.0,19.0,2.0,18.0,63.0,27.0,28.0,23.0,36.0,44.0
Patz1,16.0,24.0,17.0,61.0,68.0,49.0,25.0,44.0,50.0,0.0,61.0,120.0,46.0,44.0,66.0,65.0,66.0
Pawr,2.0,1.0,4.0,7.0,1.0,4.0,5.0,4.0,1.0,0.0,0.0,1.0,3.0,4.0,0.0,3.0,4.0
Pax1,13.0,10.0,8.0,6.0,21.0,25.0,18.0,7.0,11.0,1.0,20.0,19.0,19.0,6.0,15.0,11.0,15.0
Pax2,2.0,4.0,1.0,0.0,2.0,3.0,10.0,2.0,1.0,0.0,2.0,3.0,1.0,0.0,2.0,0.0,2.0
Pax3,3.0,6.0,11.0,51.0,9.0,20.0,18.0,23.0,12.0,0.0,26.0,26.0,12.0,10.0,7.0,7.0,7.0
Pax4,0.0,1.0,6.0,0.0,1.0,0.0,3.0,1.0,1.0,0.0,2.0,1.0,1.0,0.0,2.0,0.0,0.0
Pax5,0.0,1.0,8.0,0.0,0.0,0.0,6.0,3.0,1.0,0.0,3.0,0.0,1.0,0.0,0.0,2.0,0.0
Pax6,0.0,0.0,5.0,0.0,0.0,0.0,5.0,0.0,1.0,1.0,0.0,3.0,0.0,1.0,0.0,1.0,1.0
Pax7,5.0,0.0,5.0,28.0,3.0,0.0,3.0,2.0,1.0,4.0,9.0,32.0,1.0,13.0,21.0,17.0,41.0
Pax8,1.0,1.0,1.0,0.0,2.0,2.0,4.0,3.0,2.0,1.0,1.0,5.0,1.0,1.0,0.0,0.0,0.0
Pax9,0.0,0.0,7.0,1.0,0.0,0.0,0.0,1.0,1.0,0.0,0.0,0.0,1.0,0.0,1.0,1.0,0.0
Paxbp1,37.0,66.0,57.0,228.0,111.0,141.0,75.0,175.0,141.0,19.0,107.0,271.0,113.0,123.0,104.0,180.0,174.0
Paxip1,30.0,43.0,34.0,160.0,81.0,133.0,67.0,73.0,72.0,5.0,66.0,150.0,96.0,96.0,104.0,124.0,124.0
Pbrm1,175.0,172.0,155.0,969.0,429.0,496.0,330.0,503.0,339.0,23.0,402.0,925.0,452.0,414.0,575.0,624.0,579.0
Pbx2,4.0,7.0,8.0,66.0,12.0,30.0,20.0,35.0,16.0,2.0,23.0,53.0,21.0,27.0,35.0,49.0,36.0
Pbx3,4.0,2.0,10.0,19.0,5.0,13.0,12.0,8.0,8.0,1.0,11.0,21.0,12.0,5.0,15.0,10.0,17.0
Pcbp3,3.0,2.0,2.0,3.0,3.0,6.0,4.0,10.0,2.0,0.0,3.0,7.0,5.0,5.0,4.0,5.0,6.0
Pcdh10,1.0,0.0,7.0,2.0,2.0,2.0,4.0,0.0,2.0,0.0,4.0,5.0,2.0,0.0,2.0,2.0,3.0
Pcdh20,1.0,2.0,18.0,23.0,9.0,5.0,7.0,4.0,6.0,5.0,9.0,22.0,6.0,11.0,14.0,11.0,6.0
Pcdh8,1.0,1.0,5.0,2.0,0.0,2.0,8.0,7.0,0.0,0.0,1.0,2.0,3.0,0.0,0.0,0.0,2.0
Pcdha2,1.0,1.0,6.0,0.0,2.0,0.0,6.0,0.0,3.0,0.0,0.0,0.0,1.0,0.0,2.0,0.0,0.0
Pcdha7,0.0,0.0,3.0,0.0,2.0,0.0,2.0,1.0,1.0,1.0,0.0,0.0,0.0,1.0,1.0,0.0,1.0
Pcgf1,3.0,1.0,4.0,10.0,0.0,3.0,7.0,4.0,3.0,2.0,0.0,9.0,4.0,3.0,3.0,5.0,7.0
Pcgf2,14.0,10.0,10.0,112.0,34.0,48.0,16.0,31.0,31.0,3.0,27.0,88.0,33.0,37.0,45.0,79.0,72.0
Pcif1,6.0,3.0,14.0,52.0,16.0,15.0,13.0,17.0,29.0,2.0,15.0,42.0,16.0,22.0,22.0,26.0,20.0
Pclaf,3.0,4.0,12.0,47.0,7.0,24.0,20.0,14.0,14.0,0.0,15.0,35.0,10.0,8.0,18.0,13.0,22.0
Pcm1,33.0,44.0,49.0,197.0,108.0,161.0,89.0,111.0,104.0,7.0,98.0,202.0,88.0,91.0,116.0,154.0,113.0
Pcmtd2,14.0,12.0,14.0,73.0,33.0,50.0,18.0,41.0,31.0,3.0,24.0,119.0,33.0,58.0,51.0,58.0,64.0
Pcna,89.0,118.0,102.0,303.0,187.0,184.0,173.0,153.0,155.0,10.0,143.0,321.0,269.0,198.0,200.0,237.0,183.0
Pcnt,54.0,41.0,55.0,379.0,141.0,230.0,73.0,228.0,175.0,5.0,120.0,332.0,147.0,161.0,191.0,263.0,241.0
Pcp2,0.0,0.0,5.0,0.0,0.0,0.0,11.0,4.0,1.0,0.0,2.0,0.0,1.0,0.0,0.0,1.0,1.0
Pcsk1,3.0,1.0,9.0,2.0,0.0,0.0,4.0,1.0,3.0,2.0,0.0,6.0,1.0,0.0,3.0,3.0,0.0
Pcsk4,2.0,4.0,2.0,3.0,10.0,5.0,4.0,4.0,3.0,0.0,2.0,13.0,3.0,3.0,2.0,5.0,3.0
Pcsk6,20.0,26.0,27.0,95.0,66.0,67.0,53.0,38.0,48.0,1.0,60.0,144.0,82.0,42.0,101.0,107.0,92.0
Pcsk9,1.0,2.0,4.0,3.0,1.0,1.0,7.0,4.0,2.0,0.0,1.0,7.0,1.0,2.0,5.0,5.0,7.0
Pcx,20.0,60.0,20.0,80.0,113.0,112.0,44.0,30.0,66.0,1.0,54.0,110.0,69.0,43.0,122.0,59.0,70.0
Pdap1,118.0,142.0,131.0,543.0,287.0,293.0,309.0,259.0,246.0,14.0,267.0,598.0,361.0,224.0,319.0,380.0,340.0
Pdc,0.0,0.0,6.0,0.0,0.0,1.0,5.0,0.0,4.0,0.0,4.0,2.0,1.0,1.0,1.0,2.0,0.0
Pdcd1,4.0,1.0,4.0,6.0,1.0,1.0,12.0,1.0,1.0,1.0,3.0,0.0,1.0,2.0,4.0,9.0,4.0
Pdcd1lg2,1.0,0.0,5.0,2.0,3.0,0.0,9.0,7.0,3.0,1.0,5.0,6.0,5.0,2.0,2.0,4.0,1.0
Pdcd4,65.0,71.0,35.0,369.0,160.0,381.0,107.0,298.0,209.0,5.0,342.0,354.0,121.0,92.0,314.0,204.0,200.0
Pde10a,2.0,5.0,7.0,14.0,4.0,2.0,7.0,8.0,5.0,0.0,5.0,26.0,5.0,13.0,12.0,20.0,18.0
Pde12,51.0,66.0,43.0,114.0,123.0,69.0,84.0,79.0,79.0,1.0,25.0,189.0,169.0,80.0,136.0,87.0,103.0
Pde1b,8.0,5.0,28.0,23.0,22.0,15.0,29.0,17.0,24.0,7.0,16.0,23.0,16.0,9.0,42.0,28.0,21.0
Pde1c,4.0,2.0,2.0,5.0,2.0,1.0,7.0,1.0,2.0,1.0,0.0,5.0,3.0,2.0,3.0,4.0,1.0
Pde3b,3.0,2.0,12.0,24.0,30.0,10.0,24.0,15.0,11.0,4.0,16.0,34.0,7.0,6.0,37.0,26.0,25.0
Pde4c,1.0,2.0,6.0,1.0,0.0,1.0,4.0,1.0,0.0,0.0,2.0,8.0,0.0,0.0,1.0,3.0,1.0
Pde6b,1.0,1.0,3.0,6.0,3.0,1.0,18.0,0.0,0.0,2.0,1.0,5.0,0.0,0.0,5.0,6.0,1.0
Pde6c,0.0,0.0,2.0,0.0,0.0,0.0,7.0,1.0,0.0,0.0,1.0,0.0,0.0,0.0,1.0,1.0,0.0
Pde6g,0.0,0.0,2.0,1.0,4.0,4.0,5.0,2.0,2.0,1.0,3.0,7.0,1.0,0.0,4.0,4.0,3.0
Pde7b,8.0,4.0,23.0,21.0,14.0,5.0,30.0,30.0,14.0,2.0,15.0,50.0,11.0,15.0,32.0,34.0,24.0
Pde8a,10.0,13.0,36.0,58.0,45.0,28.0,64.0,35.0,33.0,12.0,32.0,113.0,27.0,32.0,74.0,82.0,55.0
Pde8b,4.0,0.0,6.0,3.0,1.0,2.0,4.0,0.0,2.0,0.0,1.0,12.0,3.0,3.0,3.0,4.0,0.0
Pdgfa,24.0,23.0,47.0,214.0,82.0,111.0,38.0,87.0,58.0,29.0,88.0,182.0,59.0,109.0,118.0,177.0,175.0
Pdgfb,16.0,7.0,14.0,68.0,27.0,35.0,13.0,44.0,20.0,2.0,19.0,117.0,16.0,39.0,42.0,87.0,102.0
Pdgfra,165.0,195.0,172.0,462.0,229.0,137.0,328.0,437.0,221.0,3.0,265.0,606.0,464.0,633.0,357.0,725.0,734.0
Pdgfrb,115.0,169.0,135.0,831.0,392.0,246.0,321.0,422.0,348.0,35.0,372.0,1231.0,316.0,540.0,609.0,746.0,1011.0
Pdia3,1243.0,1129.0,1155.0,3523.0,2542.0,1557.0,2179.0,2272.0,2231.0,141.0,1536.0,4274.0,3066.0,2597.0,3431.0,4241.0,3511.0
Pdk1,30.0,11.0,15.0,57.0,33.0,32.0,23.0,34.0,14.0,3.0,24.0,71.0,37.0,22.0,36.0,67.0,45.0
Pdk4,208.0,0.0,146.0,24.0,81.0,3.0,4.0,285.0,15.0,2.0,67.0,365.0,10.0,218.0,49.0,353.0,387.0
Pdlim1,0.0,0.0,2.0,2.0,1.0,2.0,7.0,0.0,3.0,0.0,0.0,4.0,1.0,3.0,1.0,2.0,6.0
Pdlim4,29.0,2.0,24.0,75.0,47.0,20.0,19.0,35.0,25.0,6.0,32.0,107.0,39.0,42.0,112.0,105.0,74.0
Pdpk1,48.0,45.0,47.0,194.0,116.0,79.0,67.0,83.0,87.0,8.0,67.0,199.0,107.0,103.0,108.0,136.0,102.0
Pdpn,76.0,80.0,181.0,143.0,108.0,30.0,268.0,229.0,96.0,19.0,52.0,246.0,186.0,247.0,117.0,309.0,228.0
Pdx1,0.0,0.0,3.0,0.0,1.0,1.0,3.0,0.0,0.0,1.0,0.0,0.0,0.0,0.0,0.0,0.0,2.0
Pdxk,5.0,6.0,3.0,25.0,15.0,17.0,9.0,5.0,29.0,0.0,11.0,23.0,14.0,10.0,26.0,24.0,25.0
Pdyn,0.0,1.0,8.0,1.0,2.0,0.0,1.0,0.0,1.0,0.0,0.0,0.0,0.0,0.0,1.0,2.0,1.0
Pdzd7,3.0,3.0,4.0,6.0,6.0,12.0,4.0,4.0,12.0,1.0,13.0,10.0,3.0,3.0,9.0,3.0,8.0
Pdzk1,4.0,22.0,8.0,19.0,11.0,59.0,12.0,11.0,40.0,0.0,9.0,18.0,20.0,16.0,52.0,29.0,47.0
Pecam1,90.0,50.0,107.0,341.0,306.0,107.0,174.0,185.0,186.0,22.0,284.0,1001.0,179.0,162.0,550.0,584.0,547.0
Peg10,6.0,6.0,9.0,6.0,12.0,11.0,18.0,3.0,10.0,0.0,23.0,36.0,20.0,10.0,18.0,15.0,19.0
Peg3,14.0,1.0,16.0,67.0,23.0,25.0,11.0,17.0,15.0,2.0,49.0,75.0,5.0,20.0,71.0,41.0,88.0
Per1,14.0,12.0,25.0,96.0,27.0,69.0,34.0,56.0,69.0,8.0,18.0,148.0,47.0,69.0,45.0,150.0,65.0
Per2,13.0,6.0,5.0,25.0,21.0,38.0,10.0,5.0,30.0,1.0,16.0,39.0,16.0,15.0,27.0,61.0,40.0
Per3,6.0,12.0,6.0,51.0,73.0,81.0,16.0,25.0,64.0,2.0,44.0,56.0,17.0,28.0,60.0,90.0,78.0
Pex3,33.0,55.0,30.0,124.0,86.0,99.0,39.0,54.0,103.0,3.0,57.0,146.0,87.0,69.0,132.0,110.0,114.0
Pfas,15.0,23.0,25.0,117.0,46.0,42.0,31.0,50.0,37.0,1.0,38.0,97.0,77.0,67.0,38.0,59.0,51.0
Pfkfb1,6.0,10.0,15.0,44.0,52.0,34.0,19.0,14.0,17.0,1.0,36.0,77.0,20.0,19.0,45.0,52.0,31.0
Pfkfb2,15.0,24.0,22.0,110.0,37.0,79.0,45.0,44.0,51.0,2.0,29.0,95.0,45.0,49.0,69.0,66.0,66.0
Pfkl,279.0,179.0,229.0,591.0,454.0,113.0,373.0,288.0,153.0,52.0,91.0,548.0,429.0,217.0,329.0,607.0,406.0
Pfkp,764.0,388.0,546.0,1699.0,1339.0,604.0,732.0,738.0,631.0,110.0,285.0,1978.0,1132.0,592.0,1207.0,1551.0,1096.0
Pfn4,2.0,0.0,4.0,4.0,2.0,3.0,2.0,2.0,2.0,0.0,3.0,2.0,0.0,3.0,1.0,1.0,1.0
Pgam5,14.0,7.0,15.0,88.0,27.0,29.0,19.0,30.0,14.0,2.0,21.0,56.0,29.0,41.0,27.0,55.0,44.0
Pgf,31.0,19.0,25.0,63.0,55.0,42.0,40.0,21.0,26.0,42.0,35.0,101.0,48.0,22.0,90.0,89.0,125.0
Pgk1,104.0,65.0,151.0,259.0,149.0,67.0,200.0,229.0,72.0,32.0,63.0,349.0,159.0,168.0,145.0,240.0,194.0
Pgk2,2.0,0.0,1.0,0.0,2.0,1.0,5.0,2.0,0.0,0.0,2.0,2.0,6.0,1.0,5.0,2.0,2.0
Pgpep1,8.0,2.0,11.0,37.0,14.0,22.0,16.0,18.0,10.0,0.0,16.0,30.0,8.0,12.0,9.0,23.0,26.0
Phb,17.0,10.0,27.0,102.0,37.0,53.0,47.0,69.0,58.0,4.0,32.0,124.0,58.0,55.0,55.0,72.0,93.0
Phb2,155.0,159.0,113.0,543.0,256.0,272.0,193.0,279.0,223.0,14.0,167.0,567.0,355.0,376.0,314.0,406.0,349.0
Phc1,2.0,3.0,7.0,13.0,11.0,3.0,6.0,4.0,4.0,0.0,8.0,18.0,10.0,12.0,10.0,11.0,23.0
Phc2,23.0,26.0,39.0,126.0,48.0,52.0,58.0,56.0,40.0,7.0,50.0,133.0,77.0,81.0,76.0,107.0,84.0
Phex,1.0,0.0,4.0,2.0,1.0,1.0,10.0,0.0,1.0,0.0,3.0,1.0,0.0,0.0,0.0,1.0,1.0
Phf10,84.0,77.0,98.0,310.0,160.0,138.0,117.0,157.0,138.0,14.0,138.0,341.0,154.0,173.0,196.0,256.0,228.0
Phf3,18.0,18.0,25.0,95.0,36.0,63.0,31.0,56.0,45.0,7.0,29.0,102.0,42.0,52.0,77.0,80.0,64.0
Phf6,28.0,43.0,26.0,120.0,68.0,85.0,47.0,67.0,60.0,11.0,56.0,109.0,50.0,59.0,70.0,88.0,77.0
Phlda2,3.0,6.0,6.0,22.0,14.0,3.0,8.0,10.0,1.0,0.0,4.0,20.0,13.0,9.0,9.0,11.0,4.0
Phox2a,1.0,1.0,3.0,4.0,3.0,2.0,5.0,0.0,4.0,0.0,5.0,8.0,6.0,3.0,5.0,2.0,8.0
Phox2b,4.0,0.0,9.0,1.0,1.0,2.0,10.0,2.0,2.0,0.0,0.0,0.0,2.0,1.0,0.0,2.0,1.0
Phtf1,33.0,44.0,37.0,108.0,87.0,93.0,64.0,67.0,82.0,4.0,56.0,128.0,80.0,73.0,73.0,115.0,105.0
Phykpl,27.0,12.0,23.0,65.0,43.0,25.0,39.0,32.0,27.0,0.0,37.0,99.0,54.0,44.0,63.0,58.0,54.0
Pi4ka,35.0,35.0,42.0,158.0,81.0,96.0,81.0,68.0,100.0,17.0,83.0,155.0,58.0,72.0,114.0,126.0,89.0
Pianp,5.0,5.0,4.0,24.0,9.0,28.0,4.0,5.0,32.0,2.0,10.0,25.0,7.0,5.0,22.0,23.0,6.0
Pias1,31.0,27.0,41.0,110.0,71.0,62.0,59.0,73.0,64.0,3.0,46.0,130.0,68.0,58.0,94.0,81.0,80.0
Pias2,30.0,18.0,25.0,149.0,70.0,96.0,60.0,77.0,43.0,7.0,66.0,181.0,54.0,82.0,88.0,137.0,92.0
Pias3,21.0,13.0,17.0,131.0,62.0,62.0,23.0,44.0,62.0,5.0,42.0,127.0,47.0,49.0,93.0,125.0,99.0
Picalm,93.0,55.0,192.0,543.0,240.0,174.0,239.0,317.0,203.0,64.0,198.0,626.0,252.0,243.0,355.0,564.0,426.0
Pick1,27.0,25.0,16.0,146.0,80.0,88.0,37.0,88.0,90.0,4.0,46.0,141.0,76.0,81.0,82.0,85.0,87.0
Piezo1,7.0,3.0,16.0,46.0,20.0,12.0,18.0,38.0,20.0,4.0,11.0,58.0,16.0,47.0,22.0,56.0,49.0
Piezo2,3.0,0.0,2.0,11.0,1.0,0.0,4.0,6.0,3.0,0.0,5.0,13.0,3.0,5.0,15.0,5.0,4.0
Pifo,1.0,1.0,1.0,0.0,1.0,0.0,4.0,2.0,1.0,0.0,0.0,1.0,0.0,1.0,1.0,1.0,0.0
Pik3c3,10.0,13.0,20.0,84.0,38.0,60.0,28.0,43.0,44.0,1.0,29.0,80.0,32.0,49.0,71.0,72.0,72.0
Pik3ca,16.0,11.0,19.0,86.0,23.0,34.0,22.0,57.0,29.0,3.0,42.0,75.0,23.0,53.0,50.0,73.0,60.0
Pik3cb,77.0,68.0,89.0,241.0,192.0,209.0,138.0,137.0,211.0,24.0,149.0,235.0,124.0,125.0,234.0,186.0,181.0
Pik3cd,12.0,6.0,32.0,105.0,46.0,20.0,45.0,95.0,51.0,3.0,37.0,105.0,25.0,50.0,102.0,104.0,75.0
Pik3cg,1.0,1.0,18.0,40.0,17.0,9.0,15.0,17.0,21.0,9.0,9.0,23.0,16.0,11.0,37.0,22.0,25.0
Pik3r1,71.0,186.0,117.0,333.0,240.0,299.0,212.0,216.0,293.0,5.0,214.0,492.0,351.0,326.0,332.0,311.0,297.0
Pik3r2,8.0,20.0,21.0,225.0,99.0,144.0,32.0,71.0,88.0,5.0,105.0,176.0,39.0,59.0,141.0,116.0,124.0
Pim1,4.0,2.0,8.0,11.0,3.0,2.0,20.0,16.0,4.0,1.0,1.0,20.0,3.0,8.0,5.0,13.0,14.0
Pim2,14.0,7.0,12.0,57.0,24.0,22.0,14.0,32.0,24.0,0.0,15.0,43.0,14.0,16.0,29.0,29.0,34.0
Pin1,0.0,1.0,3.0,7.0,0.0,2.0,2.0,0.0,2.0,0.0,0.0,3.0,4.0,5.0,0.0,6.0,4.0
Pink1,27.0,24.0,22.0,91.0,74.0,65.0,27.0,93.0,66.0,1.0,42.0,266.0,34.0,144.0,71.0,135.0,98.0
Pinlyp,37.0,36.0,45.0,435.0,167.0,138.0,50.0,193.0,37.0,2.0,152.0,299.0,157.0,52.0,186.0,83.0,131.0
Pip,0.0,1.0,8.0,0.0,1.0,0.0,8.0,1.0,1.0,0.0,0.0,1.0,1.0,0.0,0.0,4.0,1.0
Pip4k2c,51.0,55.0,51.0,222.0,134.0,133.0,80.0,126.0,120.0,3.0,70.0,244.0,145.0,118.0,145.0,177.0,161.0
Pip4p1,19.0,26.0,30.0,113.0,37.0,67.0,42.0,72.0,67.0,6.0,33.0,127.0,51.0,60.0,75.0,94.0,66.0
Pip5k1c,11.0,20.0,29.0,202.0,76.0,65.0,48.0,101.0,71.0,14.0,60.0,165.0,55.0,57.0,98.0,165.0,133.0
Pirb,26.0,11.0,113.0,154.0,60.0,39.0,128.0,190.0,122.0,29.0,70.0,116.0,69.0,78.0,125.0,173.0,128.0
Pisd,16.0,10.0,15.0,63.0,18.0,29.0,30.0,33.0,24.0,2.0,24.0,68.0,41.0,31.0,35.0,46.0,42.0
Pithd1,0.0,4.0,9.0,14.0,2.0,1.0,7.0,7.0,4.0,0.0,2.0,17.0,2.0,6.0,2.0,6.0,8.0
Pitpnm1,28.0,37.0,75.0,139.0,85.0,67.0,104.0,91.0,79.0,15.0,73.0,148.0,89.0,72.0,128.0,142.0,136.0
Pitrm1,60.0,81.0,73.0,301.0,151.0,158.0,110.0,153.0,133.0,4.0,213.0,268.0,193.0,148.0,153.0,208.0,195.0
Pitx1,2.0,4.0,6.0,54.0,28.0,8.0,6.0,3.0,4.0,0.0,3.0,45.0,3.0,3.0,42.0,16.0,42.0
Pitx2,40.0,2.0,12.0,27.0,16.0,5.0,7.0,33.0,13.0,0.0,29.0,78.0,13.0,53.0,45.0,29.0,23.0
Piwil1,3.0,9.0,3.0,7.0,10.0,15.0,13.0,8.0,7.0,1.0,9.0,10.0,9.0,10.0,17.0,8.0,9.0
Piwil2,3.0,6.0,5.0,33.0,5.0,8.0,9.0,24.0,7.0,0.0,6.0,10.0,10.0,8.0,10.0,6.0,12.0
Piwil4,1.0,2.0,5.0,3.0,1.0,0.0,8.0,3.0,1.0,0.0,2.0,2.0,2.0,3.0,4.0,5.0,2.0
Pja1,45.0,31.0,34.0,237.0,141.0,110.0,63.0,98.0,72.0,1.0,67.0,194.0,116.0,127.0,134.0,180.0,137.0
Pja2,133.0,70.0,86.0,328.0,278.0,190.0,152.0,195.0,157.0,7.0,217.0,477.0,161.0,201.0,375.0,311.0,307.0
Pkd1,32.0,36.0,39.0,211.0,128.0,131.0,66.0,94.0,106.0,8.0,115.0,255.0,99.0,114.0,180.0,202.0,205.0
Pkd2,45.0,37.0,33.0,194.0,95.0,82.0,80.0,86.0,107.0,10.0,88.0,244.0,110.0,99.0,152.0,206.0,166.0
Pkd2l1,0.0,1.0,5.0,0.0,0.0,0.0,1.0,0.0,0.0,0.0,0.0,1.0,1.0,0.0,1.0,0.0,0.0
Pkia,4.0,1.0,9.0,8.0,10.0,9.0,3.0,12.0,5.0,0.0,6.0,48.0,5.0,30.0,10.0,15.0,22.0
Pkib,4.0,6.0,12.0,25.0,19.0,30.0,23.0,21.0,69.0,1.0,9.0,30.0,16.0,23.0,34.0,44.0,28.0
Pkig,3.0,0.0,12.0,19.0,15.0,10.0,17.0,23.0,7.0,5.0,6.0,39.0,11.0,23.0,31.0,33.0,42.0
Pklr,0.0,0.0,8.0,1.0,0.0,0.0,4.0,1.0,0.0,0.0,0.0,0.0,0.0,0.0,0.0,0.0,0.0
Pkm,285.0,90.0,327.0,1549.0,414.0,304.0,412.0,855.0,269.0,95.0,152.0,1439.0,447.0,718.0,512.0,1233.0,1065.0
Pkn1,43.0,17.0,54.0,126.0,89.0,53.0,81.0,81.0,91.0,19.0,72.0,156.0,47.0,64.0,164.0,130.0,116.0
Pknox2,15.0,3.0,12.0,29.0,11.0,12.0,8.0,28.0,9.0,1.0,13.0,63.0,12.0,34.0,21.0,36.0,44.0
Pkp4,5.0,27.0,28.0,56.0,38.0,45.0,30.0,36.0,39.0,0.0,27.0,89.0,57.0,34.0,35.0,42.0,42.0
Pla2g10,2.0,3.0,8.0,0.0,3.0,1.0,6.0,3.0,3.0,0.0,2.0,2.0,3.0,0.0,7.0,1.0,4.0
Pla2g2e,13.0,54.0,20.0,66.0,33.0,76.0,61.0,24.0,60.0,0.0,41.0,56.0,101.0,43.0,73.0,63.0,60.0
Pla2g2f,122.0,62.0,66.0,282.0,136.0,260.0,135.0,99.0,327.0,1.0,41.0,255.0,209.0,126.0,320.0,182.0,163.0
Pla2g4a,39.0,29.0,32.0,120.0,103.0,58.0,75.0,54.0,76.0,4.0,48.0,114.0,78.0,77.0,93.0,98.0,100.0
Pla2g6,1.0,6.0,5.0,22.0,5.0,7.0,8.0,11.0,7.0,4.0,6.0,13.0,8.0,9.0,11.0,15.0,10.0
Pla2r1,18.0,37.0,10.0,55.0,62.0,83.0,27.0,20.0,84.0,2.0,49.0,94.0,28.0,39.0,67.0,67.0,49.0
Plaat1,0.0,0.0,5.0,2.0,3.0,0.0,6.0,3.0,0.0,0.0,0.0,8.0,2.0,3.0,2.0,4.0,8.0
Plac9a,1.0,1.0,6.0,2.0,1.0,2.0,9.0,3.0,1.0,0.0,3.0,2.0,0.0,1.0,0.0,4.0,0.0
Plagl1,0.0,1.0,3.0,26.0,11.0,11.0,3.0,8.0,6.0,0.0,8.0,16.0,4.0,3.0,12.0,19.0,12.0
Plagl2,12.0,6.0,20.0,32.0,15.0,14.0,14.0,25.0,23.0,3.0,14.0,35.0,13.0,19.0,25.0,21.0,28.0
Plau,99.0,45.0,151.0,408.0,460.0,85.0,245.0,218.0,104.0,69.0,123.0,593.0,247.0,165.0,393.0,381.0,392.0
Plaur,24.0,25.0,62.0,67.0,31.0,19.0,49.0,90.0,26.0,11.0,43.0,77.0,40.0,36.0,63.0,89.0,76.0
Plcb2,21.0,15.0,25.0,68.0,47.0,33.0,40.0,25.0,49.0,8.0,33.0,45.0,37.0,24.0,81.0,66.0,55.0
Plcb4,15.0,19.0,14.0,44.0,46.0,38.0,24.0,37.0,46.0,1.0,43.0,123.0,32.0,46.0,84.0,87.0,73.0
Plcg1,79.0,92.0,71.0,478.0,250.0,280.0,124.0,173.0,171.0,4.0,208.0,467.0,198.0,151.0,349.0,264.0,288.0
Plcg2,7.0,10.0,36.0,65.0,33.0,21.0,31.0,46.0,32.0,2.0,26.0,63.0,28.0,41.0,45.0,52.0,37.0
Pld1,16.0,28.0,29.0,89.0,78.0,52.0,50.0,66.0,43.0,2.0,34.0,160.0,109.0,57.0,97.0,115.0,80.0
Pld2,12.0,12.0,19.0,67.0,20.0,20.0,28.0,26.0,21.0,3.0,7.0,63.0,23.0,26.0,35.0,44.0,46.0
Pld5,2.0,1.0,11.0,0.0,3.0,3.0,9.0,1.0,4.0,2.0,2.0,3.0,0.0,0.0,3.0,3.0,2.0
Plec,974.0,972.0,1040.0,2754.0,1860.0,1045.0,1719.0,1959.0,1446.0,166.0,899.0,4281.0,2797.0,2528.0,1924.0,2876.0,2692.0
Plekha1,61.0,46.0,51.0,349.0,155.0,183.0,72.0,114.0,114.0,9.0,103.0,272.0,131.0,135.0,161.0,227.0,162.0
Plekha2,16.0,7.0,26.0,44.0,36.0,8.0,28.0,35.0,21.0,4.0,13.0,60.0,15.0,19.0,44.0,44.0,38.0
Plekha5,40.0,64.0,25.0,217.0,146.0,174.0,72.0,67.0,159.0,6.0,85.0,218.0,81.0,101.0,144.0,164.0,171.0
Plekhg2,19.0,20.0,31.0,112.0,49.0,70.0,32.0,60.0,43.0,4.0,41.0,119.0,40.0,45.0,53.0,100.0,92.0
Plekhg4,0.0,2.0,4.0,3.0,0.0,0.0,4.0,1.0,0.0,0.0,1.0,4.0,1.0,1.0,1.0,6.0,1.0
Plg,1.0,1.0,4.0,1.0,2.0,7.0,9.0,0.0,2.0,0.0,2.0,6.0,3.0,0.0,4.0,0.0,4.0
Plgrkt,3.0,6.0,9.0,45.0,9.0,13.0,20.0,36.0,21.0,1.0,13.0,32.0,7.0,19.0,17.0,47.0,30.0
Plin1,8.0,5.0,16.0,51.0,231.0,135.0,35.0,21.0,53.0,0.0,71.0,77.0,28.0,19.0,129.0,48.0,23.0
Plin2,69.0,86.0,263.0,408.0,457.0,135.0,317.0,337.0,209.0,84.0,96.0,503.0,282.0,190.0,333.0,452.0,323.0
Plin5,4.0,1.0,6.0,0.0,3.0,1.0,8.0,6.0,1.0,1.0,1.0,7.0,4.0,2.0,2.0,4.0,2.0
Plk1,3.0,15.0,16.0,52.0,20.0,20.0,14.0,11.0,9.0,2.0,23.0,57.0,21.0,11.0,32.0,39.0,34.0
Plk2,68.0,30.0,80.0,271.0,263.0,104.0,111.0,175.0,80.0,9.0,72.0,380.0,125.0,104.0,157.0,212.0,218.0
Plk3,62.0,41.0,76.0,224.0,150.0,69.0,85.0,141.0,90.0,10.0,41.0,221.0,97.0,60.0,290.0,215.0,183.0
Plk4,6.0,2.0,10.0,25.0,10.0,8.0,3.0,10.0,3.0,0.0,5.0,21.0,7.0,11.0,15.0,10.0,20.0
Pln,1.0,0.0,3.0,0.0,0.0,0.0,8.0,1.0,0.0,1.0,2.0,7.0,0.0,1.0,1.0,0.0,2.0
Plod1,28.0,11.0,32.0,114.0,63.0,29.0,41.0,70.0,47.0,10.0,57.0,156.0,29.0,51.0,115.0,184.0,136.0
Plod3,96.0,76.0,120.0,370.0,159.0,89.0,174.0,257.0,136.0,26.0,177.0,410.0,215.0,211.0,295.0,546.0,316.0
Plp2,12.0,8.0,34.0,84.0,26.0,47.0,32.0,80.0,36.0,0.0,18.0,106.0,62.0,68.0,30.0,69.0,57.0
Plpp3,123.0,83.0,119.0,332.0,243.0,206.0,226.0,256.0,189.0,22.0,278.0,535.0,230.0,275.0,347.0,359.0,300.0
Plppr3,1.0,0.0,1.0,25.0,9.0,11.0,2.0,13.0,3.0,0.0,12.0,12.0,4.0,6.0,6.0,11.0,12.0
Plppr4,1.0,0.0,4.0,1.0,0.0,2.0,6.0,2.0,0.0,0.0,1.0,0.0,1.0,0.0,1.0,1.0,3.0
Pls1,2.0,2.0,0.0,1.0,3.0,0.0,1.0,3.0,5.0,0.0,2.0,2.0,0.0,1.0,1.0,1.0,3.0
Pltp,65.0,54.0,47.0,749.0,892.0,464.0,86.0,101.0,220.0,32.0,724.0,1247.0,98.0,128.0,1517.0,962.0,566.0
Plvap,42.0,39.0,67.0,340.0,344.0,98.0,149.0,121.0,192.0,3.0,197.0,634.0,140.0,69.0,511.0,399.0,401.0
Plxdc2,31.0,23.0,14.0,109.0,72.0,70.0,22.0,35.0,80.0,1.0,27.0,175.0,63.0,53.0,123.0,61.0,77.0
Plxna1,17.0,13.0,21.0,135.0,48.0,61.0,29.0,73.0,48.0,6.0,44.0,101.0,43.0,51.0,58.0,100.0,77.0
Plxna2,3.0,9.0,6.0,21.0,15.0,19.0,8.0,9.0,18.0,1.0,22.0,23.0,14.0,11.0,16.0,14.0,17.0
Plxna3,4.0,10.0,7.0,55.0,25.0,32.0,12.0,22.0,27.0,0.0,20.0,42.0,14.0,20.0,22.0,28.0,27.0
Plxna4,3.0,0.0,8.0,8.0,4.0,2.0,7.0,6.0,3.0,0.0,3.0,8.0,4.0,1.0,2.0,4.0,9.0
Plxnb2,435.0,339.0,387.0,1377.0,937.0,756.0,705.0,718.0,691.0,48.0,600.0,1640.0,999.0,717.0,1222.0,1230.0,1031.0
Plxnc1,9.0,4.0,15.0,41.0,21.0,24.0,28.0,22.0,33.0,0.0,34.0,33.0,11.0,9.0,35.0,31.0,26.0
Plxnd1,27.0,17.0,56.0,210.0,117.0,68.0,64.0,101.0,89.0,20.0,109.0,278.0,53.0,48.0,175.0,179.0,237.0
Pmaip1,31.0,22.0,54.0,65.0,70.0,10.0,51.0,27.0,34.0,3.0,8.0,60.0,43.0,33.0,47.0,50.0,30.0
Pmch,1.0,0.0,4.0,0.0,0.0,0.0,5.0,2.0,0.0,0.0,0.0,0.0,1.0,0.0,0.0,0.0,0.0
Pml,43.0,41.0,64.0,149.0,53.0,66.0,88.0,120.0,85.0,16.0,64.0,191.0,81.0,85.0,104.0,142.0,101.0
Pmm2,15.0,25.0,20.0,59.0,48.0,33.0,47.0,28.0,32.0,2.0,22.0,102.0,49.0,37.0,60.0,51.0,44.0
Pms1,8.0,3.0,2.0,23.0,12.0,20.0,11.0,13.0,10.0,0.0,8.0,17.0,5.0,8.0,7.0,13.0,12.0
Pms2,2.0,2.0,5.0,16.0,4.0,12.0,8.0,7.0,3.0,1.0,5.0,5.0,5.0,6.0,5.0,15.0,6.0
Pnkd,1.0,5.0,8.0,23.0,8.0,18.0,5.0,3.0,17.0,0.0,4.0,23.0,8.0,8.0,22.0,10.0,11.0
Pnoc,1.0,0.0,3.0,1.0,0.0,0.0,4.0,2.0,0.0,0.0,0.0,1.0,2.0,0.0,1.0,3.0,0.0
Pnpla1,4.0,3.0,11.0,20.0,11.0,21.0,15.0,13.0,11.0,0.0,5.0,33.0,15.0,8.0,19.0,16.0,25.0
Pnpla2,94.0,46.0,59.0,339.0,592.0,326.0,90.0,184.0,192.0,14.0,231.0,667.0,120.0,251.0,513.0,386.0,324.0
Pnpla3,16.0,16.0,7.0,86.0,94.0,123.0,19.0,32.0,135.0,0.0,52.0,107.0,44.0,59.0,132.0,68.0,66.0
Podxl,101.0,59.0,109.0,227.0,294.0,165.0,159.0,150.0,112.0,12.0,342.0,893.0,157.0,170.0,455.0,368.0,388.0
Polb,9.0,10.0,10.0,65.0,33.0,40.0,28.0,33.0,34.0,1.0,20.0,69.0,25.0,24.0,39.0,58.0,41.0
Polg,60.0,62.0,55.0,267.0,123.0,136.0,81.0,128.0,143.0,12.0,121.0,280.0,135.0,146.0,150.0,199.0,202.0
Polk,9.0,9.0,12.0,57.0,33.0,32.0,24.0,34.0,25.0,1.0,21.0,67.0,22.0,29.0,35.0,65.0,52.0
Polr1e,9.0,16.0,7.0,41.0,21.0,20.0,15.0,31.0,18.0,2.0,16.0,47.0,20.0,21.0,25.0,29.0,27.0
Polr2a,69.0,61.0,74.0,393.0,174.0,164.0,117.0,262.0,129.0,15.0,155.0,356.0,122.0,175.0,233.0,266.0,259.0
Polr2b,56.0,46.0,49.0,176.0,85.0,81.0,59.0,97.0,83.0,8.0,63.0,199.0,101.0,88.0,104.0,168.0,145.0
Polr2e,7.0,7.0,17.0,95.0,27.0,29.0,18.0,54.0,20.0,0.0,14.0,79.0,34.0,55.0,32.0,74.0,56.0
Polr2f,366.0,411.0,255.0,1026.0,843.0,597.0,601.0,434.0,501.0,27.0,526.0,1236.0,964.0,557.0,937.0,917.0,897.0
Polr2h,11.0,15.0,20.0,33.0,25.0,17.0,26.0,19.0,29.0,3.0,16.0,33.0,36.0,25.0,24.0,32.0,27.0
Polr2j,4.0,8.0,10.0,22.0,15.0,19.0,13.0,17.0,10.0,3.0,24.0,24.0,16.0,9.0,21.0,22.0,16.0
Polr3e,20.0,32.0,21.0,163.0,90.0,91.0,33.0,64.0,45.0,8.0,75.0,149.0,79.0,81.0,96.0,133.0,109.0
Pom121,28.0,31.0,50.0,295.0,84.0,114.0,77.0,182.0,93.0,3.0,70.0,239.0,101.0,126.0,116.0,152.0,143.0
Pomc,0.0,2.0,4.0,7.0,1.0,1.0,12.0,2.0,3.0,1.0,0.0,5.0,0.0,5.0,4.0,2.0,1.0
Pon1,0.0,0.0,7.0,3.0,8.0,2.0,9.0,1.0,5.0,0.0,3.0,0.0,5.0,1.0,11.0,2.0,1.0
Pon3,48.0,72.0,36.0,198.0,269.0,217.0,83.0,60.0,180.0,10.0,182.0,294.0,126.0,101.0,335.0,294.0,261.0
Por,124.0,82.0,111.0,269.0,217.0,117.0,197.0,179.0,162.0,16.0,69.0,345.0,221.0,188.0,240.0,306.0,236.0
Postn,40.0,96.0,95.0,756.0,257.0,470.0,101.0,286.0,237.0,2.0,208.0,1369.0,517.0,466.0,1076.0,493.0,485.0
Pou1f1,1.0,0.0,4.0,1.0,0.0,0.0,2.0,2.0,0.0,0.0,1.0,6.0,0.0,1.0,4.0,4.0,3.0
Pou2af1,1.0,0.0,8.0,1.0,2.0,1.0,9.0,2.0,1.0,1.0,1.0,7.0,0.0,0.0,0.0,1.0,2.0
Pou2f1,20.0,16.0,20.0,80.0,50.0,56.0,23.0,57.0,35.0,5.0,47.0,95.0,53.0,41.0,79.0,65.0,58.0
Pou2f3,29.0,32.0,14.0,117.0,65.0,149.0,66.0,47.0,143.0,0.0,23.0,107.0,56.0,41.0,100.0,68.0,58.0
Pou3f1,10.0,3.0,6.0,77.0,15.0,45.0,6.0,30.0,27.0,0.0,8.0,42.0,18.0,60.0,19.0,72.0,69.0
Pou3f2,0.0,0.0,6.0,2.0,1.0,0.0,4.0,0.0,0.0,0.0,0.0,0.0,0.0,0.0,2.0,1.0,2.0
Pou3f3,2.0,3.0,7.0,2.0,9.0,6.0,3.0,2.0,9.0,1.0,12.0,9.0,7.0,4.0,10.0,5.0,7.0
Pou3f4,0.0,0.0,0.0,0.0,1.0,1.0,5.0,1.0,0.0,0.0,0.0,0.0,0.0,0.0,0.0,0.0,2.0
Pou4f1,6.0,3.0,5.0,5.0,3.0,0.0,7.0,5.0,2.0,1.0,2.0,6.0,4.0,6.0,3.0,9.0,8.0
Pou4f2,2.0,2.0,8.0,0.0,2.0,1.0,12.0,1.0,2.0,1.0,6.0,2.0,2.0,3.0,1.0,2.0,0.0
Pou4f3,37.0,60.0,31.0,25.0,101.0,77.0,76.0,22.0,62.0,2.0,113.0,146.0,135.0,44.0,127.0,30.0,67.0
Pou5f1,0.0,0.0,4.0,0.0,0.0,1.0,7.0,2.0,3.0,0.0,0.0,2.0,1.0,1.0,0.0,3.0,1.0
Pou6f1,10.0,8.0,10.0,43.0,30.0,27.0,21.0,14.0,16.0,1.0,14.0,42.0,18.0,15.0,27.0,36.0,22.0
Pou6f2,1.0,2.0,7.0,1.0,1.0,2.0,7.0,2.0,1.0,0.0,4.0,3.0,1.0,0.0,4.0,1.0,3.0
Ppara,1.0,4.0,4.0,4.0,1.0,5.0,9.0,3.0,9.0,0.0,0.0,8.0,4.0,4.0,6.0,5.0,3.0
Pparg,4.0,8.0,6.0,16.0,30.0,42.0,18.0,11.0,26.0,1.0,15.0,21.0,25.0,14.0,45.0,16.0,16.0
Ppargc1a,4.0,3.0,7.0,11.0,7.0,12.0,15.0,4.0,3.0,0.0,10.0,27.0,5.0,10.0,16.0,4.0,12.0
Ppargc1b,13.0,17.0,15.0,64.0,37.0,53.0,10.0,45.0,30.0,1.0,30.0,83.0,52.0,46.0,48.0,57.0,66.0
Ppfibp1,263.0,175.0,209.0,982.0,600.0,429.0,290.0,446.0,375.0,39.0,526.0,1070.0,448.0,383.0,803.0,780.0,846.0
Ppif,114.0,56.0,68.0,321.0,174.0,150.0,54.0,111.0,102.0,3.0,47.0,454.0,231.0,135.0,238.0,223.0,194.0
Ppl,120.0,116.0,76.0,637.0,407.0,382.0,160.0,164.0,416.0,4.0,137.0,603.0,240.0,183.0,451.0,439.0,360.0
Ppm1d,18.0,28.0,16.0,62.0,49.0,65.0,19.0,32.0,46.0,4.0,42.0,100.0,58.0,29.0,59.0,49.0,50.0
Ppm1h,18.0,4.0,33.0,91.0,46.0,39.0,44.0,70.0,55.0,9.0,49.0,88.0,47.0,50.0,93.0,102.0,69.0
Ppp1cc,1.0,3.0,9.0,24.0,7.0,8.0,20.0,18.0,11.0,1.0,3.0,23.0,7.0,13.0,3.0,16.0,14.0
Ppp1r10,24.0,31.0,38.0,116.0,75.0,74.0,59.0,78.0,64.0,9.0,55.0,129.0,77.0,69.0,102.0,114.0,98.0
Ppp1r16b,5.0,1.0,13.0,17.0,6.0,4.0,8.0,7.0,9.0,0.0,8.0,27.0,5.0,8.0,14.0,19.0,26.0
Ppp1r1b,1.0,1.0,2.0,9.0,1.0,5.0,3.0,1.0,1.0,1.0,2.0,4.0,0.0,1.0,4.0,7.0,2.0
Ppp1r1c,2.0,0.0,9.0,0.0,1.0,2.0,8.0,1.0,0.0,1.0,2.0,0.0,1.0,0.0,2.0,1.0,0.0
Ppp1r2,27.0,24.0,54.0,99.0,75.0,60.0,67.0,100.0,74.0,6.0,44.0,183.0,77.0,97.0,81.0,107.0,99.0
Ppp1r3a,25.0,1.0,9.0,0.0,19.0,0.0,1.0,37.0,18.0,0.0,5.0,140.0,21.0,88.0,1.0,40.0,30.0
Ppp1r7,17.0,30.0,29.0,111.0,71.0,67.0,66.0,64.0,51.0,3.0,46.0,125.0,66.0,61.0,92.0,109.0,94.0
Ppp2ca,291.0,233.0,263.0,686.0,587.0,400.0,437.0,477.0,432.0,17.0,326.0,976.0,703.0,559.0,680.0,686.0,612.0
Ppp2r1a,100.0,81.0,82.0,250.0,229.0,173.0,163.0,124.0,143.0,13.0,138.0,379.0,245.0,179.0,253.0,244.0,228.0
Ppp2r1b,9.0,6.0,17.0,51.0,21.0,21.0,17.0,35.0,15.0,0.0,11.0,42.0,23.0,22.0,20.0,35.0,29.0
Ppp2r2a,14.0,5.0,15.0,23.0,16.0,13.0,9.0,20.0,13.0,3.0,11.0,32.0,22.0,19.0,16.0,31.0,22.0
Ppp2r2b,0.0,0.0,4.0,2.0,2.0,2.0,8.0,2.0,0.0,1.0,2.0,2.0,0.0,1.0,4.0,4.0,1.0
Ppp2r5c,59.0,103.0,88.0,440.0,206.0,262.0,170.0,235.0,217.0,13.0,190.0,419.0,216.0,187.0,304.0,300.0,284.0
Ppp3cb,2.0,10.0,14.0,68.0,20.0,32.0,16.0,54.0,28.0,2.0,20.0,93.0,16.0,51.0,24.0,48.0,51.0
Ppp3r1,12.0,11.0,28.0,84.0,26.0,56.0,41.0,56.0,55.0,3.0,18.0,105.0,48.0,64.0,46.0,73.0,71.0
Ppp3r2,0.0,0.0,7.0,0.0,1.0,1.0,6.0,1.0,2.0,0.0,0.0,1.0,2.0,0.0,1.0,0.0,1.0
Ppp4r3a,162.0,185.0,141.0,656.0,350.0,365.0,280.0,283.0,314.0,17.0,350.0,657.0,416.0,321.0,417.0,484.0,388.0
Ppp5c,9.0,15.0,12.0,92.0,39.0,42.0,22.0,62.0,42.0,5.0,34.0,104.0,43.0,56.0,51.0,68.0,64.0
Ppp6c,39.0,54.0,56.0,160.0,84.0,98.0,76.0,106.0,81.0,8.0,59.0,166.0,106.0,101.0,108.0,122.0,140.0
Ppp6r3,45.0,33.0,70.0,301.0,147.0,176.0,95.0,145.0,120.0,15.0,124.0,273.0,103.0,131.0,183.0,222.0,198.0
Ppt1,48.0,37.0,70.0,288.0,143.0,124.0,89.0,156.0,190.0,18.0,198.0,291.0,88.0,113.0,285.0,246.0,206.0
Praf2,27.0,17.0,26.0,118.0,43.0,42.0,44.0,61.0,46.0,7.0,76.0,140.0,52.0,59.0,127.0,165.0,121.0
Prap1,2.0,0.0,2.0,1.0,0.0,0.0,1.0,1.0,2.0,0.0,0.0,1.0,0.0,0.0,2.0,0.0,3.0
Prdm1,15.0,16.0,21.0,101.0,40.0,48.0,42.0,46.0,50.0,5.0,32.0,84.0,39.0,18.0,106.0,39.0,76.0
Prdm13,1.0,2.0,5.0,0.0,0.0,1.0,3.0,0.0,1.0,0.0,1.0,1.0,1.0,2.0,1.0,0.0,0.0
Prdm14,0.0,0.0,3.0,3.0,2.0,0.0,2.0,1.0,1.0,0.0,0.0,0.0,0.0,0.0,1.0,0.0,1.0
Prdm16,1.0,1.0,8.0,1.0,4.0,1.0,6.0,3.0,3.0,0.0,4.0,15.0,3.0,3.0,7.0,6.0,4.0
Prdm9,11.0,8.0,6.0,51.0,49.0,32.0,18.0,27.0,31.0,3.0,24.0,51.0,36.0,23.0,43.0,42.0,42.0
Preb,30.0,22.0,43.0,119.0,66.0,81.0,50.0,76.0,60.0,3.0,49.0,128.0,82.0,55.0,70.0,103.0,78.0
Prelp,11.0,48.0,33.0,69.0,62.0,49.0,72.0,98.0,61.0,3.0,54.0,139.0,68.0,103.0,50.0,208.0,75.0
Prep,80.0,128.0,75.0,434.0,276.0,119.0,211.0,186.0,113.0,15.0,134.0,611.0,351.0,244.0,271.0,405.0,328.0
Prf1,3.0,0.0,2.0,5.0,1.0,1.0,2.0,3.0,2.0,0.0,0.0,1.0,0.0,8.0,6.0,1.0,0.0
Prickle3,21.0,21.0,18.0,113.0,76.0,60.0,43.0,59.0,47.0,1.0,42.0,131.0,63.0,52.0,74.0,77.0,80.0
Primpol,2.0,3.0,6.0,33.0,9.0,7.0,9.0,11.0,5.0,0.0,8.0,19.0,10.0,6.0,13.0,12.0,20.0
Prkaa1,30.0,21.0,51.0,174.0,80.0,80.0,90.0,92.0,97.0,10.0,78.0,171.0,69.0,66.0,138.0,119.0,134.0
Prkaa2,23.0,5.0,17.0,14.0,47.0,10.0,12.0,70.0,23.0,1.0,17.0,178.0,23.0,101.0,19.0,55.0,59.0
Prkab1,88.0,81.0,69.0,377.0,206.0,177.0,161.0,214.0,149.0,12.0,157.0,452.0,229.0,169.0,338.0,351.0,298.0
Prkaca,82.0,91.0,58.0,285.0,254.0,162.0,136.0,117.0,131.0,15.0,154.0,397.0,169.0,141.0,311.0,263.0,261.0
Prkacb,13.0,16.0,15.0,94.0,47.0,34.0,19.0,48.0,26.0,1.0,32.0,98.0,35.0,45.0,51.0,94.0,76.0
Prkar1a,313.0,270.0,311.0,860.0,629.0,400.0,534.0,553.0,359.0,48.0,504.0,1249.0,557.0,755.0,855.0,746.0,741.0
Prkar2b,15.0,17.0,28.0,114.0,161.0,141.0,55.0,47.0,78.0,7.0,82.0,127.0,41.0,40.0,149.0,68.0,67.0
Prkca,17.0,15.0,17.0,42.0,26.0,22.0,27.0,34.0,34.0,2.0,31.0,74.0,40.0,43.0,36.0,43.0,44.0
Prkcd,88.0,54.0,131.0,351.0,187.0,158.0,223.0,255.0,287.0,31.0,144.0,312.0,171.0,150.0,295.0,292.0,207.0
Prkce,13.0,12.0,20.0,120.0,34.0,55.0,31.0,63.0,34.0,7.0,40.0,94.0,36.0,44.0,55.0,74.0,76.0
Prkcg,0.0,0.0,4.0,3.0,0.0,0.0,7.0,4.0,6.0,0.0,1.0,2.0,3.0,1.0,6.0,4.0,4.0
Prkci,11.0,17.0,18.0,114.0,51.0,66.0,32.0,44.0,39.0,1.0,27.0,108.0,57.0,41.0,49.0,49.0,44.0
Prkcq,25.0,22.0,16.0,17.0,33.0,45.0,17.0,20.0,19.0,0.0,28.0,103.0,38.0,45.0,70.0,47.0,56.0
Prkcz,0.0,1.0,3.0,2.0,2.0,1.0,5.0,3.0,4.0,0.0,1.0,3.0,4.0,5.0,3.0,3.0,6.0
Prkd1,3.0,2.0,8.0,31.0,9.0,10.0,11.0,8.0,8.0,1.0,15.0,24.0,10.0,16.0,14.0,24.0,13.0
Prkd3,24.0,23.0,28.0,193.0,104.0,103.0,60.0,76.0,71.0,6.0,114.0,215.0,63.0,78.0,123.0,144.0,119.0
Prkdc,1.0,2.0,5.0,23.0,8.0,9.0,7.0,8.0,9.0,1.0,7.0,26.0,7.0,10.0,7.0,13.0,5.0
Prkg2,6.0,7.0,13.0,46.0,32.0,8.0,20.0,7.0,12.0,2.0,30.0,60.0,9.0,8.0,37.0,54.0,18.0
Prkn,21.0,28.0,12.0,26.0,38.0,34.0,19.0,10.0,20.0,1.0,41.0,64.0,27.0,42.0,59.0,33.0,36.0
Prl,1.0,1.0,4.0,0.0,0.0,0.0,3.0,2.0,1.0,0.0,1.0,2.0,0.0,0.0,2.0,3.0,1.0
Prl2c2,2.0,5.0,22.0,4.0,13.0,2.0,26.0,5.0,3.0,1.0,2.0,13.0,1.0,0.0,2.0,8.0,1.0
Prl3a1,1.0,0.0,8.0,0.0,1.0,0.0,2.0,1.0,2.0,0.0,0.0,2.0,1.0,0.0,2.0,1.0,0.0
Prl3b1,2.0,4.0,3.0,1.0,5.0,2.0,7.0,2.0,1.0,0.0,5.0,13.0,5.0,5.0,1.0,2.0,8.0
Prl3c1,16.0,15.0,7.0,4.0,19.0,13.0,16.0,4.0,14.0,0.0,14.0,38.0,18.0,7.0,22.0,8.0,7.0
Prl3d1,0.0,0.0,22.0,0.0,0.0,0.0,23.0,3.0,1.0,2.0,0.0,1.0,3.0,0.0,0.0,0.0,0.0
Prl7a1,0.0,1.0,8.0,0.0,1.0,0.0,2.0,3.0,0.0,0.0,0.0,0.0,0.0,0.0,0.0,1.0,0.0
Prl8a1,5.0,2.0,5.0,0.0,0.0,0.0,6.0,3.0,2.0,1.0,2.0,3.0,3.0,1.0,1.0,0.0,2.0
Prl8a2,0.0,0.0,10.0,1.0,0.0,0.0,9.0,1.0,1.0,0.0,0.0,0.0,2.0,0.0,0.0,1.0,0.0
Prl8a6,19.0,37.0,21.0,22.0,66.0,51.0,46.0,10.0,34.0,0.0,44.0,88.0,73.0,30.0,59.0,17.0,39.0
Prm1,2.0,1.0,0.0,0.0,0.0,1.0,2.0,0.0,1.0,1.0,0.0,4.0,2.0,0.0,0.0,2.0,3.0
Prmt1,0.0,2.0,5.0,2.0,0.0,0.0,6.0,2.0,1.0,0.0,0.0,2.0,1.0,1.0,0.0,1.0,1.0
Prmt3,52.0,56.0,45.0,181.0,91.0,92.0,57.0,79.0,87.0,3.0,71.0,170.0,127.0,138.0,128.0,166.0,134.0
Prmt5,42.0,36.0,19.0,88.0,74.0,52.0,61.0,56.0,37.0,1.0,47.0,119.0,83.0,61.0,67.0,77.0,72.0
Prmt7,7.0,9.0,17.0,50.0,18.0,17.0,19.0,27.0,20.0,3.0,18.0,36.0,30.0,32.0,30.0,28.0,21.0
Prodh,15.0,10.0,13.0,48.0,45.0,54.0,21.0,29.0,67.0,2.0,27.0,51.0,33.0,44.0,49.0,44.0,45.0
Prok1,0.0,2.0,5.0,0.0,2.0,1.0,7.0,2.0,0.0,0.0,1.0,4.0,1.0,0.0,1.0,2.0,0.0
Prokr2,1.0,0.0,13.0,13.0,2.0,7.0,12.0,1.0,1.0,1.0,11.0,3.0,5.0,2.0,10.0,16.0,14.0
Prom1,2.0,2.0,8.0,6.0,12.0,10.0,4.0,1.0,0.0,0.0,3.0,54.0,4.0,4.0,8.0,8.0,10.0
Prom2,37.0,52.0,38.0,184.0,167.0,113.0,100.0,77.0,125.0,1.0,45.0,208.0,141.0,143.0,191.0,151.0,137.0
Prop1,0.0,0.0,4.0,0.0,0.0,0.0,3.0,1.0,0.0,0.0,1.0,0.0,0.0,0.0,0.0,1.0,0.0
Prorp,15.0,15.0,9.0,45.0,19.0,24.0,8.0,29.0,6.0,1.0,16.0,38.0,17.0,34.0,14.0,30.0,24.0
Prox1,5.0,2.0,11.0,10.0,7.0,3.0,8.0,3.0,0.0,0.0,3.0,14.0,6.0,5.0,14.0,7.0,13.0
Prpf19,9.0,18.0,19.0,109.0,47.0,42.0,22.0,38.0,27.0,3.0,23.0,100.0,35.0,43.0,45.0,61.0,65.0
Prpf3,26.0,21.0,27.0,95.0,52.0,55.0,45.0,42.0,47.0,1.0,51.0,91.0,74.0,51.0,62.0,63.0,74.0
Prpf31,64.0,51.0,61.0,283.0,145.0,128.0,114.0,195.0,140.0,4.0,115.0,300.0,174.0,162.0,187.0,203.0,198.0
Prpf4b,53.0,60.0,46.0,263.0,99.0,121.0,90.0,107.0,96.0,13.0,86.0,255.0,143.0,139.0,129.0,195.0,152.0
Prpf8,32.0,45.0,41.0,201.0,85.0,103.0,74.0,126.0,73.0,5.0,89.0,224.0,99.0,115.0,128.0,115.0,140.0
Prph,1.0,0.0,1.0,3.0,3.0,1.0,0.0,1.0,1.0,1.0,8.0,4.0,1.0,2.0,5.0,0.0,5.0
Prph2,0.0,1.0,4.0,1.0,0.0,0.0,4.0,3.0,1.0,0.0,1.0,0.0,0.0,0.0,0.0,2.0,1.0
Prps1,6.0,3.0,5.0,6.0,9.0,9.0,12.0,15.0,10.0,0.0,4.0,19.0,14.0,18.0,5.0,21.0,17.0
Prpsap2,24.0,21.0,31.0,97.0,67.0,44.0,37.0,49.0,45.0,1.0,36.0,82.0,81.0,53.0,71.0,68.0,80.0
Prr5,9.0,5.0,12.0,25.0,19.0,6.0,16.0,14.0,10.0,2.0,5.0,29.0,5.0,14.0,21.0,27.0,30.0
Prrc2b,28.0,23.0,29.0,260.0,74.0,116.0,56.0,127.0,82.0,8.0,64.0,240.0,88.0,111.0,111.0,125.0,127.0
Prrx1,46.0,52.0,74.0,308.0,131.0,137.0,163.0,125.0,102.0,11.0,156.0,402.0,119.0,151.0,288.0,460.0,410.0
Prrxl1,2.0,1.0,8.0,1.0,1.0,0.0,13.0,3.0,2.0,0.0,1.0,1.0,4.0,0.0,2.0,2.0,1.0
Prss1,2.0,3.0,8.0,2.0,2.0,5.0,5.0,2.0,2.0,0.0,5.0,15.0,7.0,0.0,8.0,1.0,1.0
Prss21,1.0,2.0,2.0,0.0,1.0,8.0,8.0,0.0,3.0,0.0,3.0,1.0,6.0,1.0,2.0,3.0,1.0
Prss41,2.0,1.0,9.0,1.0,0.0,2.0,2.0,0.0,0.0,0.0,1.0,1.0,1.0,0.0,2.0,1.0,0.0
Prss42,0.0,0.0,1.0,0.0,0.0,1.0,5.0,1.0,1.0,0.0,0.0,0.0,1.0,0.0,0.0,0.0,0.0
Prss50,3.0,0.0,5.0,1.0,2.0,1.0,5.0,2.0,3.0,0.0,3.0,9.0,1.0,0.0,2.0,3.0,4.0
Prune1,12.0,5.0,11.0,27.0,12.0,13.0,13.0,28.0,14.0,1.0,12.0,54.0,15.0,42.0,21.0,30.0,31.0
Psat1,7.0,1.0,5.0,18.0,9.0,7.0,9.0,10.0,8.0,0.0,3.0,19.0,13.0,16.0,10.0,25.0,14.0
Psd2,0.0,0.0,4.0,3.0,0.0,5.0,5.0,1.0,1.0,0.0,2.0,1.0,2.0,3.0,1.0,0.0,0.0
Psen1,88.0,83.0,90.0,323.0,240.0,205.0,186.0,201.0,218.0,17.0,127.0,404.0,185.0,161.0,342.0,291.0,233.0
Psen2,2.0,3.0,5.0,23.0,7.0,9.0,3.0,9.0,13.0,1.0,7.0,32.0,7.0,6.0,17.0,22.0,17.0
Psma4,145.0,169.0,120.0,462.0,336.0,286.0,253.0,279.0,287.0,10.0,216.0,540.0,358.0,300.0,451.0,443.0,402.0
Psmb11,0.0,1.0,5.0,0.0,0.0,2.0,5.0,1.0,2.0,0.0,2.0,3.0,0.0,0.0,0.0,2.0,0.0
Psmb6,117.0,110.0,99.0,308.0,170.0,138.0,176.0,182.0,155.0,5.0,76.0,406.0,292.0,253.0,225.0,312.0,245.0
Psmb9,20.0,4.0,11.0,11.0,8.0,16.0,21.0,14.0,18.0,3.0,5.0,14.0,17.0,5.0,18.0,18.0,14.0
Psmc2,247.0,174.0,190.0,596.0,412.0,288.0,302.0,364.0,311.0,24.0,249.0,788.0,453.0,411.0,477.0,569.0,455.0
Psmd1,111.0,85.0,89.0,261.0,161.0,110.0,160.0,178.0,111.0,5.0,100.0,352.0,265.0,185.0,198.0,222.0,209.0
Psmd10,19.0,21.0,18.0,59.0,32.0,24.0,35.0,25.0,22.0,7.0,32.0,67.0,33.0,40.0,47.0,65.0,48.0
Psmd11,25.0,15.0,23.0,32.0,29.0,20.0,35.0,36.0,27.0,1.0,23.0,46.0,40.0,30.0,42.0,35.0,31.0
Psmd12,93.0,74.0,74.0,246.0,140.0,96.0,123.0,151.0,119.0,10.0,105.0,311.0,174.0,196.0,164.0,205.0,182.0
Psmd13,107.0,78.0,102.0,413.0,178.0,152.0,145.0,197.0,141.0,4.0,94.0,417.0,220.0,269.0,251.0,371.0,329.0
Psmd14,56.0,33.0,54.0,226.0,80.0,88.0,81.0,176.0,73.0,4.0,44.0,260.0,143.0,173.0,127.0,229.0,184.0
Psmd3,65.0,67.0,62.0,192.0,141.0,120.0,109.0,117.0,107.0,4.0,78.0,226.0,163.0,128.0,184.0,176.0,146.0
Psmd5,14.0,15.0,17.0,89.0,46.0,35.0,29.0,34.0,31.0,0.0,45.0,78.0,49.0,31.0,53.0,59.0,58.0
Psmd6,140.0,125.0,111.0,466.0,289.0,211.0,226.0,265.0,185.0,13.0,169.0,593.0,361.0,286.0,376.0,373.0,379.0
Psmd9,45.0,60.0,48.0,176.0,129.0,94.0,96.0,89.0,91.0,4.0,88.0,199.0,118.0,117.0,123.0,152.0,118.0
Ptafr,6.0,12.0,14.0,19.0,9.0,6.0,9.0,16.0,9.0,2.0,13.0,28.0,22.0,9.0,30.0,25.0,19.0
Ptar1,18.0,16.0,19.0,79.0,57.0,47.0,18.0,44.0,31.0,1.0,55.0,66.0,33.0,40.0,67.0,58.0,60.0
Ptbp1,155.0,145.0,194.0,1108.0,346.0,340.0,231.0,481.0,294.0,8.0,213.0,938.0,550.0,580.0,447.0,687.0,695.0
Ptch1,4.0,6.0,3.0,127.0,14.0,152.0,15.0,96.0,32.0,2.0,79.0,50.0,16.0,21.0,24.0,21.0,16.0
Ptch2,1.0,0.0,5.0,49.0,5.0,36.0,5.0,33.0,6.0,0.0,17.0,10.0,6.0,8.0,7.0,6.0,7.0
Ptchd1,2.0,0.0,4.0,2.0,6.0,2.0,5.0,2.0,2.0,1.0,11.0,13.0,0.0,0.0,9.0,4.0,5.0
Pten,34.0,24.0,36.0,226.0,74.0,111.0,60.0,133.0,80.0,5.0,54.0,228.0,85.0,87.0,116.0,147.0,138.0
Ptf1a,2.0,1.0,2.0,2.0,1.0,1.0,4.0,1.0,3.0,0.0,1.0,1.0,3.0,1.0,1.0,4.0,1.0
Ptgdr,0.0,1.0,5.0,1.0,1.0,1.0,3.0,2.0,3.0,0.0,0.0,1.0,3.0,0.0,1.0,3.0,0.0
Ptger1,1.0,0.0,1.0,6.0,1.0,3.0,5.0,3.0,2.0,0.0,6.0,8.0,4.0,5.0,3.0,4.0,2.0
Ptger2,2.0,0.0,3.0,3.0,2.0,1.0,10.0,3.0,0.0,2.0,0.0,7.0,4.0,1.0,4.0,10.0,6.0
Ptger3,1.0,1.0,2.0,3.0,0.0,0.0,4.0,5.0,1.0,0.0,0.0,1.0,0.0,0.0,1.0,0.0,1.0
Ptger4,1.0,1.0,6.0,10.0,5.0,7.0,6.0,11.0,5.0,0.0,3.0,4.0,6.0,7.0,5.0,11.0,3.0
Ptges,116.0,143.0,109.0,131.0,187.0,98.0,176.0,120.0,103.0,24.0,26.0,276.0,324.0,171.0,184.0,178.0,120.0
Ptgfr,2.0,4.0,14.0,15.0,10.0,9.0,15.0,13.0,15.0,1.0,3.0,13.0,14.0,17.0,9.0,24.0,21.0
Ptgir,8.0,9.0,19.0,18.0,17.0,7.0,31.0,27.0,13.0,3.0,11.0,40.0,23.0,32.0,18.0,31.0,33.0
Ptgr1,33.0,52.0,44.0,556.0,559.0,177.0,93.0,78.0,218.0,12.0,93.0,484.0,111.0,88.0,362.0,283.0,307.0
Ptgs1,154.0,221.0,113.0,340.0,216.0,293.0,258.0,135.0,508.0,3.0,93.0,421.0,457.0,366.0,376.0,351.0,317.0
Ptgs2,12.0,1.0,61.0,40.0,26.0,2.0,36.0,34.0,10.0,2.0,5.0,94.0,16.0,9.0,19.0,54.0,42.0
Pth1r,1.0,5.0,6.0,43.0,16.0,22.0,12.0,13.0,21.0,0.0,9.0,33.0,6.0,14.0,18.0,16.0,27.0
Pth2r,5.0,7.0,5.0,5.0,13.0,6.0,7.0,4.0,3.0,0.0,13.0,12.0,4.0,5.0,9.0,6.0,6.0
Pthlh,1.0,2.0,6.0,15.0,17.0,6.0,8.0,4.0,2.0,6.0,1.0,42.0,5.0,3.0,34.0,30.0,12.0
Ptk2,34.0,37.0,51.0,198.0,88.0,90.0,62.0,117.0,94.0,14.0,114.0,222.0,98.0,95.0,91.0,167.0,163.0
Ptk2b,62.0,70.0,96.0,196.0,201.0,85.0,162.0,142.0,101.0,18.0,88.0,233.0,180.0,105.0,197.0,155.0,120.0
Ptk6,21.0,20.0,14.0,49.0,45.0,25.0,36.0,21.0,31.0,0.0,19.0,103.0,68.0,29.0,61.0,46.0,50.0
Ptp4a1,8.0,14.0,53.0,61.0,12.0,32.0,57.0,37.0,20.0,0.0,12.0,44.0,28.0,28.0,17.0,52.0,36.0
Ptpa,31.0,26.0,42.0,250.0,95.0,123.0,67.0,143.0,118.0,8.0,58.0,322.0,106.0,130.0,142.0,185.0,158.0
Ptpn1,123.0,147.0,148.0,463.0,259.0,189.0,266.0,369.0,262.0,23.0,199.0,524.0,349.0,248.0,434.0,395.0,321.0
Ptpn11,77.0,79.0,92.0,308.0,203.0,161.0,132.0,145.0,128.0,8.0,170.0,365.0,226.0,178.0,257.0,259.0,216.0
Ptpn2,98.0,66.0,69.0,199.0,102.0,112.0,140.0,121.0,102.0,8.0,80.0,228.0,200.0,174.0,163.0,204.0,164.0
Ptpn22,0.0,0.0,5.0,8.0,3.0,1.0,4.0,6.0,5.0,1.0,4.0,5.0,6.0,4.0,9.0,7.0,7.0
Ptpn23,109.0,93.0,130.0,386.0,216.0,183.0,158.0,196.0,153.0,24.0,128.0,377.0,201.0,197.0,242.0,346.0,236.0
Ptpn5,0.0,0.0,5.0,4.0,3.0,1.0,3.0,0.0,0.0,0.0,1.0,3.0,2.0,0.0,0.0,3.0,0.0
Ptpn6,68.0,40.0,135.0,255.0,170.0,107.0,176.0,243.0,187.0,37.0,153.0,248.0,121.0,122.0,402.0,290.0,196.0
Ptpra,10.0,8.0,15.0,66.0,34.0,46.0,26.0,51.0,31.0,3.0,27.0,59.0,24.0,35.0,38.0,59.0,43.0
Ptprc,51.0,32.0,168.0,216.0,115.0,54.0,228.0,204.0,221.0,27.0,152.0,167.0,101.0,116.0,283.0,201.0,161.0
Ptprf,37.0,32.0,25.0,242.0,119.0,140.0,54.0,128.0,79.0,1.0,64.0,203.0,90.0,82.0,79.0,138.0,97.0
Ptprk,7.0,13.0,20.0,100.0,35.0,37.0,20.0,35.0,27.0,1.0,46.0,91.0,36.0,33.0,43.0,43.0,45.0
Ptprn2,1.0,0.0,5.0,16.0,1.0,2.0,16.0,7.0,2.0,0.0,0.0,8.0,3.0,4.0,4.0,2.0,1.0
Ptprq,1.0,0.0,1.0,4.0,3.0,0.0,8.0,3.0,1.0,1.0,4.0,3.0,1.0,2.0,1.0,5.0,3.0
Ptpru,0.0,4.0,13.0,39.0,11.0,28.0,8.0,38.0,16.0,0.0,19.0,25.0,7.0,12.0,14.0,12.0,20.0
Ptprz1,5.0,20.0,31.0,160.0,129.0,12.0,64.0,35.0,54.0,2.0,7.0,212.0,73.0,66.0,55.0,92.0,133.0
Pttg1,18.0,17.0,35.0,50.0,39.0,39.0,52.0,52.0,39.0,5.0,27.0,109.0,50.0,52.0,43.0,61.0,51.0
Ptx3,2.0,5.0,17.0,19.0,2.0,0.0,16.0,84.0,1.0,0.0,0.0,9.0,21.0,153.0,8.0,51.0,24.0
Pvalb,53.0,1.0,28.0,2.0,54.0,0.0,2.0,76.0,17.0,0.0,1.0,110.0,15.0,159.0,7.0,31.0,43.0
Pwp1,28.0,55.0,44.0,168.0,72.0,91.0,76.0,90.0,84.0,4.0,84.0,168.0,87.0,92.0,100.0,123.0,123.0
Pxn,24.0,10.0,29.0,143.0,39.0,55.0,50.0,107.0,46.0,5.0,44.0,129.0,46.0,69.0,114.0,137.0,102.0
Pycard,31.0,48.0,30.0,153.0,111.0,81.0,68.0,56.0,101.0,4.0,45.0,158.0,60.0,47.0,144.0,98.0,102.0
Pycrl,13.0,9.0,11.0,68.0,32.0,38.0,22.0,33.0,32.0,1.0,25.0,66.0,25.0,32.0,49.0,50.0,55.0
Pygb,58.0,73.0,34.0,224.0,188.0,206.0,77.0,112.0,146.0,8.0,159.0,251.0,131.0,113.0,223.0,201.0,172.0
Pygl,88.0,34.0,181.0,314.0,205.0,124.0,252.0,259.0,91.0,43.0,153.0,253.0,126.0,96.0,254.0,403.0,198.0
Pyroxd1,57.0,52.0,43.0,145.0,137.0,100.0,85.0,92.0,89.0,7.0,84.0,209.0,143.0,80.0,170.0,116.0,141.0
Pzp,0.0,0.0,1.0,1.0,1.0,1.0,2.0,0.0,4.0,0.0,1.0,1.0,2.0,1.0,0.0,0.0,0.0
Qrfpr,1.0,0.0,5.0,0.0,1.0,0.0,3.0,1.0,1.0,2.0,0.0,1.0,1.0,0.0,0.0,0.0,1.0
Qsox1,123.0,115.0,94.0,384.0,292.0,159.0,178.0,156.0,152.0,11.0,134.0,537.0,321.0,187.0,441.0,410.0,380.0
Rab10,141.0,195.0,151.0,580.0,612.0,430.0,384.0,370.0,378.0,12.0,186.0,901.0,485.0,403.0,487.0,460.0,373.0
Rab11a,3.0,10.0,11.0,37.0,24.0,12.0,21.0,30.0,22.0,2.0,17.0,53.0,29.0,28.0,38.0,32.0,34.0
Rab1a,128.0,134.0,103.0,438.0,412.0,251.0,255.0,233.0,253.0,20.0,211.0,639.0,300.0,240.0,490.0,489.0,324.0
Rab20,0.0,1.0,3.0,2.0,1.0,0.0,1.0,10.0,1.0,1.0,1.0,6.0,1.0,1.0,2.0,7.0,4.0
Rab21,60.0,58.0,66.0,105.0,106.0,80.0,121.0,96.0,114.0,2.0,74.0,218.0,130.0,118.0,108.0,125.0,133.0
Rab23,6.0,10.0,10.0,62.0,24.0,30.0,18.0,26.0,10.0,2.0,28.0,63.0,27.0,18.0,48.0,48.0,35.0
Rab24,44.0,27.0,50.0,218.0,95.0,106.0,53.0,85.0,67.0,6.0,42.0,210.0,96.0,102.0,165.0,181.0,135.0
Rab27a,18.0,13.0,29.0,96.0,43.0,65.0,47.0,39.0,72.0,2.0,28.0,69.0,51.0,32.0,53.0,75.0,70.0
Rab27b,49.0,43.0,33.0,64.0,129.0,68.0,77.0,41.0,77.0,3.0,14.0,105.0,118.0,72.0,112.0,74.0,84.0
Rab28,42.0,26.0,48.0,139.0,83.0,112.0,79.0,86.0,90.0,6.0,71.0,195.0,88.0,96.0,92.0,114.0,101.0
Rab29,19.0,15.0,24.0,102.0,48.0,43.0,36.0,42.0,39.0,4.0,39.0,127.0,60.0,87.0,63.0,83.0,73.0
Rab32,31.0,19.0,82.0,109.0,74.0,51.0,111.0,99.0,84.0,27.0,67.0,88.0,48.0,47.0,135.0,97.0,93.0
Rab38,23.0,33.0,32.0,98.0,66.0,63.0,39.0,29.0,69.0,0.0,13.0,106.0,69.0,68.0,79.0,70.0,87.0
Rab39,2.0,1.0,3.0,4.0,4.0,0.0,5.0,0.0,5.0,1.0,0.0,1.0,0.0,2.0,5.0,2.0,2.0
Rab3a,7.0,7.0,9.0,43.0,36.0,35.0,21.0,21.0,26.0,2.0,21.0,57.0,28.0,21.0,61.0,31.0,41.0
Rab3b,0.0,3.0,4.0,1.0,2.0,3.0,11.0,1.0,5.0,0.0,5.0,8.0,4.0,2.0,3.0,5.0,3.0
Rab3d,14.0,19.0,18.0,62.0,20.0,49.0,25.0,25.0,39.0,4.0,16.0,39.0,27.0,38.0,43.0,49.0,37.0
Rab3gap2,77.0,65.0,58.0,193.0,151.0,102.0,93.0,92.0,104.0,9.0,85.0,245.0,151.0,114.0,205.0,220.0,213.0
Rab43,14.0,5.0,22.0,49.0,17.0,17.0,19.0,29.0,54.0,3.0,15.0,52.0,19.0,19.0,53.0,50.0,33.0
Rab4b,4.0,4.0,8.0,27.0,4.0,12.0,7.0,12.0,10.0,0.0,3.0,20.0,13.0,21.0,15.0,16.0,12.0
Rab5a,420.0,518.0,154.0,219.0,871.0,591.0,602.0,154.0,383.0,12.0,441.0,1139.0,892.0,161.0,636.0,325.0,467.0
Rab5b,11.0,11.0,26.0,77.0,30.0,41.0,23.0,57.0,39.0,4.0,17.0,92.0,34.0,43.0,31.0,60.0,48.0
Rab5c,79.0,83.0,99.0,586.0,211.0,189.0,184.0,318.0,184.0,18.0,98.0,608.0,272.0,315.0,381.0,471.0,348.0
Rab6a,43.0,41.0,56.0,157.0,76.0,98.0,95.0,119.0,69.0,7.0,52.0,214.0,114.0,106.0,95.0,169.0,115.0
Rab7,1451.0,831.0,1330.0,4910.0,3170.0,2103.0,2285.0,3017.0,2143.0,200.0,1341.0,5928.0,2931.0,2624.0,4698.0,4736.0,3919.0
Rab7b,24.0,24.0,56.0,123.0,67.0,85.0,102.0,72.0,139.0,7.0,84.0,109.0,55.0,54.0,161.0,110.0,77.0
Rab8a,107.0,111.0,110.0,260.0,192.0,126.0,171.0,197.0,181.0,10.0,104.0,370.0,254.0,206.0,218.0,267.0,183.0
Rab8b,27.0,32.0,48.0,93.0,75.0,59.0,95.0,78.0,74.0,7.0,57.0,141.0,83.0,59.0,119.0,119.0,108.0
Rabep1,23.0,13.0,36.0,173.0,66.0,104.0,50.0,77.0,82.0,4.0,70.0,167.0,56.0,72.0,94.0,125.0,128.0
Rabep2,5.0,3.0,10.0,7.0,6.0,9.0,7.0,9.0,8.0,1.0,4.0,13.0,6.0,8.0,6.0,23.0,6.0
Rac1,53.0,60.0,113.0,450.0,159.0,143.0,150.0,300.0,164.0,7.0,112.0,542.0,198.0,278.0,187.0,376.0,342.0
Racgap1,6.0,14.0,15.0,123.0,35.0,51.0,37.0,42.0,17.0,0.0,34.0,88.0,24.0,40.0,39.0,80.0,53.0
Rack1,5.0,1.0,6.0,23.0,2.0,8.0,3.0,10.0,8.0,0.0,0.0,28.0,7.0,19.0,9.0,23.0,21.0
Rad21l,0.0,4.0,6.0,1.0,0.0,1.0,5.0,2.0,1.0,0.0,0.0,2.0,4.0,1.0,0.0,2.0,0.0
Rad23b,353.0,335.0,266.0,995.0,845.0,579.0,579.0,496.0,415.0,15.0,392.0,1259.0,864.0,534.0,846.0,869.0,841.0
Rad50,10.0,8.0,14.0,89.0,43.0,53.0,31.0,40.0,38.0,3.0,42.0,64.0,30.0,22.0,59.0,79.0,58.0
Rad51,18.0,31.0,16.0,91.0,66.0,53.0,47.0,53.0,26.0,1.0,59.0,115.0,70.0,55.0,52.0,67.0,72.0
Rad51b,6.0,9.0,8.0,46.0,22.0,29.0,8.0,21.0,13.0,0.0,16.0,41.0,12.0,8.0,17.0,18.0,25.0
Rad51d,10.0,10.0,10.0,46.0,22.0,28.0,17.0,14.0,28.0,3.0,17.0,49.0,17.0,17.0,47.0,41.0,40.0
Rad54l,11.0,16.0,8.0,90.0,44.0,54.0,21.0,34.0,31.0,0.0,31.0,79.0,32.0,29.0,45.0,61.0,58.0
Rad9a,29.0,26.0,48.0,197.0,62.0,67.0,57.0,82.0,53.0,15.0,45.0,159.0,68.0,66.0,75.0,143.0,99.0
Rae1,29.0,46.0,52.0,163.0,93.0,97.0,73.0,91.0,92.0,2.0,88.0,173.0,112.0,89.0,125.0,127.0,102.0
Raf1,117.0,137.0,192.0,673.0,324.0,377.0,257.0,457.0,342.0,26.0,262.0,651.0,282.0,314.0,455.0,482.0,439.0
Rag1,0.0,0.0,7.0,2.0,5.0,2.0,3.0,2.0,1.0,0.0,1.0,0.0,1.0,0.0,0.0,2.0,0.0
Rag2,1.0,4.0,5.0,6.0,4.0,5.0,9.0,8.0,5.0,0.0,7.0,3.0,3.0,4.0,10.0,8.0,2.0
Rai14,84.0,80.0,184.0,476.0,171.0,217.0,250.0,255.0,220.0,32.0,235.0,357.0,233.0,155.0,307.0,379.0,364.0
Rala,40.0,36.0,40.0,103.0,95.0,83.0,63.0,44.0,60.0,6.0,43.0,151.0,92.0,66.0,105.0,113.0,98.0
Ramp3,2.0,3.0,11.0,2.0,0.0,6.0,13.0,12.0,7.0,0.0,7.0,16.0,16.0,7.0,8.0,8.0,13.0
Ranbp1,13.0,9.0,25.0,162.0,29.0,44.0,36.0,61.0,48.0,7.0,34.0,115.0,61.0,65.0,64.0,95.0,71.0
Ranbp2,122.0,129.0,194.0,319.0,260.0,212.0,283.0,205.0,213.0,15.0,225.0,401.0,286.0,227.0,335.0,321.0,285.0
Rangap1,322.0,260.0,200.0,1286.0,545.0,519.0,412.0,581.0,420.0,10.0,346.0,1158.0,794.0,632.0,805.0,826.0,864.0
Rap1a,28.0,14.0,31.0,71.0,80.0,42.0,63.0,55.0,56.0,8.0,56.0,128.0,36.0,45.0,102.0,112.0,84.0
Rap1gap,7.0,10.0,12.0,15.0,26.0,12.0,18.0,13.0,11.0,1.0,5.0,49.0,29.0,25.0,11.0,22.0,22.0
Rapgef1,43.0,37.0,70.0,227.0,79.0,106.0,64.0,119.0,90.0,15.0,86.0,245.0,93.0,131.0,148.0,176.0,167.0
Rapgef3,15.0,5.0,13.0,39.0,39.0,7.0,23.0,22.0,17.0,3.0,16.0,75.0,32.0,32.0,21.0,61.0,38.0
Rapsn,15.0,2.0,8.0,23.0,15.0,6.0,5.0,18.0,7.0,3.0,13.0,74.0,8.0,16.0,46.0,22.0,43.0
Rara,31.0,18.0,56.0,222.0,55.0,115.0,63.0,199.0,74.0,13.0,77.0,206.0,65.0,86.0,114.0,167.0,152.0
Rarb,2.0,0.0,1.0,3.0,2.0,3.0,4.0,3.0,3.0,2.0,1.0,12.0,1.0,5.0,7.0,5.0,4.0
Rarg,126.0,192.0,132.0,764.0,338.0,591.0,273.0,312.0,454.0,9.0,320.0,624.0,383.0,379.0,386.0,482.0,405.0
Rasd1,1.0,0.0,6.0,2.0,8.0,1.0,3.0,4.0,7.0,1.0,1.0,6.0,5.0,4.0,3.0,1.0,2.0
Rasgrf1,4.0,2.0,14.0,3.0,1.0,6.0,10.0,7.0,8.0,0.0,4.0,7.0,2.0,2.0,3.0,3.0,2.0
Rassf5,20.0,23.0,22.0,91.0,54.0,64.0,44.0,49.0,57.0,2.0,30.0,107.0,47.0,34.0,101.0,82.0,60.0
Rb1,41.0,45.0,45.0,277.0,171.0,156.0,108.0,165.0,181.0,14.0,172.0,299.0,124.0,92.0,255.0,205.0,148.0
Rb1cc1,2.0,2.0,5.0,15.0,5.0,10.0,8.0,14.0,7.0,1.0,1.0,18.0,4.0,9.0,7.0,15.0,15.0
Rbbp4,27.0,16.0,17.0,179.0,44.0,69.0,30.0,95.0,41.0,3.0,26.0,175.0,52.0,116.0,37.0,119.0,121.0
Rbbp7,61.0,64.0,50.0,371.0,163.0,149.0,112.0,144.0,97.0,8.0,85.0,340.0,154.0,169.0,198.0,244.0,227.0
Rbck1,18.0,13.0,21.0,78.0,33.0,41.0,20.0,35.0,41.0,5.0,32.0,84.0,43.0,44.0,42.0,70.0,53.0
Rbfox2,20.0,15.0,23.0,71.0,42.0,31.0,40.0,32.0,37.0,2.0,39.0,89.0,39.0,44.0,46.0,65.0,55.0
Rbfox3,4.0,10.0,8.0,5.0,23.0,19.0,7.0,4.0,9.0,1.0,13.0,19.0,16.0,8.0,17.0,10.0,15.0
Rbl1,7.0,5.0,7.0,25.0,6.0,15.0,6.0,12.0,11.0,0.0,12.0,30.0,13.0,8.0,14.0,23.0,11.0
Rbl2,5.0,5.0,11.0,46.0,21.0,22.0,5.0,18.0,24.0,0.0,10.0,47.0,22.0,26.0,27.0,30.0,21.0
Rbm8a,2.0,0.0,2.0,10.0,2.0,5.0,4.0,5.0,1.0,0.0,2.0,7.0,2.0,6.0,1.0,6.0,6.0
Rbms1,245.0,198.0,289.0,553.0,417.0,264.0,444.0,374.0,308.0,37.0,238.0,767.0,622.0,427.0,517.0,655.0,535.0
Rbp1,85.0,74.0,59.0,714.0,496.0,93.0,108.0,179.0,48.0,6.0,120.0,915.0,250.0,83.0,479.0,426.0,430.0
Rbp3,1.0,1.0,1.0,1.0,1.0,1.0,3.0,0.0,0.0,0.0,0.0,2.0,0.0,0.0,3.0,0.0,0.0
Rbpj,70.0,38.0,115.0,174.0,103.0,70.0,153.0,168.0,124.0,19.0,80.0,191.0,108.0,126.0,150.0,220.0,157.0
Rbpjl,0.0,0.0,0.0,0.0,1.0,1.0,1.0,0.0,1.0,0.0,0.0,1.0,1.0,1.0,2.0,1.0,0.0
Rcan1,25.0,9.0,65.0,103.0,16.0,30.0,25.0,176.0,26.0,2.0,22.0,82.0,52.0,130.0,39.0,101.0,93.0
Rcc2,25.0,42.0,20.0,298.0,74.0,132.0,46.0,131.0,63.0,0.0,74.0,165.0,84.0,113.0,79.0,148.0,127.0
Rcn2,8.0,12.0,16.0,69.0,48.0,28.0,23.0,33.0,20.0,3.0,31.0,93.0,25.0,42.0,70.0,80.0,60.0
Rcor1,27.0,50.0,52.0,298.0,130.0,184.0,82.0,168.0,122.0,11.0,126.0,313.0,112.0,111.0,153.0,183.0,179.0
Rcor2,40.0,10.0,20.0,103.0,26.0,50.0,24.0,39.0,20.0,8.0,36.0,56.0,20.0,22.0,53.0,79.0,68.0
Rdx,48.0,70.0,60.0,269.0,131.0,140.0,81.0,174.0,94.0,7.0,106.0,300.0,138.0,150.0,141.0,190.0,174.0
Rec114,1.0,0.0,4.0,0.0,2.0,1.0,6.0,1.0,0.0,0.0,2.0,4.0,1.0,1.0,3.0,2.0,5.0
Rec8,5.0,5.0,6.0,9.0,9.0,11.0,6.0,4.0,34.0,0.0,4.0,4.0,11.0,11.0,10.0,3.0,17.0
Rel,15.0,23.0,55.0,97.0,56.0,46.0,76.0,80.0,88.0,7.0,42.0,87.0,55.0,45.0,83.0,81.0,61.0
Rela,33.0,20.0,29.0,53.0,62.0,39.0,34.0,40.0,35.0,2.0,20.0,93.0,51.0,61.0,63.0,67.0,53.0
Relb,48.0,37.0,58.0,136.0,64.0,75.0,76.0,89.0,90.0,11.0,79.0,161.0,84.0,74.0,99.0,135.0,136.0
Reln,4.0,9.0,3.0,9.0,18.0,4.0,15.0,3.0,6.0,10.0,8.0,42.0,8.0,6.0,15.0,8.0,12.0
Ren1,2.0,1.0,1.0,1.0,2.0,1.0,3.0,1.0,2.0,0.0,0.0,1.0,3.0,1.0,0.0,1.0,3.0
Rest,97.0,92.0,140.0,319.0,188.0,213.0,228.0,179.0,151.0,26.0,185.0,305.0,220.0,147.0,232.0,250.0,227.0
Ret,14.0,6.0,19.0,50.0,26.0,34.0,24.0,33.0,23.0,2.0,65.0,62.0,21.0,19.0,56.0,47.0,37.0
Retn,2.0,0.0,6.0,11.0,32.0,28.0,12.0,7.0,5.0,1.0,11.0,13.0,4.0,7.0,35.0,14.0,9.0
Retreg3,27.0,18.0,23.0,138.0,54.0,77.0,44.0,82.0,54.0,2.0,37.0,124.0,33.0,51.0,94.0,83.0,97.0
Rev1,7.0,6.0,12.0,36.0,13.0,27.0,9.0,19.0,14.0,0.0,10.0,26.0,14.0,19.0,19.0,39.0,31.0
Rflna,3.0,3.0,4.0,32.0,6.0,14.0,3.0,17.0,2.0,1.0,7.0,16.0,3.0,11.0,2.0,5.0,4.0
Rfx2,1.0,1.0,11.0,11.0,6.0,8.0,8.0,7.0,5.0,1.0,6.0,8.0,6.0,4.0,7.0,3.0,5.0
Rfx3,6.0,7.0,11.0,33.0,9.0,15.0,12.0,22.0,5.0,1.0,13.0,34.0,9.0,17.0,13.0,22.0,17.0
Rfx4,6.0,2.0,3.0,5.0,8.0,6.0,12.0,0.0,3.0,1.0,5.0,6.0,4.0,1.0,4.0,4.0,5.0
Rfx5,3.0,1.0,8.0,30.0,9.0,7.0,7.0,12.0,9.0,1.0,2.0,11.0,3.0,12.0,3.0,11.0,8.0
Rfx6,0.0,0.0,6.0,0.0,3.0,0.0,7.0,1.0,1.0,0.0,1.0,1.0,2.0,0.0,1.0,0.0,1.0
Rgcc,2.0,5.0,8.0,16.0,9.0,7.0,6.0,38.0,7.0,1.0,5.0,14.0,13.0,10.0,2.0,26.0,13.0
Rgmb,50.0,58.0,56.0,230.0,138.0,222.0,79.0,123.0,200.0,3.0,111.0,279.0,96.0,166.0,168.0,191.0,191.0
Rgr,1.0,1.0,6.0,1.0,0.0,0.0,2.0,0.0,0.0,1.0,1.0,1.0,8.0,0.0,1.0,2.0,0.0
Rgs18,3.0,7.0,9.0,19.0,17.0,15.0,14.0,8.0,13.0,1.0,12.0,30.0,13.0,10.0,33.0,23.0,14.0
Rgs3,8.0,4.0,22.0,41.0,19.0,27.0,29.0,30.0,23.0,3.0,27.0,70.0,7.0,24.0,37.0,50.0,32.0
Rgs6,16.0,12.0,14.0,23.0,28.0,33.0,20.0,6.0,10.0,1.0,14.0,41.0,16.0,14.0,23.0,5.0,16.0
Rgs9,0.0,3.0,11.0,7.0,7.0,9.0,13.0,6.0,8.0,0.0,6.0,6.0,7.0,12.0,9.0,4.0,10.0
Rhbdf2,33.0,35.0,62.0,142.0,70.0,81.0,70.0,110.0,52.0,9.0,70.0,94.0,65.0,56.0,106.0,114.0,105.0
Rhbdl3,3.0,10.0,9.0,38.0,19.0,35.0,11.0,24.0,31.0,1.0,18.0,33.0,14.0,23.0,13.0,23.0,17.0
Rheb,55.0,45.0,48.0,129.0,67.0,68.0,77.0,105.0,96.0,9.0,63.0,185.0,80.0,86.0,102.0,161.0,112.0
Rho,0.0,0.0,4.0,2.0,3.0,2.0,2.0,1.0,3.0,0.0,2.0,10.0,1.0,1.0,2.0,2.0,2.0
Rhoa,133.0,108.0,220.0,988.0,381.0,314.0,310.0,547.0,369.0,34.0,193.0,1089.0,409.0,535.0,636.0,964.0,685.0
Rhoc,129.0,38.0,106.0,290.0,154.0,70.0,177.0,216.0,88.0,33.0,182.0,501.0,147.0,175.0,364.0,536.0,507.0
Rhod,35.0,28.0,25.0,90.0,96.0,46.0,63.0,64.0,71.0,3.0,11.0,143.0,94.0,61.0,75.0,78.0,60.0
Rhog,4.0,3.0,5.0,43.0,0.0,7.0,5.0,22.0,4.0,1.0,2.0,24.0,8.0,15.0,15.0,24.0,18.0
Rhoj,6.0,8.0,20.0,37.0,24.0,23.0,21.0,28.0,18.0,1.0,17.0,87.0,21.0,28.0,33.0,55.0,34.0
Rhot2,23.0,23.0,22.0,158.0,63.0,93.0,27.0,69.0,57.0,4.0,36.0,143.0,70.0,94.0,81.0,112.0,98.0
Rhox13,0.0,0.0,1.0,0.0,1.0,0.0,1.0,2.0,0.0,0.0,1.0,1.0,2.0,0.0,0.0,2.0,1.0
Rhpn1,2.0,3.0,2.0,2.0,5.0,6.0,8.0,2.0,4.0,0.0,2.0,5.0,2.0,0.0,1.0,3.0,4.0
Rhpn2,4.0,1.0,1.0,1.0,2.0,4.0,1.0,3.0,1.0,0.0,7.0,8.0,1.0,2.0,2.0,5.0,1.0
Ric8a,27.0,29.0,31.0,127.0,70.0,61.0,49.0,67.0,64.0,9.0,38.0,146.0,75.0,71.0,87.0,124.0,115.0
Ric8b,11.0,5.0,11.0,43.0,26.0,30.0,14.0,33.0,16.0,1.0,22.0,53.0,13.0,25.0,33.0,44.0,34.0
Rictor,22.0,32.0,32.0,163.0,80.0,79.0,30.0,93.0,66.0,18.0,62.0,141.0,54.0,83.0,85.0,119.0,102.0
Rif1,36.0,62.0,25.0,148.0,109.0,134.0,54.0,82.0,92.0,9.0,89.0,173.0,107.0,83.0,104.0,121.0,92.0
Rims2,1.0,0.0,2.0,1.0,1.0,1.0,5.0,1.0,0.0,0.0,0.0,0.0,0.0,0.0,0.0,2.0,1.0
Ring1,88.0,68.0,64.0,559.0,192.0,254.0,115.0,202.0,182.0,10.0,139.0,401.0,172.0,232.0,337.0,394.0,273.0
Riok3,113.0,127.0,157.0,365.0,240.0,187.0,208.0,232.0,196.0,27.0,112.0,447.0,270.0,235.0,309.0,329.0,285.0
Riox1,5.0,6.0,8.0,35.0,17.0,24.0,14.0,24.0,11.0,0.0,25.0,35.0,21.0,13.0,19.0,33.0,17.0
Riox2,50.0,36.0,52.0,121.0,82.0,70.0,65.0,74.0,76.0,3.0,39.0,162.0,142.0,114.0,97.0,98.0,105.0
Ripk1,24.0,22.0,32.0,70.0,67.0,62.0,52.0,54.0,51.0,6.0,44.0,140.0,51.0,50.0,88.0,107.0,79.0
Ripk2,14.0,11.0,18.0,55.0,23.0,39.0,40.0,37.0,37.0,4.0,27.0,65.0,25.0,23.0,23.0,41.0,38.0
Ripk3,15.0,9.0,22.0,48.0,28.0,7.0,26.0,27.0,9.0,5.0,19.0,58.0,33.0,18.0,42.0,56.0,40.0
Rita1,4.0,3.0,7.0,12.0,6.0,4.0,10.0,6.0,5.0,1.0,5.0,15.0,11.0,4.0,11.0,10.0,11.0
Rlim,73.0,86.0,88.0,245.0,193.0,112.0,131.0,134.0,104.0,12.0,91.0,316.0,191.0,159.0,225.0,276.0,200.0
Rln1,1.0,0.0,10.0,0.0,1.0,0.0,7.0,0.0,0.0,0.0,1.0,2.0,1.0,0.0,1.0,1.0,0.0
Rln3,2.0,1.0,4.0,2.0,1.0,1.0,4.0,1.0,1.0,0.0,0.0,1.0,2.0,0.0,0.0,0.0,1.0
Rmdn3,36.0,73.0,29.0,131.0,77.0,103.0,51.0,57.0,91.0,2.0,60.0,147.0,119.0,71.0,112.0,116.0,123.0
Rnase1,4.0,6.0,6.0,5.0,7.0,4.0,7.0,3.0,3.0,1.0,11.0,10.0,6.0,1.0,17.0,3.0,12.0
Rnaseh2b,5.0,5.0,10.0,28.0,9.0,18.0,11.0,20.0,11.0,2.0,18.0,35.0,14.0,13.0,18.0,20.0,17.0
Rnaset2a,149.0,167.0,157.0,583.0,464.0,445.0,318.0,309.0,299.0,35.0,729.0,797.0,333.0,305.0,591.0,512.0,496.0
Rnd2,1.0,7.0,7.0,10.0,4.0,4.0,11.0,3.0,8.0,0.0,7.0,20.0,4.0,7.0,11.0,8.0,8.0
Rnf10,124.0,103.0,99.0,552.0,234.0,269.0,162.0,278.0,208.0,10.0,201.0,576.0,258.0,278.0,339.0,464.0,345.0
Rnf13,210.0,150.0,165.0,545.0,417.0,368.0,318.0,291.0,390.0,26.0,271.0,786.0,309.0,387.0,620.0,576.0,485.0
Rnf130,5.0,7.0,28.0,86.0,54.0,24.0,44.0,76.0,53.0,11.0,53.0,110.0,25.0,44.0,93.0,86.0,41.0
Rnf14,115.0,105.0,94.0,345.0,240.0,202.0,166.0,221.0,196.0,19.0,170.0,458.0,228.0,239.0,256.0,311.0,271.0
Rnf144a,4.0,3.0,19.0,46.0,14.0,14.0,15.0,12.0,14.0,0.0,12.0,48.0,7.0,15.0,38.0,37.0,25.0
Rnf19a,51.0,31.0,41.0,124.0,60.0,93.0,67.0,68.0,47.0,7.0,74.0,144.0,80.0,68.0,79.0,128.0,87.0
Rnf2,39.0,33.0,39.0,100.0,60.0,70.0,45.0,68.0,44.0,6.0,49.0,105.0,45.0,48.0,90.0,103.0,58.0
Rnf20,35.0,33.0,51.0,173.0,97.0,100.0,61.0,88.0,78.0,9.0,82.0,161.0,106.0,89.0,110.0,136.0,121.0
Rnf219,30.0,21.0,25.0,122.0,55.0,70.0,41.0,41.0,46.0,1.0,61.0,109.0,74.0,60.0,77.0,86.0,82.0
Rnf220,22.0,18.0,22.0,172.0,48.0,62.0,29.0,101.0,47.0,7.0,48.0,168.0,71.0,93.0,87.0,143.0,123.0
Rnf31,12.0,10.0,11.0,32.0,18.0,23.0,19.0,25.0,24.0,8.0,9.0,43.0,23.0,15.0,25.0,43.0,20.0
Rnh1,245.0,230.0,372.0,806.0,589.0,383.0,702.0,773.0,488.0,42.0,149.0,1088.0,717.0,598.0,658.0,769.0,573.0
Robo1,19.0,42.0,18.0,179.0,92.0,247.0,42.0,128.0,140.0,3.0,195.0,77.0,36.0,37.0,91.0,80.0,59.0
Robo2,2.0,21.0,6.0,82.0,26.0,46.0,27.0,16.0,22.0,0.0,15.0,57.0,24.0,22.0,19.0,23.0,23.0
Rock1,18.0,36.0,27.0,103.0,67.0,78.0,42.0,70.0,46.0,6.0,47.0,143.0,59.0,49.0,62.0,93.0,84.0
Rock2,171.0,125.0,173.0,436.0,285.0,278.0,229.0,286.0,212.0,31.0,327.0,658.0,280.0,257.0,375.0,403.0,378.0
Ror1,10.0,4.0,4.0,34.0,14.0,34.0,8.0,24.0,20.0,0.0,29.0,28.0,9.0,22.0,8.0,20.0,17.0
Ror2,5.0,2.0,11.0,49.0,11.0,23.0,9.0,28.0,11.0,2.0,31.0,32.0,11.0,5.0,13.0,24.0,24.0
Rora,37.0,28.0,21.0,82.0,64.0,87.0,51.0,31.0,121.0,2.0,25.0,100.0,48.0,59.0,108.0,90.0,80.0
Rorb,1.0,3.0,3.0,2.0,3.0,0.0,7.0,3.0,2.0,1.0,4.0,4.0,3.0,1.0,3.0,4.0,0.0
Rorc,7.0,3.0,6.0,17.0,8.0,11.0,3.0,9.0,22.0,0.0,13.0,31.0,8.0,13.0,13.0,19.0,12.0
Ros1,0.0,1.0,3.0,0.0,0.0,1.0,4.0,1.0,0.0,0.0,0.0,0.0,0.0,0.0,0.0,1.0,0.0
Rp1l1,4.0,0.0,4.0,1.0,1.0,0.0,3.0,2.0,0.0,0.0,0.0,2.0,6.0,0.0,5.0,2.0,0.0
Rp2,30.0,15.0,25.0,130.0,80.0,61.0,28.0,71.0,86.0,11.0,60.0,152.0,61.0,55.0,129.0,112.0,88.0
Rpa1,70.0,87.0,41.0,282.0,191.0,159.0,108.0,150.0,155.0,2.0,141.0,342.0,190.0,176.0,211.0,247.0,214.0
Rpe65,0.0,0.0,3.0,0.0,0.0,1.0,1.0,1.0,0.0,0.0,0.0,0.0,2.0,0.0,2.0,0.0,1.0
Rph3a,4.0,2.0,6.0,4.0,7.0,5.0,8.0,1.0,0.0,1.0,6.0,11.0,3.0,2.0,4.0,4.0,8.0
Rph3al,11.0,10.0,16.0,11.0,8.0,10.0,13.0,6.0,6.0,1.0,13.0,31.0,14.0,7.0,13.0,12.0,10.0
Rpn1,62.0,59.0,76.0,259.0,121.0,99.0,153.0,217.0,140.0,6.0,90.0,250.0,189.0,177.0,253.0,295.0,212.0
Rprml,0.0,1.0,1.0,0.0,1.0,3.0,3.0,2.0,0.0,0.0,0.0,1.0,1.0,0.0,0.0,4.0,1.0
Rptor,8.0,8.0,13.0,61.0,24.0,20.0,14.0,33.0,30.0,6.0,9.0,56.0,17.0,23.0,41.0,37.0,26.0
Rragd,52.0,4.0,21.0,20.0,30.0,19.0,22.0,35.0,25.0,0.0,24.0,144.0,13.0,100.0,34.0,67.0,86.0
Rras2,56.0,63.0,76.0,138.0,100.0,57.0,111.0,81.0,63.0,3.0,53.0,165.0,150.0,96.0,117.0,204.0,107.0
Rsad1,3.0,4.0,4.0,19.0,8.0,11.0,8.0,18.0,10.0,0.0,6.0,30.0,6.0,19.0,13.0,15.0,23.0
Rsbn1,28.0,22.0,46.0,111.0,52.0,61.0,73.0,70.0,63.0,11.0,43.0,106.0,54.0,50.0,67.0,108.0,91.0
Rsf1,34.0,39.0,55.0,238.0,102.0,141.0,84.0,135.0,106.0,9.0,142.0,215.0,102.0,132.0,152.0,168.0,154.0
Rsph1,0.0,2.0,2.0,4.0,2.0,1.0,8.0,1.0,3.0,0.0,2.0,2.0,4.0,1.0,3.0,0.0,1.0
Rsph10b,5.0,5.0,3.0,10.0,6.0,6.0,1.0,5.0,3.0,1.0,8.0,17.0,6.0,4.0,3.0,6.0,4.0
Rsph9,3.0,3.0,9.0,18.0,9.0,6.0,13.0,13.0,11.0,2.0,29.0,21.0,11.0,9.0,16.0,10.0,10.0
Rspo1,4.0,4.0,2.0,24.0,10.0,19.0,9.0,7.0,7.0,0.0,5.0,31.0,11.0,12.0,3.0,6.0,12.0
Rspo2,3.0,2.0,5.0,4.0,3.0,10.0,1.0,2.0,9.0,0.0,7.0,2.0,3.0,2.0,4.0,1.0,5.0
Rspo3,0.0,0.0,5.0,17.0,3.0,25.0,17.0,4.0,8.0,0.0,5.0,3.0,6.0,3.0,5.0,7.0,6.0
Rsrp1,667.0,642.0,834.0,2504.0,1831.0,1979.0,1377.0,1762.0,1845.0,161.0,1442.0,3884.0,1420.0,1500.0,2178.0,2499.0,2185.0
Rtbdn,2.0,1.0,6.0,2.0,1.0,0.0,6.0,0.0,0.0,0.0,1.0,1.0,0.0,1.0,1.0,5.0,1.0
Rtcb,56.0,69.0,52.0,221.0,123.0,128.0,124.0,126.0,114.0,7.0,113.0,246.0,151.0,117.0,171.0,167.0,180.0
Rtf1,21.0,30.0,33.0,130.0,50.0,66.0,49.0,68.0,53.0,3.0,60.0,137.0,66.0,66.0,81.0,96.0,77.0
Rtkn2,2.0,0.0,1.0,3.0,0.0,5.0,3.0,2.0,3.0,0.0,9.0,2.0,2.0,0.0,4.0,1.0,2.0
Rtn2,30.0,7.0,15.0,45.0,42.0,15.0,7.0,52.0,23.0,0.0,22.0,201.0,10.0,103.0,34.0,49.0,76.0
Rtn3,453.0,469.0,397.0,1658.0,1009.0,889.0,623.0,652.0,931.0,39.0,619.0,1889.0,1045.0,819.0,1433.0,1413.0,1354.0
Rtn4,259.0,177.0,289.0,1203.0,614.0,443.0,393.0,713.0,441.0,42.0,355.0,1475.0,558.0,786.0,735.0,1071.0,909.0
Rtn4r,4.0,5.0,4.0,6.0,10.0,11.0,5.0,2.0,18.0,0.0,8.0,25.0,4.0,5.0,11.0,4.0,20.0
Rubcn,40.0,39.0,36.0,177.0,104.0,117.0,69.0,77.0,103.0,13.0,76.0,228.0,103.0,78.0,141.0,152.0,180.0
Rundc1,5.0,2.0,8.0,15.0,11.0,13.0,7.0,13.0,10.0,3.0,10.0,23.0,11.0,10.0,11.0,17.0,19.0
Runx1,107.0,66.0,111.0,521.0,198.0,106.0,121.0,262.0,124.0,29.0,176.0,489.0,257.0,289.0,334.0,463.0,469.0
Runx2,8.0,5.0,22.0,137.0,42.0,40.0,20.0,94.0,26.0,16.0,27.0,97.0,37.0,82.0,56.0,146.0,110.0
Runx3,3.0,2.0,8.0,16.0,1.0,6.0,13.0,11.0,5.0,0.0,5.0,17.0,10.0,4.0,8.0,13.0,7.0
Ruvbl1,22.0,26.0,41.0,136.0,51.0,50.0,56.0,86.0,37.0,1.0,51.0,125.0,69.0,55.0,79.0,103.0,74.0
Ruvbl2,36.0,40.0,46.0,225.0,73.0,89.0,96.0,129.0,71.0,13.0,103.0,209.0,116.0,96.0,99.0,154.0,129.0
Rxfp1,1.0,2.0,3.0,0.0,1.0,3.0,7.0,1.0,2.0,0.0,1.0,7.0,7.0,5.0,3.0,2.0,7.0
Rxfp2,2.0,0.0,8.0,0.0,0.0,0.0,4.0,1.0,0.0,0.0,1.0,0.0,0.0,0.0,1.0,1.0,0.0
Rxfp3,1.0,0.0,8.0,3.0,2.0,0.0,3.0,2.0,0.0,0.0,0.0,2.0,0.0,0.0,2.0,1.0,0.0
Rxra,41.0,49.0,26.0,279.0,128.0,209.0,88.0,111.0,139.0,6.0,80.0,238.0,113.0,106.0,154.0,155.0,150.0
Rxrb,19.0,17.0,21.0,138.0,45.0,52.0,28.0,68.0,42.0,3.0,38.0,109.0,44.0,46.0,59.0,87.0,65.0
Rxrg,3.0,1.0,2.0,6.0,8.0,2.0,4.0,8.0,6.0,0.0,3.0,19.0,5.0,9.0,17.0,5.0,4.0
Rybp,24.0,25.0,54.0,98.0,31.0,60.0,64.0,78.0,56.0,8.0,44.0,86.0,49.0,46.0,54.0,84.0,65.0
Ryk,11.0,18.0,16.0,93.0,29.0,49.0,25.0,45.0,35.0,0.0,41.0,59.0,36.0,49.0,36.0,59.0,47.0
Ryr1,228.0,6.0,60.0,59.0,143.0,16.0,11.0,363.0,54.0,0.0,107.0,1014.0,54.0,647.0,161.0,344.0,449.0
Ryr2,1.0,0.0,2.0,2.0,2.0,0.0,7.0,3.0,1.0,0.0,4.0,1.0,2.0,0.0,2.0,1.0,0.0
Ryr3,1.0,4.0,11.0,3.0,6.0,3.0,6.0,0.0,2.0,0.0,3.0,8.0,9.0,0.0,5.0,4.0,7.0
S100a1,60.0,87.0,68.0,220.0,175.0,213.0,81.0,187.0,124.0,2.0,206.0,339.0,153.0,194.0,241.0,182.0,195.0
S100b,2.0,2.0,0.0,4.0,1.0,5.0,3.0,2.0,2.0,1.0,3.0,13.0,1.0,2.0,4.0,5.0,5.0
S1pr1,14.0,11.0,30.0,55.0,56.0,22.0,29.0,56.0,32.0,7.0,44.0,203.0,30.0,34.0,32.0,82.0,93.0
S1pr2,22.0,33.0,46.0,100.0,54.0,32.0,77.0,67.0,70.0,11.0,48.0,114.0,67.0,60.0,122.0,118.0,84.0
S1pr3,13.0,5.0,13.0,27.0,6.0,5.0,6.0,20.0,3.0,3.0,9.0,15.0,9.0,8.0,11.0,38.0,26.0
S1pr5,19.0,16.0,8.0,89.0,54.0,72.0,24.0,30.0,79.0,0.0,34.0,102.0,42.0,45.0,65.0,67.0,53.0
Saa1,35.0,225.0,107.0,21.0,23.0,27.0,212.0,122.0,44.0,5.0,41.0,60.0,476.0,107.0,87.0,51.0,45.0
Saa2,1.0,29.0,13.0,4.0,1.0,3.0,31.0,19.0,12.0,0.0,4.0,3.0,58.0,26.0,8.0,14.0,1.0
Sacm1l,34.0,36.0,28.0,122.0,57.0,65.0,43.0,75.0,50.0,1.0,31.0,172.0,69.0,87.0,96.0,108.0,84.0
Sag,2.0,6.0,10.0,4.0,2.0,10.0,7.0,2.0,8.0,0.0,3.0,4.0,2.0,5.0,12.0,2.0,4.0
Sall1,1.0,0.0,1.0,0.0,2.0,1.0,4.0,2.0,1.0,0.0,1.0,1.0,0.0,0.0,1.0,1.0,2.0
Sall3,2.0,0.0,4.0,1.0,2.0,1.0,7.0,1.0,1.0,0.0,1.0,1.0,1.0,1.0,2.0,2.0,4.0
Sall4,1.0,0.0,5.0,0.0,0.0,1.0,6.0,2.0,0.0,0.0,2.0,0.0,2.0,0.0,0.0,1.0,1.0
Samd11,1.0,0.0,2.0,0.0,3.0,0.0,5.0,0.0,0.0,0.0,0.0,1.0,2.0,0.0,1.0,3.0,1.0
Samd14,5.0,4.0,7.0,23.0,14.0,20.0,8.0,17.0,13.0,4.0,11.0,29.0,13.0,6.0,22.0,18.0,15.0
Samd8,21.0,3.0,20.0,37.0,23.0,26.0,21.0,43.0,22.0,2.0,15.0,95.0,24.0,71.0,35.0,51.0,55.0
Samhd1,365.0,172.0,521.0,794.0,918.0,483.0,869.0,686.0,578.0,50.0,518.0,1515.0,636.0,396.0,1400.0,981.0,752.0
Sap130,18.0,20.0,33.0,134.0,53.0,85.0,45.0,76.0,85.0,2.0,45.0,136.0,62.0,51.0,95.0,77.0,102.0
Sap18,27.0,29.0,24.0,119.0,47.0,59.0,38.0,60.0,64.0,3.0,45.0,109.0,51.0,57.0,77.0,79.0,66.0
Saraf,54.0,45.0,59.0,225.0,154.0,111.0,111.0,206.0,126.0,7.0,83.0,442.0,123.0,210.0,157.0,238.0,201.0
Sardh,2.0,8.0,9.0,27.0,18.0,16.0,9.0,23.0,8.0,1.0,32.0,35.0,10.0,15.0,13.0,14.0,11.0
Sarm1,5.0,2.0,8.0,5.0,1.0,1.0,3.0,5.0,6.0,0.0,8.0,14.0,1.0,5.0,8.0,4.0,5.0
Sart3,33.0,31.0,21.0,164.0,67.0,79.0,44.0,94.0,71.0,4.0,59.0,149.0,81.0,83.0,79.0,120.0,92.0
Sass6,11.0,9.0,18.0,42.0,12.0,20.0,14.0,18.0,24.0,1.0,18.0,41.0,17.0,18.0,20.0,38.0,32.0
Satb2,2.0,1.0,7.0,17.0,1.0,11.0,6.0,6.0,8.0,1.0,17.0,24.0,2.0,2.0,9.0,7.0,14.0
Saysd1,6.0,3.0,6.0,18.0,5.0,5.0,16.0,14.0,6.0,0.0,3.0,19.0,13.0,12.0,14.0,22.0,9.0
Scamp4,9.0,9.0,14.0,63.0,13.0,24.0,19.0,42.0,17.0,0.0,13.0,72.0,31.0,66.0,24.0,77.0,34.0
Scarb1,4.0,7.0,10.0,27.0,29.0,11.0,10.0,10.0,10.0,1.0,19.0,81.0,14.0,19.0,27.0,24.0,23.0
Scarb2,313.0,246.0,273.0,710.0,908.0,517.0,494.0,418.0,462.0,73.0,596.0,1230.0,573.0,442.0,884.0,804.0,657.0
Scgb1b27,8.0,8.0,22.0,1.0,8.0,6.0,21.0,7.0,5.0,1.0,5.0,12.0,10.0,2.0,4.0,4.0,6.0
Scimp,6.0,3.0,3.0,7.0,8.0,6.0,12.0,8.0,12.0,0.0,8.0,7.0,4.0,4.0,10.0,3.0,1.0
Scin,4.0,9.0,5.0,35.0,8.0,35.0,11.0,14.0,27.0,1.0,7.0,25.0,13.0,19.0,14.0,14.0,13.0
Scmh1,10.0,17.0,13.0,70.0,33.0,40.0,30.0,34.0,23.0,0.0,28.0,65.0,27.0,40.0,35.0,41.0,39.0
Scn10a,4.0,5.0,11.0,0.0,1.0,7.0,7.0,4.0,0.0,1.0,2.0,6.0,5.0,3.0,4.0,2.0,3.0
Scn1a,3.0,0.0,3.0,1.0,1.0,1.0,4.0,0.0,1.0,0.0,1.0,1.0,1.0,0.0,0.0,0.0,0.0
Scn2a,1.0,0.0,5.0,6.0,2.0,0.0,4.0,3.0,4.0,1.0,4.0,13.0,2.0,18.0,4.0,1.0,1.0
Scn3b,0.0,0.0,6.0,0.0,0.0,1.0,6.0,1.0,2.0,0.0,2.0,0.0,2.0,0.0,2.0,2.0,4.0
Scn4a,30.0,0.0,14.0,4.0,47.0,0.0,3.0,84.0,9.0,0.0,11.0,239.0,18.0,223.0,11.0,45.0,76.0
Scn4b,62.0,1.0,10.0,48.0,180.0,60.0,9.0,133.0,57.0,2.0,65.0,562.0,22.0,309.0,14.0,130.0,96.0
Scn5a,14.0,8.0,17.0,15.0,12.0,4.0,4.0,21.0,9.0,0.0,16.0,20.0,10.0,70.0,28.0,20.0,34.0
Scn8a,1.0,0.0,4.0,0.0,0.0,1.0,2.0,2.0,2.0,0.0,2.0,6.0,2.0,1.0,1.0,4.0,2.0
Scn9a,3.0,2.0,9.0,3.0,2.0,5.0,7.0,6.0,3.0,0.0,2.0,6.0,2.0,0.0,5.0,1.0,4.0
Scnn1a,17.0,12.0,11.0,55.0,36.0,48.0,24.0,17.0,32.0,0.0,15.0,66.0,42.0,20.0,89.0,44.0,30.0
Scnn1b,10.0,10.0,11.0,55.0,42.0,35.0,12.0,45.0,8.0,7.0,31.0,91.0,28.0,10.0,73.0,42.0,36.0
Scnn1g,4.0,2.0,8.0,36.0,16.0,15.0,18.0,12.0,15.0,5.0,10.0,46.0,15.0,11.0,40.0,28.0,13.0
Scrib,168.0,156.0,103.0,786.0,387.0,448.0,186.0,315.0,351.0,14.0,225.0,704.0,382.0,352.0,480.0,536.0,501.0
Scrt1,1.0,0.0,2.0,3.0,1.0,0.0,2.0,1.0,0.0,0.0,0.0,0.0,4.0,0.0,0.0,1.0,1.0
Sct,6.0,5.0,13.0,15.0,8.0,16.0,8.0,16.0,11.0,1.0,40.0,8.0,3.0,5.0,13.0,8.0,6.0
Scx,3.0,0.0,5.0,25.0,1.0,6.0,5.0,11.0,5.0,0.0,6.0,41.0,9.0,21.0,12.0,12.0,21.0
Sdc1,671.0,744.0,658.0,1790.0,1887.0,784.0,1223.0,1101.0,720.0,74.0,332.0,2582.0,2392.0,1413.0,1207.0,1355.0,1210.0
Sdc2,6.0,3.0,5.0,23.0,13.0,17.0,8.0,17.0,13.0,1.0,18.0,33.0,9.0,16.0,14.0,34.0,17.0
Sdcbp,101.0,76.0,204.0,349.0,253.0,122.0,297.0,285.0,183.0,37.0,205.0,389.0,176.0,153.0,388.0,369.0,273.0
Sdccag8,58.0,46.0,54.0,204.0,114.0,101.0,113.0,121.0,185.0,20.0,106.0,246.0,93.0,119.0,191.0,228.0,166.0
Sdha,123.0,106.0,110.0,460.0,305.0,239.0,187.0,316.0,232.0,20.0,259.0,695.0,275.0,289.0,430.0,389.0,393.0
Sdhb,123.0,116.0,150.0,698.0,308.0,446.0,213.0,472.0,270.0,24.0,463.0,709.0,223.0,330.0,502.0,499.0,502.0
Sdhc,66.0,37.0,54.0,199.0,111.0,113.0,88.0,168.0,130.0,7.0,84.0,396.0,157.0,215.0,143.0,229.0,204.0
Sdk1,5.0,0.0,5.0,14.0,7.0,2.0,7.0,3.0,4.0,1.0,7.0,20.0,4.0,8.0,11.0,24.0,10.0
Sdk2,3.0,3.0,14.0,28.0,11.0,16.0,8.0,8.0,8.0,2.0,15.0,14.0,19.0,12.0,15.0,14.0,9.0
Sdr16c5,38.0,108.0,28.0,431.0,255.0,458.0,90.0,49.0,327.0,0.0,57.0,379.0,153.0,134.0,495.0,295.0,394.0
Sec1,0.0,1.0,4.0,1.0,1.0,2.0,0.0,2.0,0.0,0.0,0.0,2.0,1.0,1.0,0.0,1.0,0.0
Sec22b,28.0,24.0,39.0,209.0,67.0,77.0,58.0,116.0,65.0,4.0,55.0,242.0,83.0,152.0,90.0,190.0,133.0
Sec23a,47.0,39.0,44.0,166.0,129.0,81.0,92.0,80.0,69.0,8.0,123.0,241.0,83.0,91.0,230.0,254.0,211.0
Sec24c,37.0,33.0,54.0,222.0,132.0,104.0,67.0,124.0,91.0,5.0,54.0,265.0,119.0,164.0,114.0,204.0,144.0
Sec61a1,20.0,33.0,43.0,180.0,74.0,64.0,80.0,121.0,81.0,4.0,55.0,196.0,96.0,122.0,129.0,178.0,145.0
Sel1l,231.0,151.0,191.0,610.0,381.0,345.0,300.0,353.0,381.0,35.0,241.0,670.0,359.0,354.0,578.0,555.0,481.0
Sele,4.0,2.0,10.0,12.0,18.0,5.0,12.0,6.0,15.0,0.0,10.0,36.0,6.0,4.0,19.0,19.0,12.0
Selenof,340.0,359.0,270.0,1065.0,773.0,624.0,509.0,439.0,568.0,41.0,773.0,1220.0,776.0,609.0,1064.0,1004.0,962.0
Selenoh,27.0,48.0,24.0,84.0,61.0,64.0,37.0,26.0,33.0,2.0,29.0,159.0,78.0,25.0,45.0,70.0,78.0
Selenoi,34.0,42.0,33.0,136.0,67.0,54.0,35.0,48.0,65.0,3.0,43.0,110.0,80.0,68.0,106.0,135.0,115.0
Selenok,2.0,2.0,3.0,5.0,7.0,5.0,3.0,3.0,3.0,1.0,4.0,10.0,7.0,6.0,12.0,4.0,5.0
Selenon,2.0,5.0,12.0,43.0,7.0,21.0,14.0,19.0,11.0,0.0,11.0,42.0,11.0,15.0,29.0,33.0,30.0
Selenoo,6.0,10.0,15.0,55.0,18.0,19.0,15.0,33.0,22.0,1.0,9.0,31.0,13.0,24.0,23.0,41.0,28.0
Selenos,10.0,18.0,15.0,47.0,21.0,29.0,22.0,27.0,16.0,1.0,13.0,48.0,30.0,40.0,50.0,51.0,37.0
Selenov,0.0,1.0,3.0,2.0,0.0,1.0,1.0,1.0,2.0,1.0,0.0,1.0,0.0,0.0,0.0,1.0,0.0
Sell,96.0,13.0,165.0,70.0,33.0,7.0,194.0,154.0,71.0,13.0,37.0,44.0,110.0,53.0,79.0,93.0,72.0
Selp,38.0,6.0,100.0,63.0,58.0,22.0,146.0,130.0,128.0,0.0,42.0,146.0,89.0,50.0,133.0,122.0,67.0
Selplg,63.0,27.0,157.0,307.0,186.0,75.0,274.0,190.0,197.0,27.0,215.0,233.0,129.0,102.0,360.0,283.0,206.0
Sema3a,11.0,17.0,12.0,36.0,23.0,8.0,40.0,22.0,27.0,3.0,5.0,34.0,41.0,25.0,19.0,46.0,30.0
Sema3b,15.0,6.0,3.0,51.0,20.0,29.0,6.0,26.0,19.0,6.0,24.0,89.0,10.0,19.0,41.0,22.0,30.0
Sema3c,27.0,24.0,19.0,131.0,102.0,84.0,49.0,24.0,84.0,3.0,28.0,157.0,61.0,68.0,80.0,138.0,82.0
Sema3d,24.0,38.0,7.0,177.0,192.0,264.0,32.0,11.0,439.0,2.0,146.0,109.0,30.0,63.0,266.0,189.0,144.0
Sema3e,13.0,45.0,28.0,94.0,14.0,69.0,23.0,36.0,29.0,12.0,75.0,85.0,41.0,47.0,55.0,46.0,31.0
Sema3f,28.0,34.0,39.0,170.0,107.0,86.0,52.0,74.0,82.0,7.0,44.0,187.0,95.0,67.0,94.0,122.0,129.0
Sema4a,7.0,4.0,16.0,61.0,24.0,24.0,17.0,33.0,36.0,1.0,28.0,64.0,18.0,27.0,36.0,38.0,22.0
Sema4d,81.0,31.0,174.0,206.0,131.0,51.0,217.0,213.0,100.0,28.0,96.0,211.0,76.0,69.0,193.0,199.0,193.0
Sema4g,6.0,6.0,6.0,74.0,18.0,51.0,12.0,40.0,15.0,3.0,39.0,31.0,11.0,16.0,23.0,16.0,27.0
Sema5a,27.0,32.0,41.0,84.0,60.0,65.0,69.0,50.0,67.0,2.0,56.0,105.0,56.0,52.0,49.0,58.0,52.0
Sema5b,0.0,1.0,6.0,1.0,2.0,2.0,3.0,1.0,1.0,0.0,3.0,6.0,0.0,1.0,3.0,4.0,2.0
Sema6a,3.0,6.0,7.0,30.0,15.0,25.0,18.0,32.0,12.0,1.0,16.0,58.0,12.0,12.0,25.0,16.0,24.0
Sema6c,9.0,4.0,6.0,22.0,23.0,14.0,9.0,18.0,13.0,0.0,12.0,73.0,9.0,26.0,34.0,23.0,26.0
Sema6d,11.0,7.0,13.0,35.0,19.0,8.0,35.0,22.0,23.0,9.0,18.0,63.0,31.0,18.0,35.0,49.0,33.0
Senp3,2.0,2.0,14.0,21.0,11.0,19.0,22.0,9.0,15.0,2.0,7.0,28.0,12.0,20.0,13.0,17.0,27.0
Sept10,2.0,9.0,11.0,63.0,32.0,32.0,33.0,30.0,24.0,4.0,31.0,42.0,23.0,24.0,35.0,51.0,39.0
Sept11,204.0,116.0,229.0,989.0,462.0,440.0,343.0,513.0,264.0,58.0,449.0,1042.0,404.0,399.0,640.0,681.0,689.0
Sept2,218.0,260.0,225.0,944.0,588.0,461.0,453.0,525.0,447.0,36.0,519.0,1120.0,535.0,476.0,770.0,929.0,790.0
Sept3,2.0,1.0,6.0,1.0,0.0,3.0,11.0,1.0,6.0,0.0,4.0,2.0,1.0,1.0,6.0,3.0,2.0
Sept4,16.0,6.0,19.0,43.0,39.0,24.0,14.0,25.0,20.0,4.0,42.0,135.0,15.0,26.0,50.0,59.0,53.0
Sept5,29.0,42.0,31.0,275.0,120.0,143.0,87.0,94.0,124.0,4.0,76.0,244.0,99.0,83.0,164.0,213.0,159.0
Sept6,18.0,31.0,25.0,104.0,87.0,64.0,48.0,47.0,123.0,4.0,75.0,133.0,47.0,62.0,113.0,80.0,66.0
Sept7,86.0,84.0,116.0,472.0,270.0,205.0,211.0,233.0,185.0,21.0,184.0,538.0,204.0,184.0,395.0,382.0,340.0
Sept8,268.0,256.0,199.0,1070.0,1034.0,827.0,452.0,410.0,729.0,46.0,543.0,1321.0,565.0,449.0,1221.0,975.0,809.0
Sept9,61.0,54.0,65.0,328.0,152.0,113.0,101.0,147.0,95.0,11.0,83.0,354.0,161.0,151.0,193.0,261.0,243.0
Serpina3a,1.0,1.0,4.0,0.0,0.0,0.0,5.0,4.0,0.0,0.0,3.0,2.0,1.0,1.0,3.0,0.0,0.0
Serpina3n,37.0,173.0,101.0,167.0,212.0,103.0,349.0,308.0,290.0,2.0,189.0,434.0,278.0,519.0,198.0,283.0,192.0
Serpinb13,0.0,2.0,4.0,3.0,0.0,1.0,7.0,1.0,3.0,0.0,3.0,1.0,1.0,1.0,1.0,2.0,1.0
Serpinb3b,15.0,11.0,25.0,34.0,30.0,13.0,18.0,8.0,20.0,0.0,4.0,51.0,34.0,10.0,29.0,22.0,19.0
Serpinb5,104.0,134.0,133.0,757.0,360.0,372.0,350.0,299.0,400.0,4.0,145.0,846.0,390.0,257.0,338.0,364.0,297.0
Serpinc1,3.0,2.0,4.0,2.0,2.0,4.0,9.0,6.0,6.0,0.0,6.0,25.0,5.0,5.0,4.0,4.0,8.0
Serpine1,223.0,209.0,477.0,378.0,417.0,10.0,620.0,317.0,137.0,63.0,119.0,714.0,554.0,250.0,377.0,1221.0,584.0
Serpine2,18.0,36.0,33.0,152.0,104.0,103.0,49.0,96.0,84.0,5.0,66.0,316.0,57.0,108.0,102.0,129.0,136.0
Serpinf2,3.0,3.0,5.0,6.0,5.0,2.0,9.0,6.0,6.0,0.0,1.0,4.0,3.0,2.0,9.0,2.0,1.0
Serpini1,2.0,2.0,10.0,9.0,3.0,3.0,8.0,4.0,3.0,1.0,5.0,26.0,2.0,0.0,9.0,12.0,8.0
Sertad1,36.0,18.0,25.0,47.0,15.0,18.0,38.0,45.0,13.0,4.0,18.0,52.0,27.0,35.0,38.0,54.0,33.0
Sesn1,29.0,27.0,25.0,214.0,169.0,162.0,41.0,81.0,112.0,6.0,140.0,246.0,71.0,76.0,286.0,112.0,170.0
Sesn2,32.0,16.0,26.0,59.0,58.0,34.0,41.0,49.0,40.0,7.0,15.0,51.0,41.0,40.0,49.0,63.0,57.0
Set,23.0,14.0,19.0,83.0,19.0,25.0,28.0,36.0,23.0,2.0,11.0,61.0,50.0,66.0,23.0,56.0,54.0
Setbp1,4.0,4.0,8.0,40.0,18.0,29.0,10.0,28.0,17.0,0.0,34.0,51.0,19.0,17.0,21.0,21.0,15.0
Setd1a,49.0,51.0,88.0,316.0,116.0,148.0,83.0,165.0,98.0,9.0,74.0,279.0,151.0,177.0,131.0,219.0,234.0
Setd1b,36.0,68.0,60.0,291.0,112.0,144.0,117.0,181.0,152.0,10.0,94.0,279.0,119.0,112.0,146.0,191.0,162.0
Setd5,82.0,105.0,117.0,376.0,222.0,234.0,158.0,208.0,240.0,19.0,179.0,384.0,220.0,215.0,265.0,315.0,338.0
Setd6,47.0,41.0,49.0,168.0,74.0,94.0,73.0,78.0,86.0,6.0,60.0,157.0,127.0,94.0,66.0,102.0,110.0
Setdb1,23.0,25.0,26.0,113.0,62.0,75.0,46.0,66.0,62.0,8.0,57.0,136.0,71.0,68.0,76.0,92.0,97.0
Setx,17.0,28.0,22.0,98.0,47.0,52.0,40.0,56.0,58.0,10.0,50.0,94.0,53.0,36.0,72.0,76.0,76.0
Sez6,0.0,1.0,4.0,0.0,1.0,1.0,2.0,0.0,0.0,1.0,0.0,1.0,0.0,0.0,1.0,2.0,0.0
Sez6l2,4.0,1.0,4.0,9.0,1.0,5.0,5.0,4.0,0.0,1.0,5.0,14.0,1.0,1.0,9.0,12.0,11.0
Sf1,130.0,146.0,162.0,701.0,357.0,362.0,281.0,426.0,369.0,27.0,290.0,634.0,365.0,381.0,356.0,549.0,452.0
Sf3a1,44.0,78.0,62.0,290.0,170.0,169.0,135.0,174.0,133.0,12.0,125.0,312.0,186.0,130.0,204.0,209.0,204.0
Sf3b6,25.0,39.0,40.0,181.0,97.0,93.0,86.0,95.0,95.0,8.0,82.0,190.0,91.0,87.0,132.0,105.0,101.0
Sfpq,494.0,504.0,483.0,2018.0,1004.0,1164.0,672.0,904.0,895.0,52.0,915.0,1931.0,1285.0,1056.0,1117.0,1520.0,1394.0
Sfrp1,4.0,17.0,12.0,98.0,23.0,55.0,21.0,80.0,26.0,1.0,34.0,155.0,44.0,64.0,25.0,34.0,33.0
Sfrp2,2.0,1.0,5.0,39.0,14.0,3.0,5.0,4.0,3.0,2.0,33.0,33.0,0.0,1.0,34.0,113.0,40.0
Sfrp4,10.0,0.0,6.0,28.0,82.0,12.0,23.0,26.0,14.0,1.0,141.0,200.0,4.0,39.0,186.0,232.0,134.0
Sfxn1,26.0,22.0,19.0,111.0,85.0,48.0,44.0,52.0,51.0,4.0,53.0,119.0,73.0,57.0,68.0,86.0,93.0
Sfxn3,5.0,8.0,19.0,42.0,14.0,28.0,10.0,26.0,20.0,1.0,7.0,50.0,12.0,19.0,23.0,53.0,49.0
Sgca,53.0,6.0,25.0,34.0,47.0,9.0,12.0,85.0,20.0,0.0,48.0,349.0,19.0,181.0,66.0,97.0,196.0
Sgcd,56.0,17.0,31.0,68.0,96.0,34.0,38.0,75.0,29.0,4.0,54.0,155.0,49.0,103.0,91.0,101.0,109.0
Sgms2,12.0,25.0,81.0,46.0,13.0,23.0,63.0,85.0,26.0,15.0,23.0,39.0,39.0,22.0,38.0,82.0,32.0
Sgo1,10.0,12.0,12.0,40.0,33.0,30.0,20.0,9.0,9.0,2.0,17.0,37.0,26.0,14.0,20.0,29.0,26.0
Sgo2a,14.0,13.0,6.0,51.0,41.0,28.0,23.0,23.0,14.0,0.0,20.0,53.0,38.0,18.0,37.0,46.0,48.0
Sgpl1,54.0,57.0,63.0,205.0,174.0,163.0,89.0,113.0,108.0,15.0,97.0,272.0,104.0,57.0,308.0,228.0,172.0
Sgsh,10.0,8.0,9.0,51.0,25.0,26.0,14.0,15.0,12.0,5.0,27.0,64.0,19.0,21.0,48.0,44.0,29.0
Sgta,72.0,79.0,85.0,297.0,167.0,141.0,118.0,127.0,143.0,15.0,106.0,315.0,201.0,144.0,205.0,190.0,199.0
Sh2d1a,1.0,4.0,10.0,6.0,10.0,6.0,6.0,3.0,4.0,0.0,9.0,22.0,9.0,3.0,13.0,5.0,9.0
Sh3bp1,28.0,25.0,53.0,391.0,125.0,145.0,86.0,181.0,152.0,6.0,62.0,324.0,136.0,194.0,172.0,231.0,233.0
Sh3bp2,71.0,73.0,135.0,295.0,129.0,103.0,141.0,199.0,138.0,21.0,67.0,288.0,128.0,126.0,230.0,288.0,235.0
Sh3bp5,10.0,10.0,15.0,75.0,37.0,26.0,25.0,47.0,18.0,5.0,28.0,99.0,15.0,37.0,43.0,87.0,49.0
Sh3gl1,84.0,56.0,93.0,349.0,268.0,179.0,133.0,167.0,133.0,11.0,162.0,462.0,203.0,187.0,360.0,382.0,310.0
Sh3gl2,2.0,3.0,5.0,4.0,2.0,3.0,6.0,2.0,4.0,0.0,3.0,5.0,1.0,1.0,2.0,7.0,3.0
Sh3gl3,2.0,3.0,6.0,2.0,8.0,3.0,8.0,6.0,4.0,0.0,8.0,4.0,6.0,0.0,4.0,1.0,3.0
Sh3rf2,7.0,14.0,6.0,72.0,34.0,96.0,27.0,17.0,66.0,0.0,34.0,67.0,23.0,29.0,43.0,44.0,43.0
Sh3tc2,0.0,5.0,6.0,16.0,2.0,4.0,7.0,4.0,6.0,1.0,2.0,15.0,10.0,5.0,3.0,12.0,6.0
Shank3,8.0,5.0,14.0,41.0,24.0,10.0,13.0,26.0,18.0,1.0,20.0,82.0,20.0,15.0,37.0,42.0,37.0
Sharpin,6.0,13.0,22.0,76.0,30.0,16.0,28.0,50.0,44.0,2.0,21.0,78.0,35.0,36.0,51.0,52.0,50.0
Shc1,46.0,56.0,56.0,228.0,98.0,90.0,97.0,124.0,94.0,9.0,80.0,253.0,127.0,180.0,152.0,206.0,163.0
Shcbp1l,0.0,1.0,2.0,7.0,5.0,3.0,4.0,4.0,2.0,0.0,2.0,1.0,1.0,2.0,3.0,10.0,5.0
She,15.0,8.0,18.0,67.0,63.0,20.0,24.0,44.0,33.0,1.0,54.0,210.0,27.0,41.0,85.0,61.0,55.0
Shh,2.0,2.0,4.0,59.0,5.0,97.0,7.0,29.0,0.0,0.0,63.0,4.0,1.0,4.0,6.0,2.0,1.0
Shisa3,1.0,2.0,3.0,1.0,1.0,0.0,4.0,0.0,1.0,0.0,1.0,7.0,3.0,1.0,3.0,2.0,0.0
Shld1,2.0,0.0,6.0,4.0,4.0,1.0,2.0,2.0,5.0,0.0,2.0,3.0,2.0,1.0,3.0,10.0,3.0
Shmt1,48.0,87.0,46.0,352.0,132.0,211.0,95.0,200.0,95.0,0.0,122.0,330.0,269.0,173.0,100.0,186.0,166.0
Shoc2,28.0,16.0,29.0,125.0,45.0,62.0,46.0,63.0,46.0,2.0,31.0,108.0,70.0,67.0,44.0,92.0,84.0
Shox2,6.0,8.0,6.0,19.0,11.0,9.0,20.0,9.0,9.0,0.0,16.0,39.0,8.0,12.0,19.0,20.0,14.0
Shroom3,39.0,24.0,34.0,168.0,141.0,83.0,52.0,94.0,104.0,4.0,71.0,214.0,115.0,91.0,106.0,106.0,89.0
Shtn1,29.0,33.0,27.0,197.0,83.0,121.0,62.0,82.0,108.0,6.0,55.0,181.0,94.0,92.0,117.0,119.0,113.0
Siah2,13.0,6.0,17.0,40.0,21.0,21.0,22.0,33.0,14.0,2.0,11.0,43.0,26.0,27.0,32.0,33.0,40.0
Sidt1,2.0,1.0,4.0,1.0,2.0,2.0,1.0,2.0,5.0,0.0,2.0,5.0,4.0,1.0,7.0,0.0,2.0
Sidt2,55.0,60.0,51.0,186.0,163.0,130.0,74.0,110.0,100.0,7.0,95.0,263.0,153.0,132.0,180.0,185.0,136.0
Siglec1,5.0,5.0,39.0,41.0,51.0,14.0,69.0,85.0,55.0,19.0,51.0,95.0,20.0,40.0,74.0,66.0,29.0
Sigmar1,80.0,68.0,54.0,276.0,151.0,110.0,98.0,120.0,113.0,7.0,83.0,275.0,184.0,178.0,191.0,246.0,202.0
Sim1,1.0,0.0,12.0,0.0,2.0,2.0,10.0,6.0,0.0,1.0,3.0,2.0,2.0,0.0,2.0,3.0,1.0
Sin3a,28.0,31.0,20.0,185.0,54.0,101.0,62.0,119.0,70.0,6.0,61.0,157.0,81.0,67.0,96.0,118.0,127.0
Sin3b,48.0,42.0,59.0,193.0,95.0,107.0,76.0,109.0,104.0,10.0,92.0,216.0,120.0,129.0,135.0,195.0,134.0
Sinhcaf,4.0,5.0,17.0,13.0,1.0,10.0,12.0,9.0,8.0,0.0,4.0,8.0,6.0,6.0,3.0,5.0,4.0
Sirpa,70.0,33.0,121.0,411.0,189.0,113.0,189.0,182.0,198.0,30.0,170.0,372.0,135.0,193.0,486.0,387.0,319.0
Sirt1,19.0,34.0,38.0,122.0,57.0,78.0,52.0,56.0,53.0,3.0,50.0,142.0,53.0,57.0,77.0,83.0,78.0
Sirt2,39.0,22.0,31.0,75.0,38.0,53.0,48.0,45.0,51.0,9.0,51.0,120.0,42.0,54.0,81.0,75.0,69.0
Sirt3,6.0,0.0,10.0,16.0,5.0,8.0,14.0,17.0,13.0,1.0,8.0,32.0,4.0,17.0,14.0,20.0,19.0
Sirt4,4.0,3.0,8.0,20.0,11.0,20.0,7.0,13.0,7.0,1.0,8.0,21.0,12.0,15.0,13.0,20.0,19.0
Sirt5,12.0,14.0,13.0,47.0,28.0,31.0,15.0,23.0,19.0,0.0,20.0,48.0,31.0,13.0,47.0,48.0,32.0
Sirt6,14.0,11.0,13.0,61.0,27.0,20.0,19.0,28.0,24.0,2.0,15.0,44.0,28.0,24.0,30.0,37.0,36.0
Sirt7,25.0,27.0,44.0,172.0,77.0,78.0,67.0,99.0,91.0,6.0,57.0,174.0,85.0,72.0,140.0,108.0,94.0
Six1,3.0,0.0,2.0,3.0,4.0,1.0,4.0,8.0,3.0,0.0,3.0,22.0,3.0,16.0,4.0,13.0,11.0
Six2,4.0,3.0,4.0,1.0,4.0,0.0,8.0,3.0,4.0,0.0,7.0,10.0,4.0,7.0,12.0,4.0,1.0
Six3,1.0,2.0,6.0,0.0,1.0,0.0,5.0,2.0,1.0,0.0,2.0,1.0,1.0,0.0,1.0,4.0,2.0
Six6,2.0,0.0,4.0,0.0,0.0,0.0,4.0,2.0,0.0,0.0,0.0,1.0,0.0,0.0,1.0,2.0,2.0
Ska1,6.0,7.0,4.0,31.0,12.0,13.0,6.0,13.0,11.0,0.0,17.0,28.0,13.0,13.0,18.0,23.0,27.0
Ska2,10.0,15.0,13.0,61.0,32.0,54.0,26.0,30.0,32.0,3.0,34.0,82.0,42.0,34.0,27.0,46.0,36.0
Skp1a,21.0,43.0,47.0,121.0,39.0,77.0,48.0,55.0,76.0,3.0,49.0,142.0,97.0,133.0,61.0,102.0,80.0
Skp2,3.0,1.0,2.0,26.0,7.0,5.0,7.0,4.0,3.0,0.0,6.0,14.0,3.0,9.0,4.0,16.0,16.0
Slamf6,5.0,3.0,14.0,5.0,5.0,1.0,14.0,5.0,3.0,1.0,6.0,7.0,3.0,3.0,11.0,4.0,6.0
Slamf9,0.0,0.0,1.0,21.0,8.0,1.0,2.0,6.0,8.0,2.0,3.0,14.0,5.0,0.0,24.0,6.0,7.0
Slc11a1,23.0,10.0,105.0,60.0,48.0,26.0,82.0,149.0,54.0,24.0,35.0,77.0,35.0,31.0,138.0,121.0,79.0
Slc11a2,10.0,15.0,15.0,69.0,27.0,34.0,27.0,38.0,37.0,2.0,21.0,67.0,36.0,41.0,54.0,68.0,59.0
Slc12a2,28.0,26.0,26.0,98.0,81.0,91.0,44.0,38.0,70.0,2.0,42.0,198.0,46.0,60.0,95.0,129.0,112.0
Slc12a5,0.0,2.0,3.0,2.0,2.0,0.0,0.0,1.0,2.0,0.0,0.0,1.0,3.0,1.0,1.0,2.0,2.0
Slc12a7,33.0,27.0,28.0,92.0,106.0,58.0,43.0,60.0,62.0,3.0,77.0,171.0,61.0,80.0,130.0,111.0,76.0
Slc14a1,2.0,1.0,5.0,1.0,3.0,1.0,7.0,4.0,4.0,0.0,6.0,4.0,2.0,1.0,4.0,4.0,3.0
Slc15a1,39.0,38.0,19.0,68.0,84.0,66.0,36.0,18.0,85.0,1.0,23.0,142.0,94.0,34.0,165.0,77.0,83.0
Slc16a1,230.0,277.0,210.0,627.0,378.0,273.0,300.0,333.0,255.0,30.0,154.0,846.0,509.0,442.0,540.0,644.0,722.0
Slc16a2,5.0,5.0,8.0,44.0,11.0,9.0,18.0,27.0,10.0,0.0,12.0,67.0,22.0,48.0,17.0,45.0,53.0
Slc16a3,848.0,247.0,1377.0,2225.0,1015.0,66.0,1690.0,1161.0,372.0,360.0,259.0,1864.0,759.0,297.0,866.0,2567.0,1763.0
Slc16a8,2.0,0.0,3.0,0.0,1.0,0.0,2.0,1.0,0.0,0.0,0.0,3.0,0.0,1.0,0.0,1.0,0.0
Slc17a2,1.0,1.0,6.0,0.0,0.0,0.0,6.0,2.0,1.0,0.0,0.0,1.0,0.0,0.0,0.0,0.0,0.0
Slc17a6,1.0,1.0,8.0,0.0,0.0,0.0,7.0,4.0,0.0,0.0,0.0,1.0,0.0,0.0,2.0,4.0,1.0
Slc17a7,1.0,2.0,9.0,3.0,1.0,3.0,9.0,0.0,2.0,1.0,3.0,3.0,3.0,1.0,2.0,5.0,1.0
Slc17a8,1.0,0.0,2.0,3.0,0.0,1.0,2.0,1.0,0.0,0.0,1.0,4.0,1.0,0.0,0.0,0.0,1.0
Slc18a2,0.0,0.0,7.0,1.0,7.0,1.0,9.0,2.0,1.0,0.0,5.0,7.0,1.0,3.0,4.0,3.0,0.0
Slc18a3,0.0,0.0,4.0,0.0,0.0,0.0,2.0,1.0,1.0,0.0,0.0,1.0,1.0,0.0,0.0,0.0,0.0
Slc19a1,9.0,14.0,22.0,35.0,11.0,20.0,12.0,19.0,8.0,0.0,7.0,42.0,30.0,18.0,18.0,27.0,14.0
Slc19a2,31.0,19.0,20.0,58.0,35.0,29.0,32.0,22.0,50.0,2.0,6.0,64.0,40.0,30.0,60.0,38.0,38.0
Slc19a3,0.0,0.0,9.0,2.0,2.0,0.0,10.0,2.0,2.0,1.0,1.0,1.0,1.0,1.0,0.0,0.0,2.0
Slc1a1,4.0,5.0,7.0,9.0,5.0,13.0,4.0,4.0,15.0,0.0,2.0,18.0,10.0,4.0,12.0,9.0,8.0
Slc1a3,49.0,68.0,42.0,101.0,260.0,216.0,95.0,63.0,143.0,0.0,206.0,150.0,190.0,111.0,228.0,161.0,127.0
Slc20a2,26.0,23.0,27.0,100.0,51.0,48.0,36.0,64.0,23.0,3.0,42.0,169.0,45.0,90.0,43.0,71.0,94.0
Slc22a18,33.0,28.0,25.0,85.0,100.0,83.0,25.0,31.0,49.0,2.0,73.0,120.0,83.0,44.0,121.0,106.0,110.0
Slc22a2,1.0,0.0,6.0,0.0,0.0,0.0,4.0,2.0,2.0,0.0,0.0,2.0,0.0,0.0,0.0,2.0,0.0
Slc22a5,0.0,1.0,6.0,4.0,2.0,5.0,9.0,6.0,8.0,0.0,1.0,11.0,5.0,7.0,3.0,14.0,8.0
Slc22a6,0.0,0.0,2.0,1.0,1.0,0.0,8.0,0.0,1.0,0.0,0.0,1.0,0.0,0.0,2.0,0.0,0.0
Slc22a8,8.0,4.0,3.0,7.0,10.0,4.0,4.0,0.0,4.0,2.0,6.0,8.0,4.0,3.0,8.0,1.0,9.0
Slc24a3,7.0,10.0,12.0,26.0,28.0,53.0,19.0,5.0,82.0,1.0,12.0,25.0,13.0,16.0,29.0,35.0,37.0
Slc24a4,0.0,0.0,4.0,13.0,0.0,13.0,3.0,0.0,2.0,0.0,19.0,4.0,0.0,1.0,1.0,2.0,0.0
Slc25a17,20.0,30.0,33.0,171.0,111.0,70.0,42.0,55.0,65.0,2.0,42.0,164.0,89.0,101.0,107.0,156.0,116.0
Slc25a20,84.0,84.0,75.0,277.0,199.0,192.0,116.0,134.0,174.0,14.0,112.0,361.0,165.0,164.0,265.0,341.0,238.0
Slc25a22,49.0,35.0,72.0,134.0,70.0,61.0,81.0,111.0,110.0,13.0,46.0,181.0,105.0,104.0,104.0,123.0,75.0
Slc25a28,52.0,43.0,54.0,193.0,103.0,91.0,98.0,137.0,87.0,7.0,50.0,196.0,113.0,105.0,110.0,159.0,113.0
Slc25a31,0.0,0.0,3.0,0.0,1.0,0.0,1.0,1.0,1.0,0.0,0.0,1.0,2.0,0.0,0.0,3.0,0.0
Slc25a51,5.0,11.0,13.0,31.0,19.0,18.0,17.0,27.0,14.0,0.0,12.0,39.0,17.0,20.0,19.0,19.0,28.0
Slc26a3,1.0,0.0,1.0,0.0,0.0,1.0,3.0,1.0,0.0,0.0,2.0,1.0,1.0,0.0,1.0,0.0,1.0
Slc26a4,1.0,0.0,3.0,1.0,2.0,2.0,1.0,1.0,7.0,0.0,1.0,14.0,7.0,1.0,1.0,0.0,0.0
Slc26a5,4.0,2.0,7.0,4.0,4.0,2.0,12.0,3.0,3.0,1.0,4.0,3.0,3.0,0.0,3.0,4.0,2.0
Slc2a1,128.0,97.0,94.0,388.0,311.0,122.0,175.0,169.0,83.0,42.0,81.0,524.0,227.0,124.0,254.0,306.0,250.0
Slc2a2,0.0,0.0,4.0,0.0,0.0,0.0,1.0,1.0,0.0,0.0,0.0,2.0,1.0,0.0,1.0,0.0,0.0
Slc2a3,35.0,8.0,114.0,83.0,30.0,23.0,76.0,190.0,25.0,10.0,29.0,42.0,49.0,26.0,38.0,214.0,122.0
Slc2a4,371.0,422.0,274.0,510.0,1162.0,822.0,618.0,391.0,688.0,31.0,1025.0,1311.0,906.0,393.0,1366.0,603.0,553.0
Slc2a5,30.0,20.0,25.0,85.0,87.0,40.0,52.0,25.0,51.0,8.0,11.0,88.0,56.0,40.0,59.0,82.0,50.0
Slc30a10,2.0,2.0,4.0,0.0,1.0,5.0,7.0,1.0,1.0,0.0,3.0,4.0,5.0,0.0,0.0,1.0,7.0
Slc30a3,1.0,0.0,3.0,1.0,0.0,1.0,4.0,1.0,0.0,0.0,0.0,0.0,0.0,0.0,1.0,0.0,0.0
Slc30a8,0.0,0.0,6.0,0.0,0.0,1.0,3.0,0.0,1.0,0.0,0.0,0.0,1.0,1.0,2.0,0.0,1.0
Slc31a1,7.0,9.0,19.0,55.0,18.0,28.0,27.0,46.0,23.0,3.0,27.0,59.0,20.0,21.0,36.0,46.0,32.0
Slc32a1,1.0,0.0,4.0,7.0,0.0,0.0,6.0,1.0,0.0,0.0,0.0,1.0,5.0,0.0,1.0,0.0,0.0
Slc39a5,0.0,1.0,6.0,0.0,1.0,0.0,6.0,3.0,0.0,0.0,0.0,0.0,1.0,0.0,1.0,0.0,0.0
Slc39a8,1.0,1.0,11.0,10.0,0.0,16.0,8.0,22.0,5.0,0.0,11.0,4.0,1.0,2.0,0.0,3.0,1.0
Slc3a1,1.0,3.0,5.0,5.0,1.0,2.0,6.0,5.0,1.0,0.0,0.0,4.0,0.0,0.0,1.0,3.0,2.0
Slc40a1,4.0,3.0,11.0,65.0,31.0,50.0,30.0,39.0,25.0,4.0,62.0,51.0,22.0,18.0,62.0,33.0,31.0
Slc44a5,0.0,0.0,4.0,0.0,0.0,0.0,6.0,1.0,2.0,1.0,0.0,1.0,0.0,0.0,1.0,4.0,2.0
Slc45a1,1.0,4.0,7.0,3.0,2.0,3.0,7.0,2.0,0.0,0.0,3.0,1.0,2.0,0.0,1.0,0.0,2.0
Slc45a2,0.0,1.0,3.0,4.0,1.0,4.0,1.0,2.0,2.0,0.0,0.0,1.0,0.0,0.0,0.0,1.0,0.0
Slc47a1,4.0,2.0,5.0,3.0,7.0,1.0,8.0,3.0,6.0,0.0,6.0,19.0,5.0,4.0,2.0,3.0,9.0
Slc4a1,1.0,0.0,6.0,18.0,0.0,2.0,11.0,1.0,0.0,0.0,8.0,0.0,1.0,0.0,2.0,0.0,8.0
Slc4a10,0.0,1.0,5.0,1.0,1.0,0.0,6.0,1.0,0.0,0.0,1.0,0.0,0.0,0.0,0.0,3.0,1.0
Slc4a7,27.0,23.0,27.0,147.0,68.0,48.0,48.0,66.0,26.0,6.0,27.0,110.0,82.0,51.0,86.0,84.0,93.0
Slc4a9,4.0,4.0,1.0,3.0,6.0,3.0,4.0,2.0,1.0,1.0,2.0,1.0,5.0,1.0,6.0,0.0,1.0
Slc52a3,7.0,6.0,9.0,10.0,17.0,8.0,15.0,10.0,14.0,0.0,6.0,22.0,12.0,7.0,19.0,14.0,13.0
Slc5a12,0.0,0.0,4.0,0.0,1.0,2.0,3.0,1.0,0.0,0.0,1.0,2.0,2.0,0.0,4.0,2.0,1.0
Slc5a2,4.0,12.0,8.0,6.0,18.0,8.0,10.0,4.0,6.0,0.0,17.0,18.0,18.0,4.0,11.0,5.0,7.0
Slc5a7,0.0,0.0,3.0,1.0,1.0,4.0,4.0,1.0,0.0,1.0,0.0,4.0,1.0,0.0,0.0,6.0,0.0
Slc6a11,0.0,0.0,3.0,2.0,1.0,2.0,2.0,0.0,0.0,0.0,1.0,0.0,0.0,2.0,0.0,1.0,0.0
Slc6a14,135.0,53.0,34.0,72.0,136.0,131.0,104.0,42.0,135.0,5.0,24.0,309.0,232.0,44.0,254.0,85.0,118.0
Slc6a19,2.0,5.0,5.0,13.0,0.0,8.0,6.0,3.0,9.0,0.0,3.0,7.0,8.0,3.0,12.0,4.0,10.0
Slc6a3,0.0,1.0,4.0,1.0,3.0,3.0,1.0,2.0,2.0,0.0,3.0,3.0,2.0,0.0,3.0,1.0,0.0
Slc6a4,2.0,1.0,2.0,2.0,6.0,8.0,3.0,3.0,12.0,0.0,6.0,9.0,2.0,1.0,6.0,5.0,5.0
Slc6a5,0.0,0.0,7.0,0.0,1.0,3.0,6.0,0.0,1.0,1.0,4.0,2.0,1.0,0.0,3.0,1.0,1.0
Slc6a8,35.0,33.0,42.0,313.0,85.0,136.0,64.0,191.0,155.0,13.0,39.0,257.0,120.0,147.0,146.0,179.0,195.0
Slc6a9,1.0,6.0,5.0,25.0,9.0,29.0,14.0,25.0,29.0,5.0,7.0,37.0,12.0,11.0,19.0,15.0,16.0
Slc7a10,0.0,0.0,16.0,11.0,63.0,45.0,7.0,1.0,9.0,0.0,15.0,32.0,2.0,10.0,47.0,17.0,10.0
Slc8a1,63.0,35.0,68.0,183.0,169.0,90.0,82.0,88.0,156.0,12.0,198.0,291.0,105.0,100.0,307.0,222.0,145.0
Slc8a3,5.0,3.0,9.0,4.0,8.0,3.0,2.0,8.0,9.0,0.0,4.0,35.0,5.0,13.0,7.0,14.0,11.0
Slc8b1,17.0,20.0,38.0,120.0,70.0,65.0,49.0,74.0,79.0,11.0,42.0,148.0,37.0,50.0,106.0,107.0,90.0
Slc9a1,50.0,67.0,39.0,181.0,141.0,140.0,109.0,85.0,119.0,1.0,56.0,263.0,145.0,148.0,165.0,195.0,150.0
Slc9a3,3.0,3.0,2.0,6.0,11.0,9.0,10.0,1.0,18.0,0.0,8.0,29.0,11.0,1.0,13.0,1.0,11.0
Slc9a3r1,18.0,13.0,26.0,94.0,51.0,39.0,54.0,60.0,34.0,1.0,17.0,85.0,59.0,28.0,64.0,48.0,58.0
Slc9a8,14.0,5.0,13.0,28.0,25.0,19.0,15.0,25.0,18.0,2.0,21.0,35.0,19.0,21.0,27.0,43.0,26.0
Slc9a9,33.0,40.0,37.0,234.0,284.0,163.0,56.0,93.0,182.0,4.0,239.0,342.0,60.0,124.0,405.0,298.0,206.0
Slco1a1,1.0,1.0,4.0,1.0,0.0,1.0,6.0,2.0,0.0,0.0,2.0,0.0,0.0,0.0,0.0,0.0,0.0
Slco3a1,29.0,31.0,15.0,111.0,50.0,167.0,45.0,75.0,150.0,0.0,51.0,102.0,35.0,70.0,73.0,109.0,102.0
Slco4c1,2.0,0.0,4.0,2.0,0.0,0.0,3.0,2.0,0.0,0.0,4.0,0.0,1.0,2.0,0.0,1.0,0.0
Slit1,6.0,3.0,3.0,36.0,6.0,12.0,9.0,10.0,3.0,0.0,8.0,17.0,9.0,6.0,24.0,20.0,12.0
Slit2,5.0,10.0,9.0,51.0,22.0,23.0,17.0,16.0,5.0,1.0,23.0,44.0,7.0,29.0,29.0,21.0,34.0
Slit3,38.0,65.0,28.0,287.0,197.0,139.0,102.0,121.0,111.0,2.0,297.0,482.0,96.0,129.0,254.0,312.0,279.0
Slitrk1,0.0,0.0,7.0,1.0,1.0,0.0,7.0,1.0,1.0,0.0,0.0,1.0,0.0,0.0,2.0,1.0,1.0
Slitrk3,0.0,0.0,1.0,0.0,0.0,0.0,2.0,2.0,1.0,1.0,0.0,1.0,0.0,1.0,0.0,4.0,0.0
Slk,341.0,274.0,366.0,947.0,722.0,472.0,573.0,533.0,570.0,58.0,338.0,1159.0,755.0,600.0,774.0,856.0,751.0
Slurp2,1.0,1.0,9.0,4.0,4.0,1.0,6.0,1.0,6.0,0.0,3.0,5.0,2.0,0.0,6.0,4.0,2.0
Smad1,34.0,65.0,49.0,236.0,115.0,175.0,105.0,135.0,112.0,3.0,90.0,266.0,103.0,107.0,166.0,184.0,139.0
Smad2,60.0,54.0,54.0,246.0,124.0,131.0,79.0,128.0,124.0,13.0,79.0,259.0,102.0,116.0,172.0,173.0,134.0
Smad3,64.0,30.0,68.0,120.0,93.0,66.0,85.0,122.0,62.0,3.0,100.0,187.0,107.0,146.0,122.0,134.0,131.0
Smad4,55.0,34.0,49.0,228.0,114.0,117.0,89.0,109.0,102.0,11.0,111.0,224.0,103.0,103.0,150.0,174.0,165.0
Smad5,8.0,12.0,9.0,54.0,21.0,42.0,23.0,35.0,31.0,2.0,23.0,45.0,23.0,19.0,21.0,32.0,28.0
Smad6,1.0,2.0,3.0,9.0,4.0,11.0,6.0,15.0,2.0,1.0,6.0,11.0,2.0,6.0,3.0,4.0,4.0
Smad7,13.0,11.0,29.0,97.0,28.0,28.0,18.0,72.0,25.0,9.0,34.0,100.0,47.0,47.0,47.0,82.0,82.0
Smad9,1.0,1.0,6.0,1.0,1.0,3.0,6.0,2.0,1.0,0.0,7.0,2.0,3.0,1.0,4.0,1.0,2.0
Smap1,48.0,59.0,59.0,286.0,139.0,127.0,99.0,140.0,90.0,13.0,78.0,357.0,115.0,92.0,183.0,170.0,167.0
Smap2,28.0,25.0,35.0,134.0,73.0,48.0,51.0,68.0,71.0,7.0,61.0,147.0,71.0,50.0,127.0,105.0,88.0
Smarca1,3.0,1.0,3.0,9.0,3.0,2.0,7.0,7.0,3.0,0.0,3.0,14.0,3.0,6.0,12.0,6.0,8.0
Smarca2,25.0,46.0,36.0,192.0,138.0,177.0,59.0,91.0,110.0,5.0,102.0,262.0,103.0,94.0,150.0,163.0,139.0
Smarca4,144.0,141.0,113.0,613.0,348.0,349.0,212.0,262.0,272.0,14.0,301.0,557.0,350.0,270.0,355.0,401.0,400.0
Smarca5,25.0,30.0,26.0,115.0,50.0,62.0,64.0,91.0,53.0,2.0,44.0,144.0,55.0,66.0,62.0,68.0,64.0
Smarcb1,39.0,33.0,37.0,165.0,82.0,103.0,63.0,93.0,82.0,6.0,71.0,168.0,95.0,99.0,127.0,131.0,149.0
Smarcc1,42.0,54.0,48.0,261.0,131.0,166.0,90.0,128.0,101.0,10.0,116.0,262.0,131.0,106.0,142.0,198.0,161.0
Smarcc2,73.0,80.0,80.0,371.0,227.0,243.0,140.0,177.0,168.0,19.0,176.0,385.0,189.0,136.0,262.0,282.0,262.0
Smarcd1,17.0,16.0,20.0,109.0,45.0,58.0,40.0,70.0,39.0,4.0,52.0,129.0,44.0,59.0,61.0,78.0,88.0
Smarcd2,60.0,101.0,74.0,387.0,197.0,308.0,157.0,208.0,186.0,9.0,239.0,396.0,221.0,173.0,271.0,236.0,230.0
Smarcd3,7.0,3.0,16.0,34.0,25.0,12.0,8.0,37.0,22.0,1.0,24.0,141.0,9.0,75.0,34.0,40.0,63.0
Smarce1,10.0,8.0,15.0,50.0,17.0,27.0,20.0,31.0,25.0,4.0,21.0,36.0,13.0,17.0,14.0,29.0,20.0
Smc1a,192.0,234.0,194.0,798.0,406.0,461.0,364.0,414.0,363.0,20.0,362.0,865.0,611.0,512.0,516.0,597.0,592.0
Smc3,60.0,65.0,48.0,344.0,139.0,209.0,117.0,150.0,135.0,3.0,155.0,323.0,171.0,158.0,210.0,201.0,200.0
Smc5,14.0,23.0,16.0,111.0,38.0,56.0,22.0,51.0,27.0,2.0,41.0,98.0,46.0,50.0,74.0,91.0,67.0
Smdt1,48.0,37.0,34.0,212.0,101.0,91.0,61.0,87.0,86.0,9.0,58.0,227.0,104.0,81.0,138.0,139.0,136.0
Smg9,26.0,15.0,37.0,158.0,42.0,46.0,44.0,99.0,69.0,8.0,44.0,174.0,71.0,70.0,92.0,125.0,97.0
Smgc,1.0,0.0,3.0,0.0,4.0,0.0,5.0,1.0,0.0,1.0,1.0,0.0,1.0,0.0,0.0,0.0,2.0
Smim7,39.0,41.0,35.0,106.0,73.0,70.0,44.0,66.0,71.0,3.0,53.0,146.0,87.0,84.0,83.0,124.0,99.0
Smn1,18.0,20.0,28.0,124.0,32.0,30.0,33.0,77.0,44.0,6.0,25.0,136.0,67.0,72.0,51.0,80.0,79.0
Smo,11.0,7.0,12.0,84.0,18.0,33.0,27.0,30.0,22.0,2.0,20.0,65.0,18.0,28.0,18.0,42.0,26.0
Smoc1,3.0,13.0,12.0,30.0,60.0,53.0,19.0,26.0,24.0,0.0,32.0,42.0,36.0,25.0,40.0,25.0,14.0
Smoc2,18.0,68.0,31.0,185.0,96.0,118.0,83.0,160.0,121.0,0.0,86.0,379.0,67.0,179.0,102.0,141.0,121.0
Smpd1,6.0,3.0,7.0,18.0,13.0,15.0,15.0,9.0,22.0,3.0,0.0,45.0,16.0,20.0,26.0,17.0,14.0
Smpd3,7.0,6.0,8.0,32.0,36.0,23.0,16.0,10.0,23.0,0.0,5.0,64.0,32.0,10.0,96.0,29.0,17.0
Smpd4,2.0,2.0,7.0,11.0,3.0,2.0,5.0,7.0,5.0,0.0,1.0,7.0,6.0,3.0,8.0,17.0,6.0
Smtn,120.0,132.0,119.0,688.0,346.0,347.0,218.0,340.0,185.0,28.0,337.0,701.0,334.0,232.0,450.0,436.0,424.0
Smurf1,87.0,37.0,64.0,180.0,173.0,75.0,115.0,98.0,86.0,20.0,71.0,253.0,148.0,109.0,129.0,193.0,143.0
Smurf2,26.0,24.0,25.0,80.0,49.0,60.0,47.0,48.0,53.0,10.0,45.0,103.0,49.0,40.0,60.0,66.0,55.0
Smyd2,19.0,15.0,18.0,151.0,59.0,55.0,28.0,88.0,42.0,3.0,65.0,206.0,60.0,90.0,90.0,131.0,90.0
Smyd3,11.0,11.0,18.0,57.0,40.0,34.0,34.0,23.0,31.0,0.0,35.0,81.0,42.0,32.0,50.0,33.0,46.0
Snai1,16.0,14.0,30.0,134.0,25.0,20.0,34.0,70.0,15.0,5.0,33.0,107.0,42.0,55.0,79.0,173.0,158.0
Snai2,4.0,11.0,20.0,97.0,32.0,29.0,20.0,29.0,21.0,1.0,26.0,77.0,42.0,25.0,36.0,44.0,38.0
Snai3,8.0,2.0,4.0,9.0,12.0,1.0,8.0,5.0,5.0,2.0,7.0,19.0,6.0,1.0,9.0,2.0,9.0
Snap25,2.0,1.0,0.0,1.0,1.0,3.0,2.0,2.0,3.0,0.0,1.0,1.0,3.0,1.0,0.0,0.0,2.0
Snap29,6.0,17.0,12.0,67.0,50.0,29.0,28.0,45.0,41.0,5.0,28.0,76.0,29.0,27.0,58.0,48.0,48.0
Snap91,0.0,2.0,1.0,2.0,0.0,1.0,3.0,0.0,1.0,0.0,0.0,1.0,0.0,0.0,1.0,2.0,2.0
Snapin,4.0,0.0,12.0,8.0,2.0,6.0,7.0,16.0,3.0,0.0,4.0,16.0,1.0,14.0,8.0,16.0,8.0
Sncb,2.0,3.0,2.0,16.0,2.0,8.0,4.0,5.0,0.0,1.0,2.0,3.0,5.0,0.0,0.0,1.0,3.0
Sncg,9.0,24.0,37.0,90.0,273.0,136.0,35.0,38.0,106.0,7.0,91.0,289.0,52.0,44.0,159.0,100.0,94.0
Snf8,49.0,37.0,34.0,172.0,90.0,92.0,79.0,82.0,79.0,8.0,62.0,166.0,101.0,99.0,124.0,153.0,124.0
Snph,0.0,0.0,1.0,0.0,1.0,2.0,5.0,0.0,2.0,0.0,1.0,3.0,0.0,0.0,1.0,3.0,0.0
Snrk,8.0,12.0,12.0,45.0,37.0,30.0,20.0,18.0,19.0,1.0,13.0,61.0,20.0,17.0,27.0,31.0,41.0
Snrpa,49.0,36.0,40.0,203.0,58.0,104.0,85.0,119.0,72.0,4.0,53.0,192.0,119.0,121.0,91.0,159.0,136.0
Snrpd1,3.0,2.0,6.0,4.0,2.0,5.0,8.0,6.0,7.0,0.0,2.0,7.0,5.0,2.0,2.0,4.0,6.0
Snrpn,1.0,7.0,10.0,23.0,10.0,17.0,13.0,8.0,8.0,0.0,14.0,13.0,6.0,8.0,13.0,20.0,14.0
Snta1,16.0,3.0,6.0,48.0,25.0,10.0,12.0,31.0,13.0,0.0,16.0,125.0,17.0,46.0,31.0,47.0,44.0
Sntb1,30.0,22.0,13.0,159.0,61.0,109.0,45.0,91.0,85.0,3.0,61.0,126.0,61.0,71.0,105.0,49.0,81.0
Sntn,12.0,10.0,11.0,9.0,12.0,13.0,11.0,3.0,7.0,0.0,18.0,24.0,15.0,6.0,19.0,8.0,16.0
Snu13,11.0,1.0,26.0,14.0,4.0,5.0,28.0,15.0,13.0,1.0,3.0,24.0,13.0,11.0,7.0,9.0,16.0
Snx27,32.0,43.0,48.0,167.0,109.0,110.0,72.0,80.0,95.0,7.0,69.0,194.0,108.0,120.0,129.0,152.0,119.0
Snx30,14.0,10.0,22.0,84.0,45.0,51.0,43.0,53.0,47.0,8.0,64.0,83.0,33.0,39.0,56.0,50.0,55.0
Snx4,40.0,30.0,66.0,143.0,106.0,73.0,84.0,84.0,74.0,1.0,85.0,174.0,94.0,78.0,134.0,114.0,143.0
Snx5,265.0,228.0,233.0,891.0,807.0,440.0,403.0,387.0,512.0,41.0,546.0,1171.0,578.0,489.0,1026.0,982.0,727.0
Snx6,19.0,15.0,24.0,98.0,60.0,45.0,29.0,48.0,49.0,4.0,49.0,141.0,59.0,64.0,74.0,82.0,70.0
Socs1,0.0,4.0,9.0,11.0,9.0,4.0,12.0,13.0,6.0,1.0,9.0,16.0,8.0,5.0,10.0,14.0,7.0
Socs2,7.0,6.0,19.0,23.0,16.0,11.0,12.0,13.0,18.0,0.0,13.0,45.0,19.0,16.0,23.0,32.0,26.0
Socs3,344.0,254.0,524.0,413.0,327.0,140.0,655.0,561.0,263.0,66.0,162.0,793.0,675.0,523.0,427.0,820.0,562.0
Socs6,34.0,43.0,41.0,68.0,52.0,53.0,78.0,59.0,43.0,1.0,22.0,96.0,75.0,72.0,52.0,66.0,72.0
Sod1,33.0,29.0,30.0,152.0,81.0,67.0,40.0,92.0,64.0,9.0,57.0,207.0,54.0,122.0,112.0,149.0,132.0
Sod2,50.0,58.0,65.0,81.0,75.0,45.0,108.0,97.0,63.0,11.0,48.0,166.0,131.0,122.0,61.0,124.0,110.0
Sohlh2,0.0,0.0,3.0,0.0,0.0,0.0,5.0,1.0,2.0,0.0,1.0,1.0,0.0,1.0,1.0,2.0,0.0
Sorbs1,79.0,39.0,41.0,182.0,169.0,141.0,48.0,115.0,145.0,16.0,102.0,457.0,111.0,184.0,222.0,179.0,203.0
Sorcs3,5.0,2.0,5.0,3.0,0.0,1.0,7.0,0.0,1.0,0.0,3.0,5.0,3.0,2.0,4.0,2.0,3.0
Sorl1,43.0,30.0,94.0,168.0,88.0,76.0,88.0,130.0,90.0,10.0,106.0,170.0,112.0,60.0,113.0,96.0,95.0
Sort1,30.0,28.0,19.0,94.0,132.0,105.0,34.0,65.0,67.0,3.0,65.0,165.0,58.0,42.0,158.0,71.0,84.0
Sos1,18.0,17.0,17.0,81.0,37.0,39.0,35.0,58.0,40.0,0.0,32.0,88.0,33.0,43.0,55.0,62.0,43.0
Sost,1.0,0.0,3.0,2.0,0.0,3.0,2.0,1.0,2.0,0.0,0.0,1.0,1.0,0.0,1.0,4.0,0.0
Sostdc1,10.0,15.0,4.0,375.0,63.0,126.0,24.0,42.0,54.0,0.0,55.0,197.0,28.0,40.0,73.0,61.0,47.0
Sox1,0.0,1.0,7.0,0.0,1.0,0.0,2.0,0.0,0.0,0.0,0.0,0.0,0.0,0.0,0.0,1.0,0.0
Sox10,5.0,6.0,12.0,48.0,10.0,14.0,4.0,20.0,10.0,13.0,11.0,54.0,17.0,28.0,8.0,24.0,14.0
Sox11,19.0,30.0,45.0,50.0,28.0,23.0,51.0,30.0,10.0,0.0,12.0,52.0,64.0,34.0,53.0,38.0,67.0
Sox13,14.0,19.0,18.0,304.0,103.0,176.0,45.0,170.0,50.0,5.0,220.0,182.0,60.0,71.0,111.0,98.0,98.0
Sox14,0.0,1.0,5.0,0.0,1.0,1.0,8.0,1.0,0.0,0.0,2.0,0.0,3.0,0.0,3.0,2.0,2.0
Sox17,2.0,3.0,10.0,3.0,9.0,8.0,7.0,8.0,2.0,0.0,8.0,30.0,3.0,9.0,11.0,15.0,14.0
Sox18,12.0,0.0,15.0,94.0,38.0,61.0,15.0,50.0,6.0,1.0,37.0,141.0,18.0,31.0,53.0,69.0,73.0
Sox2,0.0,0.0,3.0,12.0,0.0,6.0,7.0,0.0,1.0,5.0,3.0,16.0,4.0,7.0,4.0,2.0,7.0
Sox21,7.0,9.0,6.0,97.0,7.0,94.0,11.0,47.0,34.0,0.0,60.0,19.0,13.0,34.0,12.0,17.0,18.0
Sox30,0.0,1.0,2.0,0.0,1.0,0.0,6.0,2.0,2.0,0.0,1.0,0.0,0.0,2.0,3.0,1.0,2.0
Sox4,14.0,7.0,9.0,430.0,35.0,159.0,15.0,165.0,37.0,14.0,97.0,119.0,38.0,50.0,44.0,99.0,101.0
Sox5,3.0,2.0,7.0,25.0,8.0,14.0,4.0,14.0,5.0,0.0,19.0,14.0,9.0,7.0,9.0,14.0,5.0
Sox6,9.0,3.0,3.0,27.0,25.0,52.0,8.0,21.0,36.0,3.0,6.0,105.0,9.0,42.0,25.0,30.0,41.0
Sox8,2.0,0.0,2.0,5.0,0.0,5.0,5.0,3.0,0.0,0.0,3.0,3.0,3.0,2.0,3.0,1.0,3.0
Sox9,38.0,96.0,87.0,398.0,130.0,148.0,78.0,179.0,76.0,1.0,160.0,257.0,205.0,206.0,86.0,102.0,73.0
Sp1,105.0,97.0,92.0,291.0,220.0,226.0,149.0,145.0,173.0,12.0,182.0,347.0,218.0,148.0,273.0,240.0,206.0
Sp3,111.0,117.0,147.0,381.0,303.0,292.0,321.0,207.0,249.0,53.0,285.0,476.0,261.0,217.0,362.0,329.0,339.0
Sp5,0.0,0.0,1.0,2.0,3.0,1.0,4.0,1.0,6.0,0.0,0.0,0.0,0.0,1.0,0.0,0.0,0.0
Sp7,0.0,1.0,5.0,4.0,0.0,3.0,2.0,3.0,1.0,0.0,3.0,1.0,1.0,0.0,0.0,1.0,0.0
Sp8,0.0,0.0,4.0,0.0,0.0,1.0,8.0,1.0,0.0,0.0,0.0,2.0,0.0,0.0,1.0,0.0,0.0
Sp9,3.0,0.0,8.0,0.0,3.0,2.0,6.0,3.0,1.0,0.0,3.0,1.0,2.0,0.0,2.0,1.0,0.0
Spaca6,4.0,3.0,7.0,14.0,2.0,6.0,4.0,3.0,3.0,0.0,0.0,11.0,2.0,9.0,3.0,9.0,4.0
Spaca9,1.0,2.0,1.0,3.0,5.0,0.0,5.0,2.0,1.0,0.0,4.0,3.0,2.0,1.0,2.0,6.0,2.0
Spag9,51.0,42.0,81.0,217.0,132.0,108.0,143.0,146.0,114.0,17.0,110.0,306.0,121.0,122.0,197.0,209.0,190.0
Spast,71.0,91.0,72.0,363.0,180.0,200.0,102.0,168.0,165.0,3.0,125.0,335.0,190.0,204.0,225.0,259.0,244.0
Spata25,0.0,0.0,3.0,2.0,3.0,1.0,9.0,1.0,2.0,0.0,2.0,3.0,1.0,0.0,1.0,7.0,2.0
Spdef,0.0,3.0,9.0,1.0,0.0,2.0,10.0,0.0,1.0,0.0,1.0,4.0,1.0,1.0,1.0,1.0,2.0
Spdl1,13.0,11.0,15.0,53.0,17.0,30.0,21.0,31.0,26.0,2.0,18.0,47.0,20.0,25.0,20.0,39.0,46.0
Spdye4a,1.0,5.0,3.0,2.0,0.0,2.0,9.0,3.0,1.0,0.0,3.0,3.0,2.0,0.0,3.0,1.0,5.0
Speg,26.0,14.0,19.0,30.0,40.0,30.0,24.0,40.0,15.0,1.0,28.0,145.0,28.0,81.0,47.0,52.0,63.0
Sphk1,18.0,27.0,25.0,62.0,32.0,53.0,32.0,40.0,55.0,2.0,18.0,49.0,44.0,42.0,58.0,50.0,63.0
Sphk2,18.0,23.0,18.0,72.0,40.0,51.0,27.0,34.0,55.0,3.0,32.0,76.0,41.0,57.0,60.0,58.0,56.0
Spi1,10.0,9.0,40.0,99.0,31.0,16.0,41.0,93.0,28.0,15.0,32.0,53.0,25.0,31.0,109.0,92.0,75.0
Spib,4.0,3.0,11.0,14.0,10.0,3.0,12.0,2.0,4.0,1.0,4.0,3.0,1.0,2.0,4.0,11.0,6.0
Spink1,0.0,2.0,3.0,1.0,2.0,0.0,3.0,2.0,0.0,1.0,0.0,1.0,1.0,1.0,4.0,7.0,2.0
Spink12,1.0,4.0,8.0,36.0,42.0,2.0,3.0,1.0,1.0,0.0,1.0,113.0,5.0,0.0,28.0,28.0,31.0
Spink8,0.0,0.0,3.0,0.0,3.0,2.0,5.0,3.0,2.0,0.0,1.0,2.0,1.0,0.0,0.0,1.0,1.0
Spn,2.0,5.0,7.0,17.0,4.0,4.0,8.0,7.0,2.0,0.0,2.0,12.0,5.0,3.0,8.0,9.0,6.0
Spo11,1.0,2.0,4.0,1.0,4.0,3.0,5.0,0.0,3.0,0.0,4.0,0.0,2.0,0.0,4.0,1.0,1.0
Spock3,8.0,8.0,12.0,11.0,10.0,5.0,20.0,3.0,2.0,0.0,11.0,10.0,16.0,5.0,11.0,11.0,7.0
Spon1,31.0,23.0,44.0,120.0,45.0,75.0,57.0,74.0,94.0,1.0,74.0,130.0,55.0,65.0,85.0,91.0,53.0
Spop,105.0,77.0,99.0,365.0,210.0,204.0,168.0,208.0,179.0,20.0,179.0,378.0,193.0,154.0,335.0,286.0,272.0
Spopl,22.0,21.0,18.0,130.0,51.0,64.0,32.0,65.0,39.0,8.0,38.0,111.0,51.0,55.0,73.0,94.0,88.0
Spred1,76.0,70.0,104.0,287.0,134.0,108.0,161.0,181.0,130.0,24.0,165.0,275.0,161.0,191.0,162.0,214.0,214.0
Sprr2d,8.0,1.0,11.0,9.0,18.0,2.0,6.0,2.0,0.0,0.0,1.0,32.0,10.0,2.0,66.0,11.0,9.0
Sprr2f,20.0,1.0,10.0,7.0,7.0,0.0,4.0,0.0,0.0,2.0,2.0,12.0,3.0,0.0,14.0,7.0,8.0
Spry1,14.0,28.0,19.0,99.0,36.0,50.0,28.0,54.0,52.0,2.0,48.0,140.0,46.0,62.0,60.0,49.0,61.0
Spry2,12.0,8.0,15.0,44.0,15.0,19.0,19.0,43.0,17.0,6.0,14.0,77.0,16.0,30.0,28.0,60.0,40.0
Spry4,6.0,10.0,6.0,24.0,10.0,12.0,17.0,20.0,5.0,1.0,9.0,29.0,18.0,22.0,18.0,24.0,30.0
Spsb1,5.0,0.0,21.0,34.0,10.0,5.0,21.0,29.0,9.0,5.0,18.0,66.0,15.0,13.0,16.0,74.0,61.0
Spsb2,16.0,13.0,23.0,101.0,41.0,39.0,21.0,62.0,53.0,6.0,30.0,114.0,25.0,54.0,89.0,75.0,80.0
Spta1,1.0,0.0,11.0,2.0,2.0,2.0,7.0,2.0,2.0,0.0,2.0,6.0,1.0,0.0,2.0,7.0,3.0
Sptan1,330.0,404.0,312.0,1389.0,1005.0,871.0,678.0,679.0,714.0,59.0,829.0,1816.0,879.0,689.0,1451.0,1124.0,1081.0
Sptb,21.0,1.0,10.0,9.0,20.0,13.0,7.0,21.0,9.0,0.0,21.0,72.0,14.0,33.0,22.0,26.0,31.0
Sptbn2,56.0,96.0,51.0,319.0,200.0,196.0,101.0,98.0,156.0,1.0,44.0,271.0,187.0,139.0,229.0,160.0,161.0
Sptlc2,191.0,185.0,215.0,690.0,600.0,300.0,401.0,381.0,347.0,46.0,319.0,939.0,515.0,343.0,655.0,708.0,550.0
Sqstm1,478.0,134.0,313.0,411.0,408.0,210.0,307.0,566.0,256.0,65.0,295.0,1116.0,252.0,538.0,597.0,739.0,744.0
Sra1,57.0,50.0,85.0,209.0,136.0,86.0,151.0,122.0,120.0,13.0,98.0,251.0,148.0,109.0,157.0,180.0,205.0
Src,6.0,11.0,16.0,32.0,22.0,10.0,16.0,14.0,10.0,1.0,13.0,28.0,35.0,18.0,24.0,13.0,19.0
Srd5a3,19.0,19.0,32.0,117.0,64.0,58.0,56.0,49.0,62.0,4.0,38.0,117.0,73.0,50.0,82.0,96.0,94.0
Srebf1,37.0,57.0,47.0,229.0,118.0,160.0,78.0,141.0,140.0,7.0,86.0,267.0,117.0,176.0,196.0,199.0,186.0
Srebf2,110.0,113.0,128.0,877.0,233.0,314.0,214.0,498.0,351.0,13.0,155.0,604.0,302.0,411.0,314.0,446.0,365.0
Srf,50.0,43.0,45.0,115.0,101.0,91.0,64.0,66.0,68.0,5.0,112.0,161.0,95.0,68.0,133.0,99.0,113.0
Srgap1,6.0,17.0,21.0,79.0,16.0,53.0,18.0,27.0,33.0,1.0,31.0,44.0,33.0,33.0,32.0,42.0,22.0
Srp72,43.0,70.0,53.0,314.0,167.0,164.0,87.0,122.0,117.0,12.0,81.0,217.0,168.0,135.0,213.0,376.0,209.0
Srpx2,5.0,5.0,7.0,96.0,21.0,12.0,7.0,31.0,5.0,2.0,49.0,121.0,11.0,35.0,62.0,117.0,158.0
Srr,2.0,4.0,5.0,7.0,2.0,0.0,4.0,8.0,4.0,0.0,0.0,8.0,1.0,1.0,4.0,6.0,2.0
Srrm1,148.0,187.0,162.0,548.0,429.0,369.0,292.0,294.0,304.0,31.0,291.0,624.0,391.0,332.0,509.0,498.0,497.0
Srrm4,10.0,6.0,4.0,19.0,16.0,13.0,18.0,8.0,13.0,1.0,9.0,25.0,10.0,8.0,24.0,17.0,11.0
Srsf1,27.0,41.0,42.0,227.0,71.0,115.0,67.0,119.0,96.0,6.0,67.0,216.0,116.0,115.0,96.0,153.0,151.0
Srsf2,119.0,129.0,148.0,681.0,227.0,329.0,179.0,402.0,337.0,23.0,150.0,673.0,338.0,436.0,266.0,578.0,509.0
Srsf4,165.0,135.0,128.0,782.0,311.0,414.0,220.0,409.0,261.0,18.0,235.0,772.0,346.0,343.0,409.0,589.0,519.0
Sry,4.0,1.0,2.0,2.0,1.0,9.0,13.0,3.0,4.0,0.0,7.0,11.0,4.0,0.0,6.0,4.0,5.0
Ss18l1,13.0,15.0,23.0,31.0,25.0,31.0,24.0,27.0,15.0,1.0,12.0,59.0,28.0,18.0,36.0,27.0,40.0
Ssbp2,11.0,10.0,11.0,44.0,33.0,36.0,19.0,19.0,31.0,0.0,29.0,35.0,15.0,21.0,24.0,26.0,16.0
Ssr2,10.0,13.0,15.0,94.0,29.0,41.0,24.0,47.0,27.0,7.0,27.0,90.0,39.0,57.0,58.0,79.0,70.0
Ssrp1,194.0,229.0,140.0,591.0,429.0,347.0,331.0,270.0,245.0,8.0,299.0,699.0,548.0,344.0,518.0,450.0,415.0
Sstr1,2.0,0.0,3.0,0.0,0.0,1.0,6.0,0.0,1.0,0.0,3.0,0.0,1.0,1.0,0.0,3.0,0.0
Sstr2,0.0,0.0,2.0,2.0,1.0,4.0,3.0,5.0,0.0,1.0,1.0,1.0,1.0,0.0,0.0,1.0,3.0
Sstr3,17.0,6.0,11.0,55.0,15.0,22.0,8.0,22.0,20.0,1.0,10.0,152.0,27.0,58.0,44.0,64.0,101.0
Sstr4,0.0,0.0,3.0,1.0,2.0,0.0,3.0,1.0,4.0,0.0,3.0,3.0,3.0,0.0,1.0,3.0,3.0
St6galnac5,0.0,5.0,11.0,5.0,16.0,4.0,18.0,11.0,8.0,0.0,2.0,12.0,11.0,13.0,1.0,4.0,3.0
Stac,0.0,3.0,1.0,7.0,4.0,6.0,4.0,9.0,9.0,0.0,1.0,21.0,4.0,5.0,12.0,6.0,9.0
Stag2,16.0,17.0,25.0,101.0,62.0,64.0,65.0,53.0,66.0,4.0,66.0,123.0,45.0,46.0,79.0,73.0,77.0
Stam2,59.0,40.0,60.0,139.0,151.0,86.0,75.0,69.0,74.0,11.0,46.0,219.0,131.0,78.0,149.0,136.0,132.0
Star,6.0,3.0,5.0,7.0,13.0,7.0,7.0,9.0,9.0,1.0,7.0,19.0,9.0,1.0,11.0,13.0,10.0
Stat1,63.0,122.0,135.0,201.0,157.0,225.0,221.0,241.0,186.0,40.0,121.0,360.0,179.0,133.0,277.0,226.0,147.0
Stat2,101.0,61.0,161.0,175.0,86.0,117.0,221.0,299.0,210.0,24.0,78.0,275.0,142.0,156.0,173.0,248.0,119.0
Stat3,73.0,70.0,81.0,217.0,88.0,98.0,104.0,211.0,143.0,14.0,59.0,275.0,164.0,253.0,146.0,255.0,179.0
Stat4,1.0,1.0,6.0,7.0,7.0,2.0,19.0,15.0,7.0,0.0,10.0,19.0,6.0,9.0,10.0,10.0,10.0
Stat5a,11.0,10.0,15.0,33.0,10.0,14.0,21.0,24.0,21.0,1.0,15.0,35.0,28.0,22.0,17.0,33.0,31.0
Stat5b,16.0,4.0,10.0,52.0,28.0,25.0,21.0,27.0,30.0,0.0,18.0,118.0,37.0,60.0,30.0,51.0,47.0
Stat6,61.0,74.0,100.0,377.0,199.0,155.0,137.0,188.0,168.0,20.0,136.0,334.0,142.0,126.0,281.0,281.0,233.0
Stau2,19.0,12.0,21.0,42.0,22.0,29.0,24.0,23.0,25.0,1.0,23.0,47.0,24.0,32.0,20.0,40.0,35.0
Steap1,38.0,13.0,39.0,66.0,47.0,13.0,62.0,62.0,25.0,1.0,80.0,75.0,41.0,61.0,63.0,138.0,131.0
Stim1,60.0,46.0,45.0,191.0,127.0,143.0,94.0,132.0,158.0,3.0,99.0,329.0,117.0,179.0,159.0,168.0,140.0
Stim2,11.0,14.0,22.0,97.0,57.0,44.0,37.0,55.0,47.0,2.0,36.0,126.0,31.0,36.0,79.0,90.0,73.0
Stimate,6.0,5.0,1.0,20.0,11.0,19.0,10.0,18.0,13.0,0.0,12.0,34.0,18.0,9.0,19.0,29.0,24.0
Stip1,26.0,19.0,33.0,103.0,30.0,38.0,39.0,74.0,51.0,4.0,24.0,107.0,57.0,51.0,50.0,77.0,75.0
Stk11,65.0,64.0,82.0,287.0,119.0,160.0,102.0,159.0,133.0,13.0,96.0,313.0,135.0,187.0,163.0,276.0,225.0
Stk3,44.0,14.0,39.0,108.0,91.0,53.0,59.0,62.0,42.0,5.0,66.0,139.0,76.0,58.0,128.0,110.0,117.0
Stk32a,0.0,0.0,13.0,0.0,1.0,1.0,6.0,1.0,2.0,0.0,0.0,0.0,2.0,0.0,1.0,1.0,1.0
Stk38,76.0,100.0,50.0,179.0,210.0,189.0,129.0,126.0,141.0,4.0,162.0,378.0,208.0,103.0,236.0,195.0,204.0
Stk38l,32.0,23.0,47.0,70.0,51.0,39.0,49.0,45.0,59.0,4.0,40.0,90.0,55.0,39.0,54.0,68.0,66.0
Stk39,4.0,3.0,7.0,23.0,15.0,15.0,10.0,17.0,11.0,0.0,8.0,39.0,16.0,14.0,17.0,26.0,19.0
Stk4,51.0,38.0,57.0,189.0,111.0,82.0,90.0,134.0,111.0,10.0,64.0,202.0,109.0,79.0,175.0,152.0,129.0
Stmn2,9.0,7.0,19.0,58.0,33.0,42.0,16.0,24.0,9.0,0.0,53.0,151.0,20.0,25.0,70.0,33.0,46.0
Stom,551.0,487.0,623.0,1117.0,917.0,466.0,903.0,1190.0,445.0,60.0,284.0,1993.0,1573.0,1305.0,1110.0,1156.0,914.0
Stoml3,0.0,1.0,5.0,0.0,1.0,1.0,2.0,3.0,1.0,0.0,1.0,2.0,0.0,0.0,2.0,2.0,0.0
Stra6l,3.0,2.0,6.0,8.0,5.0,1.0,8.0,9.0,11.0,1.0,5.0,6.0,5.0,0.0,7.0,7.0,3.0
Stra8,0.0,0.0,5.0,0.0,4.0,0.0,3.0,2.0,1.0,0.0,0.0,0.0,0.0,3.0,1.0,2.0,3.0
Strn3,24.0,19.0,22.0,116.0,53.0,56.0,59.0,78.0,64.0,4.0,41.0,158.0,51.0,56.0,67.0,77.0,106.0
Stub1,59.0,32.0,58.0,285.0,115.0,121.0,68.0,146.0,133.0,5.0,95.0,308.0,131.0,133.0,148.0,283.0,199.0
Stx1a,2.0,2.0,9.0,16.0,10.0,11.0,12.0,15.0,8.0,1.0,1.0,20.0,4.0,10.0,12.0,20.0,13.0
Stx8,27.0,11.0,33.0,110.0,56.0,50.0,43.0,65.0,46.0,9.0,25.0,120.0,43.0,77.0,65.0,100.0,93.0
Stxbp1,4.0,5.0,11.0,56.0,29.0,17.0,19.0,23.0,27.0,6.0,27.0,59.0,16.0,31.0,40.0,58.0,54.0
Stxbp4,10.0,10.0,23.0,70.0,27.0,44.0,26.0,31.0,23.0,6.0,43.0,80.0,25.0,34.0,40.0,33.0,58.0
Stxbp5l,1.0,2.0,3.0,0.0,1.0,3.0,5.0,1.0,0.0,0.0,2.0,3.0,0.0,0.0,0.0,1.0,2.0
Sucnr1,3.0,0.0,3.0,0.0,0.0,3.0,6.0,3.0,0.0,1.0,1.0,0.0,2.0,0.0,2.0,2.0,2.0
Sufu,9.0,9.0,21.0,79.0,30.0,33.0,25.0,27.0,36.0,4.0,23.0,70.0,34.0,30.0,33.0,52.0,38.0
Sulf1,2.0,5.0,18.0,54.0,20.0,6.0,17.0,26.0,8.0,4.0,24.0,65.0,14.0,23.0,39.0,109.0,78.0
Sulf2,10.0,17.0,16.0,173.0,83.0,135.0,32.0,112.0,49.0,3.0,167.0,145.0,40.0,55.0,143.0,116.0,60.0
Sult2a8,1.0,0.0,7.0,4.0,3.0,1.0,11.0,2.0,1.0,0.0,0.0,4.0,2.0,1.0,2.0,2.0,1.0
Sumf1,0.0,0.0,4.0,15.0,5.0,5.0,7.0,3.0,2.0,0.0,3.0,16.0,7.0,8.0,10.0,11.0,15.0
Sumo1,33.0,30.0,49.0,133.0,56.0,74.0,41.0,72.0,59.0,6.0,39.0,130.0,71.0,76.0,72.0,103.0,108.0
Sumo3,6.0,5.0,12.0,41.0,19.0,19.0,17.0,32.0,24.0,2.0,11.0,43.0,13.0,32.0,13.0,34.0,36.0
Sun1,84.0,68.0,75.0,328.0,167.0,242.0,116.0,162.0,171.0,20.0,105.0,352.0,207.0,202.0,254.0,242.0,245.0
Supt16,75.0,100.0,101.0,439.0,220.0,292.0,199.0,251.0,194.0,8.0,236.0,440.0,258.0,201.0,269.0,283.0,279.0
Supt20,10.0,15.0,21.0,81.0,45.0,51.0,37.0,45.0,46.0,3.0,38.0,72.0,48.0,33.0,51.0,49.0,50.0
Supt3,9.0,11.0,14.0,35.0,26.0,25.0,17.0,25.0,26.0,1.0,17.0,38.0,13.0,12.0,41.0,23.0,46.0
Supt5,94.0,88.0,95.0,403.0,245.0,232.0,159.0,228.0,185.0,13.0,165.0,389.0,197.0,185.0,324.0,289.0,282.0
Supt6,59.0,65.0,51.0,185.0,122.0,127.0,113.0,112.0,106.0,2.0,104.0,261.0,161.0,115.0,143.0,156.0,148.0
Suv39h1,6.0,8.0,8.0,38.0,15.0,32.0,11.0,14.0,19.0,0.0,21.0,20.0,26.0,24.0,16.0,34.0,35.0
Suz12,31.0,41.0,45.0,182.0,99.0,124.0,66.0,77.0,80.0,9.0,94.0,178.0,96.0,83.0,103.0,105.0,99.0
Sv2a,1.0,3.0,4.0,42.0,0.0,15.0,6.0,5.0,3.0,0.0,7.0,14.0,8.0,12.0,6.0,14.0,15.0
Sv2c,6.0,3.0,4.0,6.0,7.0,4.0,12.0,5.0,6.0,0.0,8.0,11.0,8.0,5.0,5.0,9.0,4.0
Svil,185.0,158.0,204.0,650.0,390.0,315.0,296.0,385.0,288.0,26.0,347.0,929.0,384.0,432.0,600.0,627.0,605.0
Syce2,3.0,1.0,9.0,6.0,3.0,3.0,13.0,7.0,3.0,0.0,2.0,9.0,5.0,0.0,2.0,5.0,3.0
Sycp1,2.0,2.0,10.0,4.0,2.0,1.0,1.0,0.0,1.0,1.0,3.0,9.0,3.0,0.0,4.0,4.0,3.0
Sycp3,0.0,0.0,11.0,1.0,3.0,0.0,7.0,3.0,3.0,0.0,0.0,1.0,1.0,0.0,3.0,2.0,1.0
Syk,122.0,66.0,232.0,581.0,344.0,173.0,280.0,367.0,317.0,67.0,330.0,577.0,192.0,263.0,670.0,733.0,493.0
Syn1,1.0,0.0,4.0,6.0,3.0,3.0,5.0,0.0,3.0,1.0,1.0,2.0,2.0,0.0,5.0,2.0,6.0
Syn2,2.0,1.0,1.0,4.0,8.0,1.0,2.0,1.0,0.0,0.0,4.0,8.0,5.0,2.0,3.0,3.0,3.0
Syn3,4.0,2.0,10.0,21.0,4.0,5.0,9.0,15.0,6.0,0.0,16.0,14.0,9.0,5.0,6.0,11.0,3.0
Syncrip,196.0,176.0,163.0,1010.0,294.0,357.0,232.0,418.0,301.0,21.0,233.0,915.0,470.0,510.0,465.0,811.0,600.0
Syne1,7.0,7.0,16.0,29.0,19.0,20.0,9.0,23.0,24.0,1.0,13.0,51.0,11.0,19.0,27.0,30.0,35.0
Syne4,0.0,4.0,7.0,6.0,1.0,8.0,5.0,4.0,3.0,1.0,9.0,8.0,1.0,9.0,8.0,7.0,9.0
Syngr3,3.0,2.0,3.0,2.0,1.0,4.0,6.0,2.0,2.0,0.0,1.0,2.0,1.0,0.0,1.0,1.0,3.0
Synj2bp,55.0,51.0,56.0,216.0,130.0,96.0,78.0,101.0,97.0,9.0,76.0,213.0,132.0,103.0,149.0,165.0,154.0
Synpo,25.0,19.0,28.0,99.0,47.0,44.0,40.0,83.0,26.0,8.0,46.0,142.0,66.0,54.0,75.0,72.0,85.0
Synpo2,89.0,12.0,19.0,82.0,124.0,46.0,21.0,76.0,67.0,1.0,91.0,271.0,47.0,104.0,154.0,71.0,88.0
Syp,1.0,0.0,0.0,13.0,4.0,2.0,0.0,3.0,3.0,1.0,2.0,5.0,2.0,3.0,10.0,4.0,2.0
Sypl2,10.0,1.0,6.0,4.0,21.0,0.0,7.0,42.0,4.0,0.0,5.0,174.0,12.0,196.0,6.0,24.0,25.0
Syt2,4.0,5.0,8.0,2.0,4.0,6.0,4.0,4.0,4.0,1.0,5.0,6.0,1.0,0.0,3.0,3.0,8.0
Syt4,3.0,0.0,4.0,35.0,0.0,23.0,10.0,6.0,0.0,7.0,5.0,11.0,4.0,2.0,2.0,7.0,3.0
Syt6,0.0,0.0,0.0,3.0,0.0,0.0,3.0,2.0,0.0,0.0,1.0,6.0,5.0,3.0,0.0,0.0,2.0
Syt9,0.0,0.0,3.0,0.0,0.0,2.0,7.0,2.0,0.0,0.0,1.0,1.0,0.0,0.0,1.0,2.0,0.0
Sytl5,6.0,4.0,7.0,9.0,10.0,4.0,5.0,0.0,2.0,1.0,2.0,18.0,1.0,3.0,4.0,8.0,7.0
Szt2,4.0,9.0,11.0,63.0,19.0,24.0,21.0,29.0,23.0,0.0,12.0,65.0,25.0,24.0,39.0,31.0,40.0
T,0.0,1.0,3.0,0.0,1.0,1.0,4.0,1.0,0.0,0.0,0.0,0.0,0.0,0.0,1.0,1.0,0.0
Taar5,1.0,2.0,5.0,2.0,1.0,1.0,6.0,1.0,0.0,0.0,0.0,3.0,0.0,0.0,1.0,1.0,0.0
Tab1,12.0,14.0,16.0,62.0,30.0,32.0,21.0,35.0,11.0,2.0,20.0,72.0,40.0,36.0,47.0,43.0,51.0
Tac1,2.0,2.0,9.0,1.0,1.0,0.0,7.0,3.0,1.0,0.0,2.0,1.0,1.0,0.0,2.0,1.0,9.0
Tac2,1.0,1.0,6.0,1.0,1.0,0.0,12.0,3.0,1.0,0.0,0.0,3.0,1.0,0.0,3.0,1.0,1.0
Tacr1,1.0,2.0,7.0,9.0,16.0,9.0,21.0,4.0,10.0,1.0,5.0,22.0,8.0,10.0,13.0,19.0,12.0
Tacr2,0.0,0.0,8.0,0.0,0.0,0.0,3.0,1.0,0.0,0.0,0.0,1.0,1.0,0.0,1.0,3.0,1.0
Tacr3,1.0,1.0,4.0,0.0,3.0,1.0,3.0,0.0,3.0,0.0,0.0,2.0,2.0,0.0,3.0,0.0,1.0
Tacstd2,93.0,87.0,74.0,478.0,272.0,335.0,160.0,213.0,305.0,1.0,104.0,411.0,287.0,255.0,327.0,297.0,280.0
Taf11,10.0,11.0,8.0,37.0,27.0,22.0,25.0,26.0,20.0,0.0,23.0,58.0,38.0,31.0,36.0,42.0,49.0
Taf12,73.0,38.0,62.0,203.0,130.0,105.0,118.0,93.0,97.0,12.0,94.0,237.0,130.0,109.0,146.0,148.0,156.0
Taf15,224.0,226.0,217.0,996.0,403.0,497.0,392.0,451.0,421.0,33.0,271.0,829.0,523.0,472.0,508.0,690.0,607.0
Taf4,19.0,34.0,24.0,185.0,89.0,113.0,51.0,97.0,78.0,2.0,61.0,174.0,66.0,78.0,102.0,106.0,105.0
Taf5l,11.0,12.0,9.0,24.0,16.0,23.0,18.0,34.0,19.0,3.0,16.0,45.0,24.0,24.0,30.0,30.0,19.0
Taf6l,7.0,5.0,15.0,11.0,17.0,8.0,19.0,12.0,7.0,1.0,14.0,28.0,15.0,6.0,25.0,14.0,15.0
Taf9,9.0,10.0,21.0,44.0,9.0,20.0,27.0,30.0,13.0,1.0,12.0,43.0,26.0,36.0,19.0,29.0,27.0
Tagln,157.0,109.0,125.0,478.0,301.0,258.0,56.0,260.0,166.0,5.0,746.0,1271.0,188.0,134.0,828.0,272.0,384.0
Tal1,1.0,2.0,6.0,9.0,3.0,1.0,3.0,2.0,3.0,1.0,2.0,12.0,2.0,6.0,8.0,17.0,9.0
Tap1,153.0,137.0,167.0,304.0,265.0,315.0,266.0,354.0,417.0,23.0,159.0,433.0,297.0,261.0,331.0,454.0,254.0
Tardbp,251.0,213.0,223.0,1072.0,455.0,563.0,380.0,625.0,475.0,28.0,381.0,1116.0,705.0,621.0,615.0,845.0,742.0
Tas1r1,1.0,0.0,7.0,3.0,3.0,0.0,3.0,2.0,0.0,1.0,0.0,6.0,1.0,2.0,6.0,1.0,3.0
Tas1r2,0.0,0.0,8.0,0.0,0.0,1.0,5.0,1.0,1.0,0.0,1.0,0.0,5.0,2.0,0.0,5.0,0.0
Tas1r3,2.0,0.0,6.0,5.0,1.0,3.0,3.0,2.0,2.0,0.0,1.0,5.0,2.0,1.0,1.0,2.0,0.0
Tbc1d1,26.0,12.0,33.0,50.0,23.0,28.0,54.0,45.0,43.0,4.0,40.0,95.0,41.0,57.0,58.0,62.0,61.0
Tbc1d22a,47.0,38.0,45.0,170.0,132.0,121.0,86.0,97.0,102.0,17.0,100.0,222.0,99.0,79.0,173.0,176.0,150.0
Tbck,27.0,23.0,26.0,101.0,67.0,72.0,44.0,73.0,57.0,0.0,48.0,123.0,57.0,71.0,84.0,88.0,80.0
Tbk1,35.0,52.0,63.0,159.0,92.0,98.0,98.0,121.0,82.0,13.0,57.0,162.0,100.0,93.0,107.0,161.0,127.0
Tbl1xr1,23.0,19.0,22.0,106.0,52.0,70.0,35.0,66.0,37.0,6.0,44.0,102.0,44.0,29.0,69.0,67.0,85.0
Tbp,9.0,10.0,13.0,45.0,18.0,22.0,18.0,40.0,16.0,1.0,10.0,60.0,34.0,30.0,27.0,41.0,48.0
Tbpl1,21.0,10.0,22.0,66.0,23.0,44.0,29.0,34.0,40.0,4.0,32.0,66.0,33.0,39.0,40.0,65.0,62.0
Tbpl2,0.0,0.0,2.0,0.0,1.0,0.0,3.0,1.0,1.0,0.0,0.0,0.0,1.0,0.0,1.0,1.0,1.0
Tbr1,1.0,1.0,3.0,0.0,0.0,0.0,4.0,3.0,0.0,0.0,0.0,0.0,0.0,0.0,3.0,1.0,0.0
Tbx1,4.0,17.0,10.0,186.0,25.0,94.0,12.0,73.0,17.0,0.0,62.0,83.0,38.0,51.0,20.0,37.0,30.0
Tbx18,2.0,0.0,8.0,19.0,6.0,3.0,6.0,10.0,5.0,0.0,14.0,16.0,1.0,3.0,5.0,18.0,18.0
Tbx2,4.0,2.0,5.0,5.0,3.0,3.0,4.0,5.0,6.0,0.0,5.0,22.0,7.0,13.0,4.0,6.0,3.0
Tbx20,0.0,1.0,7.0,1.0,1.0,1.0,17.0,4.0,3.0,0.0,0.0,1.0,2.0,0.0,2.0,2.0,0.0
Tbx21,1.0,5.0,6.0,7.0,12.0,5.0,7.0,2.0,7.0,0.0,6.0,9.0,3.0,2.0,3.0,6.0,3.0
Tbx3,4.0,1.0,6.0,10.0,2.0,2.0,6.0,6.0,6.0,1.0,2.0,20.0,7.0,6.0,6.0,20.0,25.0
Tbx4,3.0,1.0,9.0,5.0,2.0,1.0,0.0,3.0,6.0,0.0,3.0,10.0,1.0,4.0,17.0,3.0,14.0
Tbx5,1.0,0.0,5.0,0.0,1.0,1.0,8.0,0.0,0.0,0.0,4.0,1.0,0.0,1.0,1.0,1.0,1.0
Tbx6,0.0,2.0,3.0,6.0,4.0,4.0,5.0,3.0,2.0,1.0,4.0,7.0,4.0,1.0,2.0,4.0,4.0
Tbxa2r,1.0,1.0,7.0,4.0,3.0,2.0,3.0,3.0,0.0,0.0,2.0,4.0,1.0,0.0,2.0,6.0,4.0
Tcaf1,6.0,8.0,10.0,42.0,17.0,15.0,18.0,22.0,14.0,0.0,29.0,41.0,21.0,13.0,33.0,38.0,31.0
Tcam1,0.0,2.0,6.0,1.0,0.0,1.0,6.0,0.0,2.0,2.0,0.0,3.0,1.0,2.0,2.0,3.0,4.0
Tceal5,13.0,1.0,3.0,15.0,16.0,7.0,6.0,17.0,10.0,1.0,12.0,58.0,5.0,34.0,29.0,15.0,25.0
Tceal9,41.0,54.0,36.0,285.0,99.0,139.0,67.0,120.0,70.0,1.0,126.0,221.0,73.0,95.0,184.0,240.0,236.0
Tcf12,27.0,37.0,24.0,175.0,80.0,115.0,64.0,88.0,74.0,4.0,79.0,187.0,76.0,90.0,131.0,109.0,117.0
Tcf21,1.0,1.0,7.0,3.0,2.0,1.0,3.0,0.0,4.0,0.0,0.0,3.0,1.0,2.0,3.0,1.0,2.0
Tcf3,18.0,21.0,19.0,243.0,54.0,106.0,38.0,103.0,46.0,4.0,63.0,132.0,54.0,84.0,87.0,123.0,95.0
Tcf7,17.0,64.0,38.0,193.0,85.0,158.0,85.0,78.0,94.0,0.0,120.0,182.0,132.0,91.0,113.0,89.0,93.0
Tcf7l1,4.0,3.0,5.0,46.0,9.0,29.0,12.0,31.0,4.0,1.0,15.0,49.0,4.0,21.0,26.0,26.0,23.0
Tcf7l2,16.0,25.0,17.0,109.0,60.0,75.0,33.0,73.0,47.0,11.0,41.0,102.0,47.0,46.0,79.0,61.0,62.0
Tcof1,33.0,53.0,44.0,207.0,76.0,117.0,102.0,110.0,93.0,6.0,97.0,201.0,119.0,88.0,108.0,126.0,99.0
Tcp1,106.0,112.0,104.0,375.0,162.0,153.0,175.0,229.0,167.0,4.0,105.0,456.0,311.0,248.0,216.0,318.0,308.0
Tctn1,3.0,2.0,4.0,22.0,9.0,14.0,11.0,12.0,7.0,4.0,19.0,19.0,8.0,16.0,15.0,17.0,11.0
Tdg,15.0,16.0,32.0,92.0,34.0,34.0,46.0,61.0,40.0,0.0,22.0,68.0,39.0,51.0,21.0,58.0,36.0
Tdgf1,4.0,2.0,16.0,3.0,4.0,7.0,19.0,5.0,4.0,0.0,2.0,10.0,9.0,2.0,9.0,9.0,5.0
Tdh,3.0,3.0,6.0,17.0,14.0,33.0,9.0,2.0,1.0,0.0,2.0,21.0,3.0,2.0,31.0,10.0,15.0
Tdrd1,4.0,1.0,5.0,0.0,2.0,0.0,7.0,2.0,1.0,1.0,4.0,2.0,1.0,0.0,2.0,0.0,1.0
Tdrkh,11.0,10.0,6.0,11.0,17.0,21.0,16.0,12.0,12.0,3.0,22.0,23.0,25.0,6.0,18.0,19.0,10.0
Tead1,122.0,69.0,100.0,263.0,176.0,150.0,106.0,173.0,191.0,7.0,249.0,413.0,208.0,205.0,200.0,248.0,291.0
Tead2,5.0,2.0,9.0,66.0,8.0,25.0,11.0,34.0,10.0,1.0,11.0,29.0,8.0,12.0,23.0,19.0,40.0
Tead3,50.0,41.0,42.0,202.0,100.0,135.0,75.0,100.0,116.0,3.0,93.0,228.0,114.0,95.0,141.0,146.0,153.0
Tec,118.0,59.0,108.0,225.0,177.0,162.0,124.0,150.0,223.0,20.0,95.0,329.0,144.0,149.0,263.0,235.0,234.0
Tecpr2,11.0,10.0,15.0,73.0,27.0,33.0,25.0,46.0,29.0,5.0,41.0,57.0,26.0,28.0,34.0,44.0,29.0
Tecr,39.0,67.0,21.0,147.0,90.0,105.0,65.0,39.0,93.0,0.0,59.0,172.0,114.0,99.0,139.0,110.0,107.0
Tectb,1.0,0.0,0.0,0.0,2.0,0.0,2.0,1.0,0.0,0.0,0.0,2.0,1.0,1.0,0.0,1.0,1.0
Tek,8.0,3.0,11.0,36.0,44.0,15.0,17.0,22.0,22.0,0.0,31.0,157.0,9.0,28.0,35.0,57.0,41.0
Tenm1,92.0,164.0,31.0,23.0,177.0,113.0,127.0,16.0,66.0,0.0,88.0,242.0,193.0,32.0,153.0,45.0,89.0
Tenm4,8.0,2.0,8.0,50.0,21.0,22.0,6.0,18.0,12.0,1.0,2.0,33.0,16.0,21.0,13.0,28.0,12.0
Tent5c,5.0,3.0,9.0,10.0,15.0,22.0,8.0,8.0,23.0,0.0,19.0,14.0,6.0,8.0,16.0,9.0,8.0
Tepsin,7.0,9.0,14.0,52.0,11.0,42.0,16.0,20.0,18.0,1.0,9.0,58.0,29.0,33.0,24.0,40.0,38.0
Terf1,22.0,15.0,16.0,93.0,31.0,53.0,24.0,39.0,35.0,1.0,40.0,80.0,39.0,33.0,33.0,73.0,58.0
Terf2,29.0,23.0,33.0,178.0,76.0,103.0,36.0,84.0,60.0,3.0,66.0,171.0,72.0,84.0,100.0,126.0,109.0
Tert,1.0,2.0,1.0,14.0,5.0,1.0,1.0,2.0,2.0,0.0,1.0,6.0,1.0,1.0,2.0,4.0,4.0
Tesmin,2.0,1.0,10.0,1.0,0.0,0.0,5.0,4.0,2.0,0.0,1.0,2.0,1.0,3.0,2.0,3.0,1.0
Tespa1,1.0,3.0,7.0,3.0,4.0,3.0,8.0,2.0,0.0,0.0,3.0,1.0,2.0,0.0,5.0,0.0,1.0
Tet1,1.0,2.0,7.0,8.0,1.0,9.0,4.0,7.0,6.0,0.0,8.0,10.0,1.0,6.0,8.0,6.0,6.0
Tet2,3.0,4.0,17.0,68.0,17.0,35.0,26.0,37.0,31.0,6.0,18.0,63.0,30.0,30.0,31.0,50.0,28.0
Tet3,36.0,32.0,42.0,191.0,74.0,136.0,71.0,103.0,95.0,1.0,64.0,134.0,85.0,97.0,97.0,143.0,101.0
Tex101,1.0,0.0,5.0,1.0,0.0,2.0,5.0,1.0,2.0,0.0,1.0,2.0,1.0,1.0,1.0,2.0,0.0
Tex19.1,2.0,4.0,6.0,2.0,3.0,2.0,4.0,6.0,2.0,2.0,1.0,3.0,1.0,2.0,2.0,1.0,3.0
Tfam,35.0,35.0,21.0,112.0,51.0,50.0,49.0,64.0,55.0,3.0,50.0,134.0,84.0,57.0,74.0,73.0,77.0
Tfap2a,55.0,105.0,74.0,524.0,226.0,297.0,161.0,306.0,185.0,5.0,172.0,492.0,276.0,196.0,176.0,182.0,158.0
Tfap2b,2.0,17.0,6.0,67.0,10.0,67.0,19.0,61.0,26.0,0.0,40.0,56.0,27.0,29.0,20.0,39.0,26.0
Tfap2c,67.0,128.0,94.0,342.0,208.0,237.0,209.0,182.0,181.0,4.0,107.0,455.0,289.0,217.0,241.0,233.0,199.0
Tfap2d,0.0,2.0,1.0,0.0,1.0,0.0,1.0,2.0,1.0,0.0,1.0,2.0,0.0,0.0,0.0,1.0,2.0
Tfeb,27.0,15.0,31.0,98.0,60.0,52.0,46.0,96.0,60.0,2.0,50.0,171.0,38.0,78.0,85.0,95.0,82.0
Tfpi,48.0,17.0,44.0,165.0,106.0,58.0,69.0,71.0,56.0,7.0,113.0,204.0,67.0,65.0,173.0,220.0,204.0
Tfrc,54.0,93.0,59.0,179.0,102.0,107.0,88.0,112.0,84.0,4.0,58.0,227.0,144.0,163.0,111.0,216.0,136.0
Tgfa,123.0,130.0,140.0,144.0,181.0,38.0,121.0,112.0,64.0,6.0,37.0,290.0,333.0,231.0,150.0,164.0,130.0
Tgfb1,16.0,9.0,24.0,98.0,66.0,20.0,52.0,65.0,38.0,5.0,44.0,103.0,43.0,41.0,75.0,89.0,99.0
Tgfb1i1,7.0,6.0,10.0,51.0,19.0,14.0,11.0,18.0,9.0,1.0,23.0,57.0,10.0,14.0,51.0,58.0,52.0
Tgfb2,18.0,23.0,16.0,41.0,55.0,58.0,31.0,31.0,29.0,0.0,83.0,105.0,37.0,33.0,65.0,39.0,60.0
Tgfb3,8.0,17.0,11.0,102.0,32.0,60.0,18.0,49.0,14.0,0.0,39.0,154.0,18.0,25.0,112.0,46.0,63.0
Tgfbr1,60.0,59.0,88.0,304.0,153.0,122.0,99.0,111.0,118.0,9.0,123.0,276.0,133.0,154.0,222.0,229.0,242.0
Tgfbr2,179.0,234.0,139.0,659.0,515.0,343.0,338.0,363.0,445.0,14.0,518.0,1044.0,463.0,562.0,693.0,906.0,562.0
Tgfbr3,203.0,287.0,225.0,883.0,717.0,402.0,490.0,531.0,567.0,9.0,677.0,1438.0,578.0,814.0,905.0,1178.0,879.0
Tgif2,2.0,4.0,10.0,15.0,0.0,11.0,11.0,6.0,5.0,0.0,7.0,13.0,6.0,5.0,3.0,11.0,3.0
Tgm2,286.0,45.0,472.0,182.0,273.0,55.0,475.0,555.0,227.0,56.0,241.0,689.0,191.0,548.0,374.0,517.0,492.0
Tgs1,0.0,3.0,6.0,5.0,3.0,4.0,13.0,6.0,3.0,1.0,3.0,5.0,5.0,4.0,6.0,7.0,6.0
Th,5.0,0.0,2.0,0.0,2.0,0.0,0.0,6.0,0.0,0.0,1.0,1.0,0.0,7.0,0.0,3.0,0.0
Thap12,103.0,127.0,95.0,333.0,245.0,183.0,166.0,192.0,170.0,5.0,149.0,418.0,267.0,257.0,224.0,307.0,239.0
Thbd,263.0,63.0,463.0,449.0,300.0,70.0,268.0,520.0,123.0,21.0,57.0,608.0,322.0,437.0,312.0,700.0,769.0
Thbs1,80.0,107.0,1087.0,419.0,151.0,123.0,904.0,1148.0,245.0,226.0,170.0,357.0,374.0,165.0,320.0,954.0,840.0
Thbs2,49.0,47.0,59.0,691.0,244.0,118.0,156.0,91.0,75.0,8.0,222.0,524.0,96.0,127.0,625.0,613.0,543.0
Thbs4,286.0,2.0,100.0,150.0,78.0,23.0,18.0,228.0,36.0,12.0,247.0,1067.0,144.0,502.0,467.0,198.0,434.0
Themis,3.0,6.0,9.0,10.0,10.0,4.0,6.0,2.0,5.0,0.0,1.0,1.0,3.0,5.0,5.0,4.0,2.0
Thpo,1.0,0.0,4.0,0.0,0.0,2.0,3.0,5.0,1.0,0.0,2.0,4.0,0.0,5.0,0.0,5.0,7.0
Thra,51.0,28.0,26.0,253.0,114.0,161.0,44.0,109.0,109.0,6.0,115.0,253.0,69.0,106.0,148.0,179.0,133.0
Thrap3,122.0,149.0,132.0,593.0,369.0,385.0,237.0,284.0,275.0,25.0,309.0,625.0,371.0,291.0,497.0,475.0,464.0
Thrb,19.0,35.0,14.0,69.0,72.0,86.0,47.0,16.0,50.0,2.0,34.0,145.0,48.0,43.0,67.0,71.0,54.0
Thumpd1,44.0,60.0,37.0,168.0,93.0,133.0,87.0,84.0,92.0,6.0,92.0,183.0,111.0,103.0,113.0,145.0,142.0
Tiam1,107.0,113.0,104.0,378.0,274.0,322.0,198.0,193.0,297.0,8.0,128.0,389.0,321.0,253.0,238.0,285.0,250.0
Ticam1,4.0,1.0,7.0,6.0,7.0,4.0,7.0,5.0,4.0,1.0,5.0,11.0,8.0,0.0,6.0,11.0,16.0
Ticam2,4.0,1.0,10.0,11.0,22.0,4.0,20.0,14.0,15.0,2.0,15.0,36.0,9.0,6.0,15.0,24.0,8.0
Tie1,20.0,8.0,12.0,85.0,84.0,32.0,20.0,26.0,32.0,1.0,70.0,258.0,17.0,31.0,165.0,133.0,127.0
Tigar,17.0,18.0,12.0,27.0,31.0,22.0,29.0,41.0,26.0,0.0,17.0,101.0,28.0,38.0,40.0,39.0,46.0
Tigit,1.0,0.0,4.0,0.0,3.0,0.0,3.0,0.0,2.0,2.0,1.0,0.0,1.0,0.0,2.0,2.0,0.0
Timeless,9.0,3.0,14.0,62.0,9.0,33.0,19.0,24.0,19.0,1.0,19.0,49.0,20.0,27.0,27.0,46.0,37.0
Timm50,56.0,72.0,55.0,251.0,105.0,110.0,91.0,138.0,93.0,5.0,63.0,248.0,168.0,162.0,136.0,196.0,165.0
Timmdc1,22.0,25.0,37.0,87.0,63.0,57.0,35.0,70.0,52.0,2.0,38.0,121.0,84.0,68.0,65.0,94.0,73.0
Timp1,65.0,43.0,216.0,395.0,51.0,19.0,211.0,292.0,72.0,25.0,112.0,236.0,261.0,287.0,249.0,1044.0,799.0
Timp4,0.0,0.0,3.0,2.0,6.0,10.0,3.0,1.0,4.0,0.0,6.0,13.0,4.0,0.0,10.0,5.0,6.0
Tiparp,124.0,89.0,199.0,240.0,171.0,81.0,283.0,274.0,126.0,39.0,59.0,380.0,260.0,142.0,216.0,280.0,198.0
Tirap,6.0,6.0,22.0,48.0,28.0,6.0,30.0,35.0,20.0,3.0,7.0,62.0,19.0,28.0,24.0,42.0,32.0
Tjp1,147.0,92.0,86.0,451.0,343.0,264.0,175.0,195.0,177.0,11.0,197.0,609.0,238.0,205.0,404.0,403.0,353.0
Tjp2,82.0,62.0,62.0,135.0,127.0,79.0,100.0,74.0,80.0,14.0,82.0,199.0,183.0,74.0,139.0,122.0,105.0
Tjp3,14.0,29.0,9.0,117.0,59.0,118.0,21.0,13.0,147.0,3.0,28.0,52.0,28.0,32.0,111.0,78.0,84.0
Tlcd1,11.0,23.0,5.0,82.0,37.0,96.0,21.0,33.0,53.0,0.0,53.0,69.0,43.0,24.0,77.0,55.0,46.0
Tle1,9.0,11.0,18.0,121.0,37.0,51.0,24.0,46.0,35.0,4.0,26.0,115.0,47.0,60.0,49.0,63.0,41.0
Tle4,20.0,26.0,31.0,119.0,62.0,69.0,50.0,69.0,68.0,4.0,36.0,127.0,80.0,79.0,77.0,91.0,63.0
Tle6,2.0,1.0,7.0,9.0,7.0,10.0,6.0,10.0,7.0,0.0,4.0,19.0,8.0,12.0,7.0,15.0,11.0
Tll1,8.0,4.0,27.0,51.0,58.0,21.0,40.0,58.0,31.0,5.0,25.0,91.0,35.0,30.0,59.0,92.0,49.0
Tln1,208.0,101.0,251.0,682.0,442.0,235.0,437.0,381.0,325.0,34.0,409.0,817.0,417.0,293.0,711.0,724.0,617.0
Tlr1,4.0,3.0,9.0,16.0,26.0,17.0,20.0,15.0,23.0,0.0,23.0,28.0,19.0,3.0,36.0,10.0,21.0
Tlr11,1.0,1.0,5.0,0.0,1.0,7.0,9.0,1.0,17.0,0.0,5.0,1.0,1.0,0.0,4.0,3.0,2.0
Tlr12,0.0,0.0,1.0,5.0,0.0,0.0,3.0,1.0,4.0,0.0,0.0,0.0,2.0,2.0,0.0,0.0,0.0
Tlr13,17.0,2.0,43.0,71.0,26.0,7.0,57.0,82.0,37.0,5.0,31.0,38.0,26.0,23.0,80.0,66.0,48.0
Tlr2,44.0,23.0,194.0,100.0,59.0,34.0,125.0,188.0,51.0,32.0,71.0,99.0,79.0,36.0,151.0,134.0,124.0
Tlr3,6.0,2.0,8.0,10.0,7.0,1.0,9.0,9.0,5.0,0.0,5.0,24.0,2.0,10.0,9.0,15.0,1.0
Tlr4,4.0,2.0,17.0,16.0,5.0,9.0,20.0,14.0,15.0,8.0,7.0,20.0,7.0,17.0,11.0,28.0,18.0
Tlr5,7.0,6.0,21.0,61.0,43.0,33.0,53.0,38.0,24.0,3.0,33.0,62.0,21.0,19.0,47.0,72.0,42.0
Tlr6,9.0,3.0,17.0,30.0,17.0,7.0,32.0,31.0,18.0,13.0,24.0,19.0,15.0,22.0,48.0,44.0,35.0
Tlr7,16.0,2.0,11.0,51.0,32.0,18.0,25.0,35.0,27.0,8.0,33.0,49.0,12.0,13.0,79.0,45.0,24.0
Tlr8,3.0,1.0,9.0,21.0,11.0,4.0,17.0,18.0,6.0,6.0,7.0,19.0,8.0,9.0,28.0,19.0,10.0
Tlr9,15.0,4.0,28.0,64.0,21.0,21.0,37.0,48.0,33.0,1.0,18.0,42.0,20.0,35.0,65.0,55.0,42.0
Tlx1,0.0,2.0,5.0,2.0,3.0,7.0,3.0,2.0,3.0,0.0,3.0,3.0,1.0,2.0,2.0,1.0,2.0
Tmco5,1.0,0.0,6.0,2.0,2.0,1.0,3.0,2.0,2.0,1.0,2.0,2.0,2.0,1.0,3.0,1.0,1.0
Tmem106b,38.0,36.0,29.0,153.0,113.0,103.0,65.0,69.0,93.0,8.0,108.0,250.0,86.0,92.0,154.0,189.0,131.0
Tmem108,1.0,1.0,5.0,0.0,0.0,0.0,1.0,0.0,3.0,0.0,0.0,2.0,1.0,0.0,0.0,1.0,0.0
Tmem109,364.0,357.0,145.0,692.0,552.0,675.0,318.0,324.0,646.0,11.0,430.0,1233.0,673.0,663.0,880.0,809.0,876.0
Tmem119,7.0,5.0,7.0,144.0,43.0,54.0,22.0,47.0,21.0,9.0,52.0,81.0,16.0,25.0,114.0,97.0,110.0
Tmem120a,12.0,9.0,17.0,35.0,41.0,29.0,27.0,17.0,24.0,2.0,24.0,51.0,33.0,20.0,44.0,50.0,33.0
Tmem163,0.0,0.0,7.0,1.0,2.0,1.0,5.0,1.0,1.0,1.0,2.0,3.0,1.0,1.0,1.0,2.0,1.0
Tmem173,60.0,67.0,79.0,163.0,209.0,128.0,111.0,111.0,152.0,6.0,223.0,296.0,159.0,130.0,284.0,193.0,176.0
Tmem259,26.0,30.0,36.0,232.0,74.0,100.0,41.0,104.0,75.0,4.0,63.0,180.0,61.0,104.0,117.0,167.0,143.0
Tmem35a,0.0,1.0,6.0,15.0,8.0,12.0,7.0,10.0,7.0,0.0,8.0,11.0,5.0,9.0,22.0,15.0,5.0
Tmem41b,12.0,8.0,24.0,31.0,5.0,19.0,18.0,17.0,18.0,0.0,6.0,41.0,13.0,21.0,23.0,28.0,23.0
Tmem43,14.0,9.0,28.0,96.0,35.0,53.0,24.0,47.0,79.0,5.0,24.0,81.0,29.0,47.0,62.0,91.0,54.0
Tmem63b,39.0,19.0,45.0,155.0,90.0,79.0,51.0,94.0,70.0,7.0,47.0,174.0,78.0,100.0,78.0,121.0,121.0
Tmem94,6.0,8.0,7.0,57.0,31.0,31.0,14.0,26.0,26.0,4.0,21.0,84.0,14.0,22.0,34.0,30.0,36.0
Tmem98,5.0,6.0,8.0,38.0,12.0,17.0,13.0,16.0,14.0,1.0,18.0,34.0,13.0,16.0,22.0,26.0,32.0
Tmigd1,10.0,9.0,19.0,17.0,29.0,5.0,24.0,10.0,11.0,1.0,2.0,57.0,35.0,25.0,19.0,25.0,12.0
Tmprss15,4.0,2.0,7.0,3.0,1.0,1.0,9.0,0.0,1.0,0.0,3.0,4.0,1.0,0.0,1.0,4.0,2.0
Tmprss2,4.0,3.0,6.0,11.0,8.0,4.0,6.0,3.0,5.0,0.0,3.0,11.0,11.0,6.0,11.0,12.0,2.0
Tmprss4,18.0,24.0,13.0,109.0,65.0,121.0,49.0,26.0,85.0,0.0,10.0,135.0,57.0,47.0,106.0,68.0,90.0
Tnc,142.0,513.0,781.0,1464.0,328.0,60.0,1485.0,545.0,169.0,33.0,268.0,1230.0,1761.0,799.0,1476.0,1475.0,2019.0
Tnf,2.0,3.0,31.0,14.0,13.0,7.0,18.0,47.0,11.0,7.0,6.0,22.0,12.0,4.0,19.0,22.0,25.0
Tnfaip3,29.0,28.0,38.0,49.0,28.0,27.0,55.0,89.0,59.0,13.0,22.0,58.0,33.0,21.0,40.0,63.0,54.0
Tnfrsf11a,8.0,3.0,32.0,74.0,47.0,20.0,40.0,44.0,45.0,1.0,24.0,58.0,23.0,27.0,76.0,49.0,75.0
Tnfrsf11b,3.0,6.0,13.0,6.0,2.0,1.0,4.0,7.0,4.0,0.0,3.0,9.0,7.0,9.0,8.0,26.0,7.0
Tnfrsf13b,6.0,5.0,25.0,27.0,32.0,14.0,27.0,15.0,31.0,2.0,30.0,36.0,14.0,13.0,53.0,31.0,34.0
Tnfrsf13c,2.0,3.0,7.0,5.0,2.0,6.0,9.0,6.0,6.0,0.0,8.0,8.0,1.0,1.0,8.0,5.0,10.0
Tnfrsf14,19.0,10.0,32.0,92.0,40.0,30.0,46.0,77.0,56.0,8.0,31.0,85.0,24.0,49.0,66.0,69.0,62.0
Tnfrsf18,10.0,29.0,10.0,29.0,19.0,31.0,18.0,20.0,36.0,0.0,15.0,39.0,31.0,31.0,30.0,14.0,19.0
Tnfrsf1a,251.0,238.0,231.0,627.0,534.0,422.0,423.0,445.0,427.0,31.0,334.0,958.0,612.0,568.0,629.0,748.0,516.0
Tnfrsf1b,13.0,10.0,77.0,150.0,72.0,16.0,88.0,143.0,56.0,27.0,51.0,105.0,41.0,29.0,168.0,160.0,93.0
Tnfrsf4,2.0,1.0,7.0,15.0,5.0,3.0,7.0,6.0,6.0,0.0,3.0,9.0,8.0,7.0,7.0,5.0,3.0
Tnfrsf9,91.0,19.0,71.0,126.0,54.0,15.0,130.0,55.0,41.0,67.0,35.0,107.0,94.0,28.0,83.0,96.0,84.0
Tnfsf10,10.0,5.0,11.0,25.0,47.0,13.0,25.0,21.0,24.0,0.0,19.0,77.0,9.0,11.0,41.0,23.0,31.0
Tnfsf11,2.0,8.0,5.0,16.0,2.0,1.0,23.0,9.0,1.0,0.0,2.0,11.0,11.0,8.0,8.0,12.0,27.0
Tnfsf12,3.0,2.0,17.0,43.0,15.0,21.0,13.0,16.0,16.0,2.0,20.0,49.0,10.0,8.0,34.0,31.0,31.0
Tnfsf13,13.0,6.0,24.0,49.0,49.0,23.0,21.0,24.0,25.0,4.0,40.0,76.0,17.0,17.0,71.0,56.0,42.0
Tnfsf13b,5.0,2.0,4.0,11.0,4.0,7.0,4.0,5.0,6.0,0.0,7.0,11.0,6.0,4.0,5.0,10.0,7.0
Tnfsf14,5.0,1.0,9.0,10.0,2.0,4.0,10.0,9.0,9.0,1.0,6.0,9.0,9.0,7.0,5.0,12.0,8.0
Tnfsf4,1.0,2.0,7.0,4.0,3.0,1.0,8.0,4.0,4.0,1.0,2.0,4.0,0.0,2.0,6.0,2.0,4.0
Tnfsf9,4.0,0.0,7.0,10.0,1.0,3.0,10.0,7.0,2.0,1.0,4.0,4.0,4.0,4.0,5.0,9.0,5.0
Tnks2,117.0,105.0,102.0,364.0,278.0,220.0,183.0,221.0,166.0,20.0,186.0,487.0,262.0,188.0,271.0,320.0,259.0
Tnnc1,13.0,2.0,7.0,72.0,7.0,1.0,6.0,2.0,1.0,0.0,30.0,35.0,1.0,1.0,164.0,29.0,66.0
Tnni3k,1.0,0.0,8.0,1.0,3.0,0.0,4.0,1.0,0.0,0.0,2.0,1.0,2.0,0.0,0.0,0.0,0.0
Tnnt2,31.0,8.0,17.0,139.0,49.0,9.0,12.0,21.0,14.0,3.0,39.0,113.0,16.0,34.0,276.0,72.0,195.0
Tnp1,2.0,1.0,4.0,1.0,0.0,2.0,8.0,1.0,1.0,2.0,3.0,2.0,1.0,0.0,1.0,1.0,1.0
Tnpo1,83.0,74.0,80.0,204.0,156.0,110.0,136.0,143.0,158.0,13.0,125.0,293.0,173.0,134.0,177.0,171.0,200.0
Tns2,3.0,6.0,5.0,14.0,20.0,13.0,10.0,10.0,17.0,0.0,15.0,40.0,12.0,13.0,16.0,28.0,24.0
Tnxb,40.0,47.0,30.0,172.0,260.0,238.0,57.0,120.0,259.0,0.0,255.0,625.0,79.0,225.0,257.0,402.0,237.0
Togaram1,13.0,12.0,14.0,77.0,41.0,41.0,38.0,49.0,31.0,1.0,39.0,83.0,27.0,40.0,45.0,69.0,63.0
Top2a,129.0,245.0,125.0,1026.0,387.0,534.0,291.0,296.0,233.0,5.0,424.0,819.0,433.0,354.0,455.0,608.0,572.0
Top2b,98.0,109.0,105.0,735.0,281.0,476.0,166.0,323.0,252.0,9.0,309.0,621.0,250.0,297.0,405.0,436.0,427.0
Topbp1,11.0,13.0,24.0,190.0,48.0,60.0,42.0,84.0,55.0,7.0,52.0,134.0,54.0,60.0,92.0,116.0,83.0
Tor1a,83.0,68.0,94.0,248.0,216.0,145.0,169.0,129.0,152.0,16.0,117.0,285.0,202.0,116.0,241.0,262.0,223.0
Tor2a,24.0,27.0,24.0,67.0,43.0,46.0,34.0,40.0,38.0,2.0,51.0,77.0,52.0,46.0,80.0,68.0,64.0
Tox,1.0,0.0,6.0,5.0,2.0,2.0,6.0,2.0,4.0,1.0,0.0,5.0,0.0,2.0,2.0,2.0,3.0
Tox3,17.0,7.0,8.0,3.0,10.0,11.0,10.0,2.0,7.0,0.0,6.0,19.0,12.0,4.0,4.0,3.0,4.0
Tpbpa,0.0,1.0,4.0,0.0,0.0,0.0,13.0,1.0,0.0,0.0,2.0,2.0,0.0,0.0,1.0,0.0,0.0
Tpcn1,16.0,15.0,28.0,107.0,126.0,81.0,56.0,71.0,72.0,9.0,112.0,187.0,42.0,60.0,146.0,146.0,126.0
Tph1,3.0,0.0,7.0,3.0,0.0,0.0,5.0,3.0,3.0,0.0,2.0,3.0,1.0,0.0,3.0,2.0,2.0
Tph2,1.0,1.0,3.0,0.0,2.0,2.0,4.0,0.0,2.0,0.0,1.0,2.0,1.0,3.0,3.0,1.0,2.0
Tpi1,65.0,24.0,55.0,128.0,81.0,36.0,66.0,132.0,38.0,16.0,17.0,237.0,94.0,124.0,75.0,135.0,96.0
Tppp,7.0,7.0,12.0,17.0,14.0,18.0,20.0,2.0,23.0,0.0,7.0,15.0,14.0,14.0,11.0,21.0,21.0
Tpr,236.0,222.0,199.0,729.0,637.0,444.0,431.0,366.0,361.0,29.0,439.0,941.0,536.0,370.0,744.0,592.0,541.0
Tpsab1,5.0,0.0,6.0,4.0,1.0,1.0,5.0,3.0,3.0,0.0,2.0,7.0,1.0,0.0,1.0,2.0,3.0
Tpsb2,65.0,12.0,14.0,248.0,168.0,65.0,56.0,112.0,119.0,0.0,215.0,298.0,90.0,65.0,381.0,156.0,65.0
Traf2,68.0,62.0,74.0,195.0,107.0,111.0,91.0,115.0,132.0,11.0,96.0,215.0,121.0,142.0,164.0,199.0,170.0
Traf3,26.0,16.0,35.0,101.0,27.0,29.0,30.0,53.0,45.0,4.0,27.0,76.0,50.0,38.0,64.0,83.0,60.0
Traf3ip2,18.0,36.0,41.0,182.0,92.0,70.0,63.0,75.0,69.0,2.0,44.0,162.0,78.0,91.0,85.0,99.0,103.0
Traf3ip3,2.0,6.0,6.0,19.0,11.0,13.0,8.0,12.0,17.0,0.0,17.0,27.0,10.0,18.0,23.0,17.0,19.0
Traf6,22.0,20.0,21.0,68.0,59.0,60.0,51.0,40.0,49.0,7.0,42.0,129.0,52.0,32.0,75.0,65.0,62.0
Trappc10,89.0,90.0,90.0,267.0,174.0,256.0,122.0,153.0,181.0,12.0,140.0,331.0,169.0,164.0,206.0,223.0,183.0
Trdn,277.0,4.0,71.0,24.0,305.0,6.0,20.0,324.0,120.0,0.0,106.0,1121.0,76.0,675.0,136.0,209.0,339.0
Treh,1.0,0.0,0.0,0.0,0.0,0.0,1.0,1.0,0.0,0.0,1.0,4.0,0.0,0.0,5.0,1.0,2.0
Trem1,3.0,0.0,14.0,8.0,0.0,0.0,11.0,10.0,0.0,1.0,4.0,3.0,4.0,3.0,4.0,6.0,3.0
Trem2,14.0,3.0,41.0,283.0,167.0,30.0,59.0,62.0,37.0,55.0,110.0,192.0,26.0,20.0,496.0,310.0,174.0
Trex1,14.0,15.0,31.0,63.0,38.0,16.0,35.0,72.0,38.0,5.0,8.0,61.0,53.0,55.0,53.0,77.0,40.0
Trh,0.0,0.0,1.0,4.0,2.0,1.0,1.0,1.0,0.0,0.0,0.0,0.0,2.0,1.0,0.0,5.0,2.0
Trhr,64.0,114.0,42.0,57.0,162.0,101.0,108.0,29.0,81.0,7.0,147.0,234.0,200.0,89.0,184.0,45.0,83.0
Trhr2,1.0,0.0,3.0,1.0,0.0,2.0,3.0,0.0,0.0,1.0,1.0,2.0,1.0,0.0,2.0,0.0,1.0
Trib2,0.0,3.0,5.0,10.0,8.0,4.0,7.0,8.0,3.0,1.0,4.0,21.0,6.0,10.0,6.0,8.0,8.0
Trib3,54.0,26.0,27.0,66.0,67.0,24.0,47.0,27.0,19.0,2.0,9.0,122.0,64.0,31.0,73.0,75.0,73.0
Trim17,2.0,1.0,3.0,0.0,0.0,0.0,3.0,0.0,1.0,1.0,0.0,3.0,1.0,0.0,3.0,3.0,1.0
Trim2,10.0,2.0,8.0,46.0,17.0,32.0,18.0,30.0,19.0,0.0,21.0,33.0,12.0,24.0,20.0,16.0,18.0
Trim21,9.0,10.0,18.0,28.0,26.0,34.0,36.0,42.0,39.0,5.0,20.0,64.0,32.0,24.0,43.0,51.0,25.0
Trim24,14.0,9.0,14.0,47.0,30.0,31.0,12.0,23.0,17.0,1.0,21.0,77.0,23.0,29.0,39.0,64.0,54.0
Trim27,168.0,153.0,116.0,521.0,345.0,247.0,207.0,199.0,207.0,28.0,217.0,643.0,326.0,226.0,431.0,451.0,347.0
Trim28,123.0,135.0,128.0,660.0,326.0,396.0,229.0,318.0,216.0,16.0,304.0,555.0,330.0,266.0,437.0,490.0,405.0
Trim29,108.0,198.0,96.0,808.0,477.0,592.0,265.0,317.0,458.0,5.0,134.0,818.0,498.0,308.0,566.0,415.0,362.0
Trim32,6.0,6.0,12.0,44.0,21.0,33.0,11.0,37.0,21.0,0.0,17.0,50.0,11.0,27.0,28.0,38.0,29.0
Trim33,31.0,30.0,45.0,150.0,90.0,103.0,61.0,87.0,57.0,2.0,53.0,166.0,73.0,79.0,81.0,104.0,123.0
Trim36,2.0,2.0,1.0,2.0,1.0,1.0,6.0,1.0,2.0,0.0,0.0,0.0,1.0,1.0,4.0,3.0,2.0
Trim63,31.0,0.0,16.0,1.0,2.0,0.0,5.0,140.0,0.0,0.0,5.0,170.0,11.0,114.0,8.0,89.0,87.0
Trim65,4.0,8.0,17.0,32.0,18.0,17.0,24.0,18.0,30.0,3.0,16.0,57.0,25.0,24.0,19.0,45.0,35.0
Trim7,37.0,32.0,16.0,111.0,98.0,134.0,26.0,38.0,137.0,1.0,36.0,192.0,40.0,77.0,73.0,108.0,112.0
Trip13,16.0,32.0,23.0,123.0,47.0,39.0,38.0,50.0,30.0,5.0,50.0,106.0,58.0,37.0,49.0,76.0,80.0
Trmt13,14.0,8.0,14.0,57.0,18.0,29.0,17.0,33.0,21.0,4.0,13.0,57.0,25.0,34.0,23.0,51.0,44.0
Trmt2a,4.0,6.0,5.0,39.0,17.0,18.0,10.0,21.0,17.0,0.0,13.0,46.0,25.0,21.0,35.0,31.0,26.0
Trp53,151.0,147.0,97.0,660.0,318.0,359.0,186.0,362.0,247.0,14.0,286.0,689.0,352.0,295.0,386.0,461.0,468.0
Trp53bp1,24.0,22.0,24.0,126.0,52.0,57.0,44.0,48.0,44.0,2.0,46.0,96.0,51.0,60.0,58.0,69.0,90.0
Trp53cor1,2.0,0.0,6.0,0.0,0.0,1.0,3.0,0.0,0.0,0.0,0.0,1.0,2.0,1.0,3.0,3.0,2.0
Trp63,266.0,341.0,209.0,1014.0,705.0,556.0,407.0,461.0,471.0,18.0,206.0,1116.0,890.0,607.0,534.0,667.0,515.0
Trp73,8.0,8.0,10.0,33.0,14.0,22.0,23.0,12.0,16.0,0.0,21.0,29.0,16.0,15.0,28.0,26.0,18.0
Trpa1,3.0,4.0,9.0,1.0,1.0,2.0,7.0,0.0,3.0,0.0,4.0,0.0,1.0,1.0,3.0,1.0,4.0
Trpc1,1.0,1.0,5.0,8.0,5.0,7.0,5.0,6.0,2.0,0.0,3.0,15.0,8.0,9.0,8.0,5.0,9.0
Trpc3,1.0,0.0,4.0,3.0,1.0,2.0,8.0,3.0,0.0,0.0,1.0,13.0,1.0,7.0,3.0,4.0,3.0
Trpc4,1.0,1.0,5.0,0.0,1.0,0.0,5.0,2.0,1.0,0.0,0.0,0.0,3.0,0.0,1.0,3.0,3.0
Trpc5,0.0,1.0,3.0,0.0,0.0,0.0,3.0,0.0,1.0,1.0,0.0,0.0,0.0,0.0,0.0,2.0,1.0
Trpc6,1.0,4.0,13.0,12.0,10.0,6.0,15.0,3.0,3.0,0.0,5.0,17.0,5.0,2.0,16.0,6.0,8.0
Trpc7,0.0,2.0,8.0,3.0,1.0,1.0,3.0,0.0,1.0,0.0,2.0,4.0,1.0,0.0,3.0,3.0,0.0
Trpm1,3.0,5.0,11.0,48.0,5.0,40.0,27.0,23.0,5.0,0.0,25.0,10.0,6.0,1.0,2.0,5.0,9.0
Trpm2,5.0,1.0,18.0,21.0,5.0,1.0,22.0,13.0,9.0,5.0,5.0,17.0,10.0,8.0,18.0,18.0,29.0
Trpm6,1.0,1.0,2.0,2.0,4.0,1.0,6.0,3.0,3.0,0.0,3.0,10.0,1.0,2.0,4.0,6.0,3.0
Trpm7,25.0,20.0,29.0,133.0,68.0,72.0,50.0,68.0,65.0,9.0,49.0,136.0,67.0,66.0,91.0,101.0,102.0
Trpm8,0.0,1.0,5.0,0.0,0.0,1.0,5.0,1.0,1.0,0.0,2.0,1.0,2.0,0.0,1.0,0.0,2.0
Trpv1,0.0,1.0,6.0,1.0,0.0,0.0,3.0,2.0,1.0,0.0,1.0,1.0,0.0,0.0,1.0,0.0,0.0
Trpv2,2.0,5.0,15.0,24.0,12.0,9.0,15.0,18.0,17.0,2.0,7.0,21.0,10.0,16.0,29.0,27.0,20.0
Trpv3,11.0,27.0,14.0,54.0,29.0,27.0,21.0,30.0,29.0,2.0,14.0,51.0,22.0,19.0,16.0,39.0,25.0
Trpv4,22.0,29.0,20.0,103.0,71.0,108.0,27.0,42.0,50.0,3.0,106.0,93.0,49.0,44.0,61.0,58.0,57.0
Trpv5,0.0,3.0,8.0,1.0,3.0,8.0,8.0,0.0,2.0,0.0,2.0,1.0,3.0,0.0,6.0,1.0,2.0
Trpv6,1.0,0.0,2.0,6.0,2.0,10.0,3.0,3.0,5.0,0.0,3.0,1.0,0.0,1.0,2.0,3.0,2.0
Trrap,44.0,35.0,34.0,199.0,86.0,103.0,51.0,109.0,77.0,9.0,91.0,183.0,65.0,95.0,112.0,138.0,117.0
Tsc1,12.0,8.0,17.0,53.0,32.0,15.0,19.0,25.0,25.0,1.0,8.0,50.0,10.0,18.0,25.0,39.0,26.0
Tsc2,14.0,21.0,23.0,105.0,53.0,55.0,30.0,54.0,52.0,9.0,41.0,118.0,39.0,57.0,97.0,69.0,81.0
Tsc22d3,9.0,7.0,30.0,40.0,16.0,39.0,31.0,48.0,71.0,7.0,26.0,142.0,23.0,48.0,30.0,52.0,43.0
Tsg101,5.0,2.0,7.0,7.0,11.0,8.0,19.0,8.0,9.0,0.0,12.0,12.0,7.0,8.0,9.0,13.0,5.0
Tshb,0.0,0.0,4.0,0.0,0.0,0.0,5.0,0.0,0.0,0.0,0.0,1.0,1.0,0.0,0.0,2.0,2.0
Tshr,1.0,0.0,7.0,1.0,11.0,1.0,0.0,2.0,2.0,0.0,4.0,7.0,5.0,4.0,4.0,0.0,2.0
Tshz1,6.0,4.0,6.0,19.0,6.0,13.0,10.0,4.0,4.0,0.0,6.0,19.0,6.0,14.0,7.0,11.0,8.0
Tslp,3.0,3.0,12.0,1.0,15.0,10.0,6.0,8.0,3.0,0.0,3.0,14.0,7.0,4.0,14.0,16.0,9.0
Tspyl2,29.0,25.0,20.0,133.0,42.0,82.0,37.0,56.0,71.0,5.0,58.0,116.0,52.0,57.0,78.0,100.0,82.0
Ttbk1,2.0,2.0,4.0,4.0,3.0,6.0,5.0,3.0,3.0,0.0,4.0,8.0,2.0,3.0,0.0,8.0,4.0
Ttc8,7.0,4.0,10.0,36.0,14.0,13.0,15.0,23.0,15.0,0.0,15.0,18.0,13.0,22.0,22.0,30.0,21.0
Ttk,19.0,34.0,20.0,107.0,39.0,43.0,55.0,37.0,25.0,1.0,25.0,76.0,71.0,49.0,44.0,76.0,64.0
Ttll3,12.0,9.0,17.0,30.0,12.0,11.0,19.0,18.0,19.0,1.0,13.0,24.0,15.0,13.0,11.0,22.0,26.0
Ttll6,1.0,2.0,10.0,3.0,2.0,0.0,5.0,1.0,3.0,0.0,2.0,1.0,2.0,0.0,1.0,1.0,3.0
Ttn,412.0,3.0,128.0,78.0,386.0,7.0,31.0,568.0,157.0,1.0,129.0,1502.0,156.0,925.0,293.0,403.0,543.0
Tuba3a,1.0,0.0,6.0,2.0,0.0,2.0,7.0,0.0,0.0,0.0,1.0,0.0,3.0,0.0,6.0,4.0,1.0
Tubb1,0.0,1.0,3.0,3.0,0.0,2.0,4.0,0.0,0.0,0.0,0.0,4.0,0.0,0.0,1.0,2.0,0.0
Tubb2b,67.0,57.0,60.0,194.0,174.0,37.0,113.0,54.0,55.0,13.0,26.0,309.0,239.0,162.0,273.0,140.0,140.0
Tubb3,30.0,12.0,42.0,196.0,135.0,31.0,57.0,56.0,29.0,7.0,42.0,259.0,84.0,32.0,153.0,156.0,151.0
Tubg1,19.0,15.0,21.0,73.0,20.0,37.0,26.0,25.0,30.0,2.0,29.0,66.0,42.0,39.0,39.0,49.0,39.0
Tubg2,0.0,0.0,3.0,4.0,5.0,4.0,9.0,3.0,2.0,1.0,5.0,8.0,0.0,0.0,5.0,8.0,3.0
Tubgcp2,14.0,17.0,12.0,81.0,51.0,58.0,29.0,53.0,40.0,1.0,34.0,65.0,23.0,50.0,41.0,81.0,46.0
Tufm,21.0,26.0,37.0,115.0,54.0,47.0,52.0,84.0,61.0,9.0,52.0,114.0,70.0,46.0,72.0,82.0,76.0
Twf1,16.0,16.0,30.0,95.0,72.0,37.0,39.0,37.0,40.0,1.0,10.0,127.0,69.0,51.0,62.0,80.0,65.0
Twf2,24.0,10.0,27.0,50.0,33.0,27.0,27.0,74.0,39.0,3.0,37.0,114.0,19.0,68.0,45.0,51.0,65.0
Twist1,9.0,6.0,6.0,21.0,6.0,16.0,12.0,8.0,13.0,0.0,2.0,29.0,3.0,10.0,10.0,19.0,9.0
Twist2,2.0,6.0,7.0,14.0,5.0,8.0,14.0,7.0,5.0,0.0,3.0,6.0,6.0,17.0,5.0,19.0,15.0
Twnk,6.0,11.0,6.0,43.0,10.0,22.0,9.0,26.0,4.0,1.0,16.0,28.0,10.0,13.0,10.0,24.0,22.0
Txnip,100.0,43.0,137.0,478.0,330.0,193.0,105.0,288.0,233.0,38.0,229.0,870.0,153.0,314.0,455.0,444.0,362.0
Tyk2,7.0,17.0,23.0,70.0,40.0,46.0,36.0,43.0,50.0,3.0,30.0,69.0,37.0,36.0,55.0,53.0,57.0
Tyr,0.0,0.0,4.0,40.0,1.0,16.0,7.0,10.0,2.0,0.0,15.0,8.0,0.0,2.0,0.0,1.0,2.0
Tyro3,18.0,42.0,21.0,107.0,82.0,86.0,51.0,53.0,74.0,1.0,23.0,171.0,82.0,60.0,91.0,84.0,84.0
Tyrp1,0.0,0.0,8.0,52.0,3.0,29.0,9.0,11.0,4.0,1.0,14.0,22.0,2.0,3.0,1.0,7.0,5.0
Tyw5,7.0,6.0,5.0,20.0,5.0,13.0,13.0,16.0,12.0,1.0,14.0,37.0,10.0,24.0,6.0,24.0,11.0
Uba1y,1.0,0.0,3.0,1.0,0.0,0.0,2.0,0.0,1.0,0.0,0.0,0.0,0.0,0.0,0.0,3.0,0.0
Uba6,18.0,19.0,21.0,91.0,45.0,41.0,46.0,52.0,42.0,5.0,27.0,84.0,41.0,47.0,59.0,74.0,56.0
Ubac1,14.0,7.0,18.0,68.0,37.0,41.0,21.0,53.0,28.0,2.0,34.0,126.0,36.0,55.0,42.0,69.0,58.0
Ubap1,52.0,44.0,82.0,131.0,112.0,84.0,91.0,91.0,81.0,10.0,50.0,169.0,82.0,69.0,98.0,134.0,111.0
Ubash3b,28.0,25.0,36.0,74.0,45.0,23.0,70.0,35.0,36.0,4.0,23.0,80.0,77.0,53.0,82.0,56.0,49.0
Ube2b,154.0,141.0,118.0,427.0,406.0,311.0,212.0,274.0,313.0,22.0,255.0,678.0,293.0,280.0,453.0,465.0,378.0
Ube2d1,41.0,11.0,17.0,75.0,47.0,35.0,30.0,53.0,29.0,0.0,29.0,131.0,40.0,66.0,82.0,98.0,102.0
Ube2g1,9.0,12.0,19.0,56.0,30.0,40.0,34.0,49.0,24.0,0.0,18.0,95.0,24.0,47.0,35.0,47.0,64.0
Ube2g2,35.0,25.0,28.0,160.0,61.0,72.0,43.0,77.0,76.0,7.0,41.0,203.0,63.0,97.0,91.0,144.0,104.0
Ube2i,74.0,75.0,67.0,272.0,155.0,173.0,129.0,159.0,163.0,20.0,139.0,275.0,169.0,159.0,196.0,207.0,218.0
Ube2m,40.0,32.0,49.0,239.0,88.0,78.0,86.0,111.0,85.0,5.0,30.0,299.0,116.0,130.0,101.0,185.0,155.0
Ube2n,4.0,1.0,7.0,10.0,4.0,0.0,11.0,10.0,1.0,1.0,0.0,10.0,4.0,6.0,4.0,13.0,4.0
Ube2r2,49.0,36.0,49.0,142.0,111.0,100.0,79.0,78.0,76.0,6.0,69.0,173.0,86.0,78.0,131.0,140.0,110.0
Ube3a,117.0,107.0,117.0,370.0,306.0,259.0,183.0,249.0,220.0,13.0,185.0,507.0,268.0,238.0,268.0,317.0,316.0
Ublcp1,0.0,0.0,8.0,5.0,1.0,2.0,11.0,11.0,1.0,1.0,0.0,7.0,0.0,5.0,4.0,5.0,5.0
Ubr5,114.0,133.0,105.0,376.0,222.0,212.0,175.0,194.0,212.0,9.0,180.0,476.0,294.0,276.0,266.0,323.0,330.0
Ubr7,76.0,69.0,60.0,327.0,156.0,164.0,100.0,145.0,142.0,12.0,174.0,350.0,176.0,146.0,225.0,264.0,212.0
Ubtf,198.0,235.0,184.0,880.0,409.0,566.0,348.0,412.0,404.0,26.0,440.0,818.0,517.0,368.0,543.0,615.0,523.0
Ubxn7,53.0,32.0,56.0,220.0,111.0,136.0,86.0,96.0,95.0,13.0,99.0,228.0,93.0,106.0,143.0,149.0,133.0
Uchl1,21.0,8.0,17.0,30.0,10.0,4.0,14.0,11.0,6.0,0.0,21.0,61.0,20.0,7.0,54.0,75.0,78.0
Ucn3,1.0,0.0,7.0,1.0,1.0,1.0,4.0,0.0,1.0,0.0,3.0,3.0,0.0,0.0,1.0,1.0,0.0
Ucp1,1.0,0.0,3.0,2.0,4.0,2.0,3.0,3.0,2.0,0.0,5.0,4.0,4.0,1.0,3.0,1.0,4.0
Ucp3,20.0,1.0,20.0,7.0,56.0,15.0,13.0,36.0,19.0,0.0,21.0,239.0,9.0,60.0,16.0,72.0,60.0
Ufd1,82.0,93.0,80.0,254.0,152.0,156.0,101.0,133.0,136.0,9.0,101.0,326.0,177.0,205.0,198.0,247.0,213.0
Ufl1,41.0,22.0,38.0,91.0,62.0,64.0,51.0,76.0,55.0,4.0,47.0,138.0,60.0,57.0,95.0,99.0,76.0
Ugt8a,0.0,0.0,4.0,2.0,1.0,0.0,6.0,1.0,0.0,0.0,3.0,10.0,1.0,4.0,6.0,1.0,1.0
Uhrf1,14.0,14.0,18.0,108.0,27.0,52.0,22.0,40.0,23.0,2.0,35.0,66.0,36.0,55.0,26.0,74.0,51.0
Uhrf2,13.0,21.0,26.0,122.0,48.0,39.0,39.0,43.0,45.0,1.0,28.0,106.0,45.0,55.0,63.0,92.0,98.0
Ulk1,43.0,45.0,28.0,173.0,123.0,122.0,50.0,93.0,83.0,8.0,84.0,185.0,97.0,73.0,124.0,131.0,147.0
Unc13b,18.0,9.0,7.0,28.0,30.0,13.0,16.0,8.0,13.0,0.0,9.0,44.0,19.0,12.0,36.0,26.0,24.0
Unc5c,0.0,0.0,1.0,5.0,2.0,4.0,6.0,2.0,1.0,0.0,2.0,0.0,3.0,2.0,3.0,0.0,7.0
Unc93b1,11.0,14.0,23.0,88.0,70.0,48.0,34.0,65.0,48.0,11.0,62.0,127.0,55.0,38.0,148.0,80.0,80.0
Uncx,1.0,3.0,5.0,2.0,5.0,12.0,14.0,1.0,8.0,0.0,5.0,12.0,8.0,1.0,10.0,8.0,5.0
Ung,8.0,8.0,13.0,69.0,15.0,47.0,20.0,28.0,16.0,0.0,16.0,72.0,21.0,32.0,23.0,32.0,30.0
Upk1b,0.0,1.0,2.0,1.0,1.0,1.0,4.0,4.0,0.0,0.0,4.0,1.0,0.0,0.0,0.0,1.0,0.0
Upk3b,0.0,1.0,4.0,2.0,1.0,0.0,7.0,1.0,2.0,0.0,0.0,1.0,0.0,0.0,1.0,1.0,1.0
Uri1,7.0,7.0,15.0,94.0,32.0,46.0,22.0,49.0,32.0,4.0,31.0,62.0,31.0,38.0,39.0,39.0,46.0
Urm1,4.0,2.0,4.0,11.0,7.0,5.0,6.0,2.0,2.0,2.0,9.0,21.0,12.0,11.0,12.0,19.0,15.0
Usp14,43.0,24.0,48.0,155.0,104.0,71.0,82.0,101.0,54.0,2.0,59.0,191.0,101.0,104.0,112.0,158.0,148.0
Usp18,28.0,11.0,61.0,35.0,3.0,23.0,74.0,108.0,62.0,14.0,19.0,75.0,50.0,30.0,30.0,73.0,15.0
Usp2,22.0,3.0,6.0,13.0,19.0,24.0,20.0,26.0,17.0,0.0,12.0,138.0,20.0,41.0,37.0,32.0,37.0
Usp22,11.0,25.0,22.0,134.0,50.0,77.0,42.0,74.0,62.0,1.0,46.0,116.0,41.0,42.0,88.0,92.0,97.0
Usp25,172.0,164.0,203.0,457.0,349.0,278.0,310.0,319.0,316.0,23.0,160.0,679.0,376.0,340.0,417.0,410.0,340.0
Usp3,37.0,48.0,41.0,201.0,116.0,119.0,76.0,107.0,99.0,11.0,75.0,166.0,90.0,98.0,141.0,160.0,113.0
Usp32,38.0,54.0,75.0,177.0,123.0,126.0,108.0,105.0,156.0,18.0,78.0,168.0,109.0,83.0,155.0,143.0,142.0
Usp47,118.0,64.0,87.0,281.0,162.0,186.0,118.0,191.0,109.0,16.0,131.0,326.0,171.0,182.0,241.0,319.0,272.0
Usp50,3.0,3.0,2.0,7.0,2.0,2.0,6.0,4.0,4.0,0.0,3.0,5.0,3.0,1.0,1.0,3.0,6.0
Usp54,12.0,12.0,8.0,36.0,21.0,29.0,18.0,14.0,26.0,2.0,14.0,41.0,13.0,27.0,33.0,31.0,24.0
Usp7,75.0,61.0,69.0,349.0,134.0,162.0,91.0,205.0,137.0,5.0,109.0,332.0,145.0,162.0,200.0,249.0,229.0
Utp25,6.0,8.0,15.0,57.0,12.0,26.0,21.0,29.0,23.0,1.0,9.0,28.0,18.0,23.0,19.0,32.0,29.0
Utrn,22.0,19.0,25.0,110.0,88.0,86.0,42.0,49.0,80.0,5.0,79.0,153.0,32.0,60.0,97.0,90.0,71.0
Uts2,2.0,4.0,7.0,1.0,3.0,3.0,4.0,1.0,1.0,1.0,3.0,5.0,2.0,1.0,5.0,3.0,3.0
Uts2b,4.0,3.0,6.0,1.0,3.0,3.0,10.0,3.0,3.0,0.0,3.0,4.0,0.0,2.0,4.0,3.0,1.0
Vamp2,39.0,34.0,37.0,128.0,74.0,81.0,56.0,76.0,83.0,13.0,50.0,146.0,64.0,81.0,121.0,145.0,115.0
Vamp3,100.0,92.0,76.0,233.0,228.0,152.0,148.0,127.0,166.0,10.0,106.0,333.0,240.0,180.0,246.0,269.0,242.0
Vangl1,38.0,38.0,22.0,171.0,123.0,91.0,74.0,84.0,62.0,1.0,56.0,206.0,140.0,88.0,112.0,117.0,112.0
Vangl2,5.0,9.0,5.0,103.0,34.0,65.0,18.0,59.0,18.0,1.0,59.0,61.0,31.0,33.0,40.0,35.0,29.0
Vasp,22.0,21.0,48.0,101.0,42.0,27.0,41.0,48.0,39.0,3.0,21.0,83.0,61.0,47.0,60.0,75.0,84.0
Vat1,190.0,169.0,157.0,700.0,399.0,338.0,313.0,270.0,329.0,36.0,251.0,817.0,370.0,348.0,690.0,732.0,496.0
Vav1,25.0,10.0,55.0,117.0,61.0,31.0,74.0,95.0,71.0,18.0,45.0,78.0,52.0,43.0,159.0,131.0,76.0
Vav2,3.0,0.0,2.0,16.0,6.0,5.0,7.0,6.0,6.0,0.0,4.0,17.0,8.0,4.0,15.0,18.0,12.0
Vax1,1.0,1.0,10.0,0.0,0.0,0.0,2.0,1.0,1.0,0.0,0.0,1.0,1.0,0.0,2.0,0.0,4.0
Vax2,0.0,0.0,1.0,6.0,5.0,3.0,6.0,5.0,9.0,1.0,4.0,11.0,0.0,1.0,1.0,3.0,0.0
Vcam1,1.0,1.0,2.0,10.0,1.0,3.0,3.0,8.0,4.0,0.0,8.0,30.0,1.0,1.0,21.0,41.0,31.0
Vcan,58.0,19.0,134.0,271.0,54.0,111.0,164.0,257.0,89.0,12.0,94.0,225.0,136.0,197.0,140.0,434.0,221.0
Vcl,108.0,78.0,119.0,472.0,318.0,165.0,170.0,256.0,136.0,9.0,125.0,627.0,245.0,254.0,404.0,344.0,323.0
Vcp,37.0,51.0,60.0,144.0,87.0,80.0,94.0,99.0,77.0,4.0,38.0,196.0,107.0,119.0,104.0,113.0,127.0
Vdac1,39.0,41.0,44.0,109.0,86.0,79.0,75.0,99.0,78.0,3.0,33.0,209.0,95.0,182.0,81.0,150.0,116.0
Vdac2,42.0,62.0,71.0,179.0,153.0,78.0,112.0,128.0,91.0,8.0,65.0,267.0,158.0,112.0,157.0,193.0,176.0
Vdr,1.0,4.0,5.0,41.0,7.0,18.0,8.0,34.0,8.0,0.0,11.0,19.0,13.0,29.0,7.0,18.0,7.0
Vegfa,423.0,97.0,300.0,314.0,286.0,95.0,352.0,325.0,131.0,114.0,79.0,580.0,203.0,195.0,351.0,497.0,333.0
Vegfb,20.0,28.0,19.0,52.0,61.0,57.0,41.0,37.0,35.0,0.0,54.0,105.0,59.0,31.0,81.0,41.0,56.0
Vegfc,4.0,4.0,6.0,12.0,11.0,4.0,5.0,6.0,3.0,2.0,6.0,14.0,8.0,3.0,16.0,12.0,11.0
Vegfd,30.0,25.0,20.0,131.0,122.0,72.0,34.0,53.0,89.0,0.0,125.0,161.0,44.0,73.0,148.0,226.0,132.0
Vgll2,0.0,0.0,1.0,2.0,0.0,2.0,2.0,0.0,0.0,0.0,2.0,2.0,0.0,3.0,0.0,1.0,0.0
Vhl,12.0,5.0,11.0,20.0,14.0,12.0,5.0,25.0,14.0,0.0,12.0,27.0,12.0,17.0,25.0,25.0,18.0
Vil1,2.0,0.0,4.0,2.0,1.0,0.0,2.0,3.0,1.0,0.0,1.0,3.0,1.0,1.0,1.0,1.0,1.0
Vip,0.0,0.0,3.0,0.0,1.0,0.0,3.0,1.0,0.0,1.0,0.0,0.0,0.0,0.0,1.0,1.0,0.0
Vipas39,1.0,7.0,9.0,26.0,6.0,13.0,5.0,22.0,11.0,0.0,16.0,25.0,15.0,9.0,20.0,21.0,11.0
Vipr1,25.0,12.0,8.0,49.0,34.0,28.0,12.0,31.0,25.0,1.0,10.0,41.0,8.0,25.0,37.0,69.0,44.0
Vipr2,1.0,1.0,7.0,3.0,2.0,0.0,5.0,1.0,1.0,0.0,3.0,4.0,1.0,0.0,2.0,2.0,5.0
Virma,16.0,17.0,16.0,90.0,46.0,49.0,35.0,50.0,57.0,5.0,32.0,86.0,40.0,69.0,54.0,95.0,91.0
Vit,1.0,1.0,8.0,1.0,2.0,4.0,2.0,2.0,3.0,0.0,1.0,5.0,3.0,1.0,4.0,2.0,7.0
Vldlr,39.0,4.0,23.0,33.0,54.0,16.0,27.0,28.0,18.0,11.0,12.0,184.0,20.0,45.0,53.0,95.0,76.0
Vps13a,20.0,46.0,20.0,114.0,81.0,89.0,45.0,63.0,86.0,4.0,55.0,131.0,67.0,68.0,87.0,80.0,81.0
Vps25,57.0,77.0,51.0,241.0,182.0,136.0,99.0,106.0,144.0,4.0,101.0,267.0,176.0,146.0,199.0,228.0,201.0
Vps26b,4.0,7.0,7.0,32.0,9.0,16.0,18.0,10.0,19.0,0.0,9.0,33.0,14.0,18.0,22.0,15.0,17.0
Vps28,29.0,30.0,38.0,158.0,77.0,77.0,50.0,69.0,89.0,7.0,65.0,155.0,77.0,72.0,131.0,124.0,120.0
Vps51,32.0,24.0,44.0,162.0,122.0,126.0,54.0,97.0,80.0,7.0,58.0,190.0,90.0,84.0,130.0,163.0,124.0
Vps54,17.0,21.0,29.0,98.0,25.0,54.0,29.0,57.0,40.0,5.0,24.0,73.0,44.0,53.0,48.0,70.0,67.0
Vps72,6.0,3.0,16.0,54.0,19.0,41.0,19.0,26.0,15.0,3.0,21.0,65.0,14.0,30.0,42.0,52.0,40.0
Vps9d1,6.0,2.0,8.0,52.0,11.0,30.0,16.0,23.0,31.0,2.0,24.0,35.0,19.0,25.0,27.0,40.0,22.0
Vsig1,1.0,1.0,5.0,1.0,0.0,1.0,5.0,0.0,0.0,0.0,1.0,0.0,1.0,0.0,0.0,0.0,1.0
Vsir,24.0,13.0,48.0,82.0,68.0,20.0,72.0,41.0,64.0,10.0,64.0,101.0,36.0,49.0,138.0,109.0,70.0
Vstm2a,2.0,5.0,8.0,3.0,7.0,1.0,13.0,1.0,1.0,0.0,9.0,5.0,3.0,4.0,4.0,7.0,2.0
Vstm4,34.0,69.0,28.0,269.0,142.0,151.0,88.0,114.0,99.0,7.0,93.0,373.0,96.0,155.0,233.0,180.0,170.0
Vstm5,38.0,25.0,15.0,106.0,47.0,71.0,18.0,27.0,45.0,2.0,30.0,115.0,48.0,36.0,101.0,74.0,80.0
Vsx1,1.0,2.0,4.0,0.0,3.0,3.0,4.0,2.0,2.0,0.0,2.0,5.0,2.0,0.0,4.0,0.0,5.0
Vsx2,2.0,1.0,9.0,0.0,2.0,3.0,7.0,1.0,1.0,1.0,2.0,1.0,1.0,1.0,2.0,3.0,4.0
Vtcn1,1.0,0.0,4.0,5.0,0.0,2.0,3.0,4.0,0.0,0.0,0.0,2.0,2.0,0.0,0.0,0.0,1.0
Vtn,3.0,1.0,6.0,1.0,6.0,1.0,6.0,6.0,7.0,0.0,8.0,36.0,4.0,11.0,13.0,7.0,8.0
Vwa8,20.0,9.0,30.0,138.0,77.0,53.0,25.0,71.0,52.0,2.0,45.0,161.0,42.0,85.0,81.0,94.0,102.0
Vwf,2.0,5.0,12.0,65.0,60.0,20.0,17.0,14.0,32.0,1.0,28.0,212.0,5.0,11.0,203.0,92.0,77.0
Vxn,0.0,0.0,1.0,1.0,1.0,1.0,4.0,1.0,0.0,0.0,1.0,2.0,0.0,0.0,1.0,0.0,0.0
Wap,5.0,7.0,6.0,5.0,16.0,7.0,16.0,1.0,6.0,2.0,9.0,22.0,10.0,3.0,15.0,3.0,10.0
Wapl,133.0,139.0,118.0,467.0,268.0,339.0,204.0,257.0,302.0,16.0,241.0,492.0,260.0,229.0,296.0,335.0,322.0
Was,4.0,3.0,8.0,16.0,15.0,5.0,16.0,14.0,18.0,1.0,12.0,18.0,10.0,7.0,31.0,15.0,12.0
Washc1,38.0,24.0,23.0,140.0,81.0,74.0,42.0,72.0,70.0,6.0,66.0,134.0,79.0,75.0,121.0,117.0,111.0
Washc2,115.0,92.0,111.0,350.0,282.0,247.0,175.0,196.0,246.0,31.0,227.0,453.0,250.0,172.0,373.0,277.0,282.0
Washc3,3.0,4.0,14.0,15.0,5.0,5.0,8.0,11.0,9.0,0.0,7.0,14.0,2.0,7.0,5.0,8.0,9.0
Washc4,9.0,13.0,19.0,36.0,29.0,20.0,24.0,31.0,20.0,6.0,21.0,46.0,17.0,17.0,23.0,27.0,38.0
Washc5,52.0,35.0,58.0,168.0,114.0,107.0,104.0,78.0,117.0,8.0,87.0,196.0,119.0,94.0,151.0,168.0,149.0
Wasl,36.0,25.0,33.0,82.0,78.0,65.0,51.0,67.0,54.0,4.0,47.0,150.0,54.0,64.0,74.0,80.0,86.0
Wdr34,2.0,0.0,2.0,3.0,1.0,4.0,2.0,4.0,2.0,0.0,1.0,2.0,2.0,3.0,0.0,3.0,6.0
Wdr36,54.0,67.0,64.0,212.0,146.0,107.0,129.0,124.0,112.0,5.0,91.0,244.0,163.0,139.0,155.0,190.0,153.0
Wdr37,4.0,5.0,16.0,35.0,14.0,17.0,12.0,27.0,19.0,5.0,12.0,46.0,13.0,29.0,16.0,29.0,28.0
Wdr4,11.0,15.0,18.0,54.0,14.0,25.0,20.0,28.0,25.0,1.0,28.0,37.0,33.0,25.0,25.0,42.0,37.0
Wdr45,23.0,24.0,25.0,108.0,76.0,84.0,34.0,60.0,63.0,1.0,58.0,154.0,57.0,51.0,105.0,121.0,101.0
Wdr5,63.0,51.0,50.0,158.0,74.0,88.0,66.0,107.0,82.0,5.0,60.0,179.0,145.0,114.0,116.0,137.0,128.0
Wdr59,22.0,13.0,14.0,74.0,47.0,41.0,36.0,45.0,26.0,3.0,25.0,94.0,27.0,36.0,34.0,45.0,62.0
Wdr61,14.0,12.0,19.0,94.0,57.0,46.0,32.0,45.0,35.0,1.0,10.0,103.0,46.0,52.0,45.0,62.0,56.0
Wdr62,4.0,10.0,18.0,45.0,23.0,25.0,7.0,26.0,22.0,0.0,26.0,46.0,13.0,11.0,27.0,30.0,36.0
Wdr82,23.0,48.0,40.0,108.0,71.0,81.0,61.0,87.0,88.0,6.0,55.0,167.0,105.0,99.0,89.0,120.0,87.0
Wdr83,10.0,8.0,10.0,48.0,27.0,25.0,14.0,24.0,16.0,3.0,17.0,49.0,29.0,29.0,26.0,39.0,38.0
Wdtc1,21.0,25.0,23.0,112.0,51.0,62.0,35.0,63.0,33.0,7.0,32.0,115.0,50.0,64.0,68.0,90.0,73.0
Wee1,20.0,16.0,18.0,113.0,57.0,104.0,31.0,38.0,75.0,2.0,40.0,94.0,61.0,63.0,42.0,104.0,88.0
Wfdc18,0.0,2.0,9.0,37.0,1.0,15.0,4.0,16.0,14.0,1.0,1.0,4.0,4.0,7.0,8.0,4.0,2.0
Whrn,5.0,8.0,12.0,93.0,9.0,51.0,10.0,35.0,19.0,2.0,69.0,37.0,20.0,17.0,19.0,23.0,31.0
Wif1,5.0,38.0,15.0,115.0,12.0,85.0,54.0,69.0,63.0,1.0,77.0,92.0,49.0,68.0,10.0,31.0,26.0
Wipf1,5.0,1.0,8.0,39.0,16.0,10.0,16.0,22.0,19.0,1.0,9.0,31.0,11.0,12.0,37.0,37.0,24.0
Wiz,26.0,40.0,34.0,258.0,95.0,154.0,71.0,138.0,106.0,7.0,110.0,234.0,110.0,116.0,135.0,166.0,141.0
Wls,73.0,127.0,66.0,460.0,319.0,334.0,158.0,197.0,210.0,6.0,283.0,497.0,193.0,213.0,392.0,465.0,356.0
Wnt1,0.0,0.0,7.0,0.0,0.0,0.0,2.0,1.0,0.0,0.0,0.0,0.0,1.0,0.0,0.0,0.0,1.0
Wnt10a,67.0,121.0,87.0,272.0,198.0,166.0,135.0,140.0,183.0,1.0,59.0,393.0,290.0,244.0,133.0,169.0,123.0
Wnt10b,0.0,1.0,8.0,31.0,6.0,41.0,5.0,18.0,7.0,0.0,41.0,4.0,4.0,7.0,10.0,7.0,10.0
Wnt11,2.0,2.0,7.0,51.0,6.0,43.0,10.0,66.0,8.0,1.0,76.0,29.0,4.0,7.0,16.0,18.0,11.0
Wnt16,4.0,4.0,7.0,15.0,11.0,15.0,11.0,4.0,14.0,0.0,9.0,20.0,9.0,8.0,10.0,8.0,16.0
Wnt2,0.0,0.0,2.0,0.0,0.0,0.0,0.0,2.0,2.0,0.0,0.0,1.0,0.0,0.0,0.0,4.0,1.0
Wnt2b,3.0,2.0,11.0,7.0,11.0,7.0,9.0,8.0,2.0,0.0,8.0,9.0,8.0,6.0,11.0,13.0,19.0
Wnt3,1.0,2.0,7.0,14.0,5.0,13.0,8.0,2.0,20.0,0.0,3.0,6.0,6.0,11.0,2.0,10.0,2.0
Wnt3a,5.0,10.0,11.0,36.0,35.0,14.0,38.0,11.0,24.0,1.0,6.0,61.0,28.0,19.0,17.0,34.0,24.0
Wnt4,11.0,14.0,9.0,106.0,41.0,63.0,36.0,23.0,44.0,1.0,27.0,76.0,38.0,26.0,35.0,39.0,42.0
Wnt5a,6.0,11.0,8.0,130.0,53.0,80.0,30.0,50.0,23.0,2.0,62.0,99.0,19.0,11.0,38.0,62.0,74.0
Wnt5b,1.0,0.0,3.0,5.0,1.0,5.0,2.0,1.0,1.0,0.0,4.0,5.0,1.0,2.0,5.0,2.0,0.0
Wnt6,3.0,3.0,4.0,65.0,15.0,82.0,8.0,36.0,40.0,1.0,30.0,39.0,9.0,12.0,19.0,13.0,22.0
Wnt7a,2.0,1.0,4.0,2.0,3.0,3.0,4.0,1.0,1.0,0.0,2.0,10.0,4.0,2.0,3.0,5.0,1.0
Wnt7b,10.0,16.0,13.0,29.0,16.0,58.0,26.0,15.0,53.0,0.0,10.0,28.0,30.0,25.0,22.0,29.0,33.0
Wnt8a,1.0,1.0,4.0,3.0,0.0,1.0,1.0,5.0,1.0,0.0,0.0,0.0,1.0,0.0,1.0,0.0,1.0
Wnt8b,0.0,0.0,2.0,1.0,0.0,0.0,3.0,0.0,0.0,0.0,2.0,1.0,0.0,0.0,0.0,0.0,2.0
Wnt9a,7.0,6.0,5.0,22.0,14.0,7.0,9.0,8.0,4.0,0.0,16.0,57.0,10.0,14.0,22.0,24.0,29.0
Wnt9b,0.0,3.0,3.0,0.0,0.0,1.0,1.0,2.0,2.0,0.0,1.0,1.0,1.0,0.0,2.0,2.0,1.0
Wrap53,26.0,34.0,23.0,135.0,80.0,75.0,51.0,79.0,50.0,3.0,66.0,119.0,69.0,56.0,62.0,114.0,96.0
Wrap73,23.0,18.0,18.0,83.0,43.0,58.0,42.0,40.0,49.0,4.0,41.0,105.0,53.0,53.0,65.0,80.0,77.0
Wrnip1,35.0,30.0,36.0,166.0,73.0,89.0,59.0,104.0,68.0,12.0,69.0,189.0,94.0,87.0,120.0,181.0,131.0
Wsb1,51.0,28.0,45.0,103.0,63.0,34.0,66.0,70.0,45.0,10.0,34.0,117.0,55.0,68.0,103.0,108.0,91.0
Wt1,1.0,2.0,11.0,1.0,1.0,1.0,10.0,1.0,1.0,0.0,3.0,1.0,1.0,0.0,4.0,1.0,3.0
Wtip,3.0,1.0,2.0,19.0,9.0,13.0,5.0,6.0,5.0,2.0,9.0,26.0,6.0,7.0,7.0,12.0,6.0
Wwox,31.0,22.0,29.0,163.0,58.0,80.0,54.0,91.0,64.0,4.0,69.0,167.0,58.0,84.0,87.0,141.0,105.0
Wwtr1,31.0,32.0,35.0,166.0,52.0,84.0,51.0,61.0,61.0,3.0,76.0,200.0,64.0,82.0,124.0,140.0,113.0
Xcl1,3.0,4.0,9.0,27.0,13.0,16.0,13.0,3.0,33.0,0.0,10.0,8.0,1.0,10.0,46.0,21.0,5.0
Xcr1,2.0,0.0,13.0,3.0,4.0,4.0,11.0,2.0,34.0,0.0,12.0,3.0,5.0,4.0,5.0,1.0,5.0
Xiap,25.0,34.0,45.0,97.0,49.0,50.0,54.0,70.0,55.0,7.0,36.0,119.0,67.0,72.0,57.0,81.0,65.0
Xist,5.0,3.0,1.0,2.0,7.0,6.0,11.0,2.0,3.0,1.0,10.0,18.0,8.0,2.0,12.0,10.0,11.0
Xkr6,0.0,0.0,5.0,2.0,2.0,1.0,1.0,1.0,3.0,0.0,2.0,2.0,2.0,1.0,6.0,0.0,2.0
Xpa,25.0,23.0,24.0,91.0,63.0,69.0,34.0,60.0,50.0,7.0,60.0,104.0,41.0,38.0,87.0,89.0,76.0
Xpo1,100.0,99.0,126.0,438.0,175.0,216.0,207.0,219.0,201.0,14.0,194.0,409.0,231.0,228.0,226.0,314.0,287.0
Xrcc1,9.0,12.0,16.0,107.0,35.0,54.0,17.0,50.0,35.0,1.0,48.0,77.0,37.0,20.0,64.0,48.0,56.0
Xrcc2,5.0,6.0,16.0,29.0,16.0,20.0,9.0,18.0,6.0,1.0,13.0,25.0,5.0,9.0,13.0,25.0,27.0
Xrcc4,33.0,22.0,39.0,64.0,68.0,37.0,51.0,48.0,47.0,7.0,41.0,108.0,61.0,37.0,71.0,78.0,64.0
Xrcc5,3.0,6.0,4.0,19.0,12.0,9.0,9.0,7.0,5.0,0.0,5.0,13.0,4.0,10.0,7.0,8.0,14.0
Xrcc6,13.0,20.0,17.0,85.0,28.0,47.0,20.0,58.0,41.0,2.0,28.0,102.0,54.0,63.0,58.0,88.0,79.0
Yap1,5.0,8.0,11.0,49.0,15.0,40.0,17.0,27.0,22.0,0.0,8.0,37.0,20.0,28.0,25.0,34.0,22.0
Yars,195.0,172.0,121.0,494.0,364.0,288.0,264.0,244.0,267.0,13.0,258.0,536.0,492.0,311.0,379.0,422.0,331.0
Ybx3,165.0,119.0,129.0,596.0,270.0,426.0,244.0,428.0,336.0,4.0,191.0,643.0,414.0,410.0,395.0,415.0,453.0
Yeats2,10.0,17.0,18.0,82.0,28.0,43.0,17.0,32.0,15.0,2.0,20.0,64.0,31.0,34.0,36.0,60.0,50.0
Yeats4,32.0,23.0,32.0,148.0,61.0,67.0,51.0,71.0,78.0,8.0,30.0,141.0,66.0,87.0,89.0,112.0,85.0
Yes1,15.0,26.0,17.0,89.0,57.0,67.0,46.0,59.0,39.0,0.0,31.0,117.0,54.0,47.0,69.0,75.0,74.0
Yif1a,18.0,10.0,10.0,29.0,13.0,22.0,18.0,23.0,12.0,0.0,18.0,39.0,19.0,22.0,29.0,43.0,27.0
Yipf1,11.0,7.0,13.0,29.0,17.0,24.0,33.0,25.0,12.0,1.0,16.0,41.0,26.0,21.0,41.0,34.0,34.0
Ywhae,492.0,658.0,643.0,2590.0,1192.0,1382.0,1288.0,1230.0,1147.0,84.0,1182.0,2542.0,1578.0,1284.0,1863.0,2012.0,1936.0
Ywhag,304.0,184.0,280.0,719.0,591.0,259.0,357.0,457.0,321.0,40.0,203.0,1100.0,499.0,588.0,568.0,1027.0,728.0
Ywhaz,341.0,470.0,468.0,1205.0,846.0,872.0,893.0,766.0,878.0,40.0,356.0,1504.0,1127.0,838.0,724.0,877.0,831.0
Yy1,87.0,73.0,95.0,323.0,167.0,184.0,135.0,172.0,177.0,19.0,128.0,311.0,175.0,150.0,186.0,258.0,231.0
Zap70,0.0,2.0,4.0,9.0,4.0,3.0,3.0,2.0,5.0,0.0,4.0,5.0,1.0,1.0,3.0,7.0,5.0
Zbp1,40.0,32.0,78.0,53.0,63.0,35.0,109.0,72.0,79.0,4.0,66.0,96.0,76.0,39.0,73.0,107.0,46.0
Zbtb16,46.0,88.0,29.0,157.0,181.0,306.0,108.0,70.0,372.0,3.0,110.0,390.0,268.0,185.0,160.0,188.0,162.0
Zbtb4,9.0,6.0,10.0,34.0,22.0,12.0,18.0,25.0,19.0,0.0,27.0,36.0,21.0,23.0,21.0,32.0,24.0
Zbtb46,8.0,2.0,9.0,13.0,12.0,4.0,10.0,9.0,10.0,1.0,10.0,19.0,6.0,13.0,12.0,23.0,16.0
Zbtb7a,24.0,28.0,28.0,136.0,69.0,87.0,46.0,93.0,59.0,8.0,43.0,154.0,69.0,63.0,75.0,94.0,95.0
Zbtb7b,11.0,8.0,15.0,36.0,9.0,29.0,15.0,21.0,27.0,3.0,8.0,35.0,23.0,25.0,20.0,39.0,22.0
Zbtb8b,0.0,0.0,5.0,2.0,0.0,0.0,2.0,0.0,2.0,0.0,3.0,1.0,1.0,0.0,0.0,0.0,2.0
Zc3h11a,51.0,60.0,78.0,266.0,145.0,149.0,115.0,175.0,141.0,15.0,83.0,298.0,144.0,148.0,185.0,268.0,213.0
Zc3h12a,31.0,19.0,24.0,43.0,62.0,28.0,34.0,40.0,42.0,6.0,21.0,89.0,45.0,41.0,51.0,64.0,52.0
Zc3h14,10.0,15.0,14.0,66.0,30.0,48.0,27.0,42.0,29.0,1.0,32.0,63.0,28.0,20.0,57.0,46.0,36.0
Zc3hc1,27.0,20.0,19.0,56.0,38.0,41.0,41.0,41.0,32.0,3.0,43.0,84.0,61.0,55.0,63.0,49.0,53.0
Zcchc12,0.0,1.0,3.0,3.0,1.0,1.0,0.0,1.0,0.0,0.0,1.0,4.0,2.0,1.0,3.0,2.0,1.0
Zdhhc18,10.0,3.0,17.0,36.0,10.0,12.0,15.0,25.0,9.0,2.0,5.0,48.0,24.0,37.0,17.0,31.0,23.0
Zdhhc2,0.0,3.0,8.0,11.0,11.0,8.0,9.0,6.0,11.0,0.0,9.0,21.0,10.0,9.0,10.0,7.0,10.0
Zdhhc6,17.0,19.0,20.0,128.0,45.0,52.0,38.0,54.0,48.0,4.0,51.0,95.0,56.0,39.0,52.0,65.0,61.0
Zdhhc7,11.0,16.0,14.0,78.0,28.0,33.0,26.0,40.0,27.0,3.0,13.0,92.0,30.0,53.0,36.0,56.0,45.0
Zdhhc8,15.0,14.0,15.0,121.0,36.0,71.0,26.0,57.0,32.0,3.0,46.0,122.0,35.0,67.0,58.0,97.0,68.0
Zeb1,30.0,13.0,18.0,72.0,38.0,27.0,26.0,43.0,26.0,2.0,32.0,121.0,25.0,43.0,92.0,68.0,96.0
Zeb2,11.0,21.0,67.0,118.0,76.0,48.0,82.0,122.0,79.0,22.0,49.0,135.0,43.0,82.0,143.0,107.0,94.0
Zfand2a,52.0,17.0,72.0,56.0,39.0,38.0,67.0,59.0,56.0,9.0,24.0,105.0,49.0,38.0,47.0,65.0,73.0
Zfand2b,27.0,25.0,22.0,125.0,55.0,75.0,47.0,62.0,51.0,5.0,26.0,121.0,72.0,49.0,79.0,117.0,84.0
Zfhx3,9.0,4.0,4.0,39.0,19.0,13.0,10.0,17.0,11.0,2.0,20.0,41.0,9.0,15.0,37.0,42.0,39.0
Zfp106,46.0,34.0,52.0,148.0,92.0,94.0,60.0,111.0,69.0,10.0,71.0,208.0,78.0,101.0,130.0,155.0,152.0
Zfp111,7.0,10.0,12.0,57.0,28.0,33.0,18.0,25.0,26.0,1.0,23.0,55.0,27.0,28.0,35.0,51.0,43.0
Zfp148,27.0,46.0,50.0,179.0,98.0,112.0,64.0,114.0,116.0,4.0,104.0,206.0,71.0,74.0,118.0,113.0,101.0
Zfp219,3.0,4.0,4.0,28.0,6.0,12.0,8.0,8.0,11.0,0.0,5.0,16.0,11.0,20.0,3.0,23.0,10.0
Zfp24,36.0,27.0,31.0,111.0,65.0,53.0,51.0,71.0,73.0,6.0,73.0,151.0,76.0,63.0,87.0,126.0,100.0
Zfp281,72.0,103.0,78.0,159.0,224.0,153.0,117.0,96.0,111.0,20.0,153.0,270.0,190.0,113.0,224.0,152.0,197.0
Zfp42,1.0,0.0,7.0,0.0,0.0,1.0,6.0,2.0,3.0,3.0,2.0,1.0,3.0,0.0,0.0,5.0,0.0
Zfp503,8.0,9.0,12.0,94.0,21.0,41.0,10.0,50.0,32.0,1.0,27.0,92.0,27.0,51.0,36.0,51.0,62.0
Zfp536,3.0,3.0,3.0,6.0,2.0,6.0,2.0,2.0,5.0,8.0,5.0,6.0,3.0,5.0,4.0,5.0,7.0
Zfp57,0.0,2.0,1.0,8.0,5.0,4.0,2.0,4.0,6.0,0.0,3.0,14.0,4.0,2.0,7.0,12.0,9.0
Zfp750,50.0,64.0,50.0,427.0,196.0,214.0,113.0,203.0,133.0,1.0,85.0,377.0,227.0,123.0,252.0,166.0,160.0
Zfp819,2.0,0.0,3.0,0.0,1.0,0.0,6.0,0.0,0.0,0.0,0.0,1.0,0.0,0.0,1.0,1.0,1.0
Zfp979,1.0,0.0,8.0,2.0,1.0,3.0,5.0,6.0,1.0,0.0,2.0,4.0,1.0,5.0,3.0,6.0,2.0
Zfpl1,4.0,1.0,3.0,13.0,1.0,1.0,3.0,3.0,5.0,0.0,0.0,13.0,0.0,5.0,11.0,7.0,5.0
Zfpm2,2.0,0.0,3.0,5.0,8.0,3.0,4.0,0.0,2.0,0.0,2.0,11.0,1.0,3.0,8.0,10.0,2.0
Zfyve9,16.0,12.0,13.0,51.0,45.0,35.0,29.0,24.0,37.0,1.0,19.0,71.0,44.0,34.0,38.0,53.0,37.0
Zic1,4.0,5.0,7.0,47.0,5.0,14.0,13.0,14.0,10.0,0.0,4.0,13.0,12.0,36.0,13.0,69.0,47.0
Zic2,1.0,4.0,3.0,2.0,2.0,0.0,3.0,0.0,0.0,0.0,2.0,2.0,3.0,0.0,3.0,2.0,6.0
Zic3,2.0,0.0,5.0,6.0,0.0,1.0,5.0,2.0,2.0,0.0,3.0,2.0,5.0,2.0,2.0,4.0,2.0
Zic4,1.0,3.0,14.0,21.0,4.0,4.0,12.0,6.0,5.0,0.0,4.0,5.0,3.0,5.0,6.0,11.0,5.0
Zkscan1,19.0,28.0,25.0,105.0,54.0,69.0,42.0,46.0,37.0,6.0,54.0,97.0,40.0,48.0,67.0,69.0,71.0
Zmpste24,54.0,61.0,53.0,175.0,119.0,83.0,92.0,113.0,84.0,11.0,90.0,259.0,131.0,130.0,147.0,212.0,183.0
Zmynd10,5.0,6.0,3.0,7.0,20.0,11.0,15.0,3.0,8.0,0.0,12.0,29.0,15.0,6.0,15.0,6.0,12.0
Zmynd19,4.0,5.0,12.0,34.0,19.0,12.0,17.0,18.0,11.0,2.0,10.0,48.0,13.0,24.0,12.0,25.0,23.0
Zp1,0.0,0.0,2.0,1.0,1.0,4.0,4.0,1.0,0.0,0.0,2.0,2.0,1.0,0.0,0.0,0.0,0.0
Zp3,2.0,0.0,5.0,0.0,0.0,1.0,7.0,1.0,2.0,0.0,1.0,0.0,0.0,1.0,1.0,0.0,1.0
Zscan2,26.0,31.0,13.0,22.0,43.0,36.0,34.0,22.0,25.0,2.0,36.0,61.0,40.0,17.0,42.0,38.0,44.0
Zscan21,20.0,14.0,23.0,97.0,37.0,42.0,22.0,47.0,32.0,3.0,42.0,92.0,27.0,32.0,62.0,62.0,62.0
Zswim5,2.0,3.0,6.0,0.0,1.0,1.0,7.0,3.0,1.0,0.0,2.0,2.0,0.0,2.0,3.0,1.0,1.0
Zswim9,10.0,3.0,5.0,32.0,12.0,18.0,17.0,15.0,5.0,2.0,10.0,19.0,15.0,13.0,24.0,25.0,25.0
Zup1,9.0,5.0,19.0,46.0,16.0,20.0,20.0,43.0,15.0,3.0,22.0,44.0,18.0,25.0,22.0,30.0,28.0
Zyx,9.0,3.0,22.0,58.0,37.0,22.0,34.0,43.0,26.0,3.0,25.0,65.0,27.0,31.0,58.0,60.0,57.0
Zzef1,77.0,94.0,115.0,338.0,225.0,176.0,149.0,156.0,179.0,12.0,168.0,416.0,218.0,237.0,243.0,295.0,275.0
a,0.0,0.0,2.0,14.0,3.0,1.0,6.0,4.0,7.0,0.0,1.0,12.0,7.0,6.0,2.0,2.0,3.0
